"UK-AIR ID","EU Site ID","EMEP Site ID","Site Name","Environment Type","Zone","Start Date","End Date","Latitude","Longitude","Northing","Easting","Altitude (m)","Networks","AURN Pollutants Measured","Site Description"
"UKA00933","GB1375A","","Aberdeen Erroll Park","Urban Background","North East Scotland","2021-10-01","","57.157400","-2.094770","807396.47","394366.05","20","Automatic Urban and Rural Monitoring Network (AURN)","",""
"UKA00513","GB0923A","","Aberdeen Union Street Roadside","Urban Traffic","North East Scotland","2008-01-01","2024-12-31","57.144555","-2.106472","805967.60","393655.92","26","UK Urban NO2 Network","","The monitoring station is within a small self-contained housing located on the north side of the A9013 Union Street, near the junction with Bon Accord Street. This location is within a busy commercial area. The monitoring station is located approximately 3 metres from the kerb."
"UKA00615","GB1057A","","Aberdeen Wellington Road","Urban Traffic","North East Scotland","2016-02-09","","57.133888","-2.094198","804779.00","394397.00","19","Automatic Urban and Rural Monitoring Network (AURN); UK Urban NO2 Network","","This site is situated approximately 2m from the roadside on Wellington Road, Adjacent to 117 Menzies Road, Aberdeen "
"UKA00635","GB1076R","","Ainsdale Dunes and Sands","Rural Background","North West & Merseyside","2016-11-01","","53.587784","-3.075684","410671.59","328891.25","9","UKEAP: National Ammonia Monitoring Network; UKEAP: Precip-Net","",""
"UKA00410","GB0191R","GB0191R","Alice Holt 2","Rural Background","South East","2000-08-03","","51.173573","-0.850113","142220.88","480483.39","119","UKEAP: National Ammonia Monitoring Network","",""
"UKA00086","GB0160R","GB0160R","Allt a'Mharcaidh","Rural Background","Highland","1985-12-29","","57.124167","-3.856667","805223.18","287691.01","366","UKEAP: Acid Gases & Aerosol Network; UKEAP: National Ammonia Monitoring Network; UKEAP: Precip-Net; UKEAP: Rural NO2","",""
"UKA00934","GB1376R","GB1376R","Allt a'Mharcaidh ECN","Rural Background","Highland","1997-04-10","","57.115000","-3.831944","804162.40","289160.20","692.62","UKEAP: National Ammonia Monitoring Network","",""
"UKA00541","GB0996A","","Armagh Roadside","Urban Traffic","Northern Ireland","2009-01-01","","54.353728","-6.654558","505347.21","97683.90","41","Automatic Urban and Rural Monitoring Network (AURN); PAH Digitel (solid phase)","","The monitoring station is within a self-contained, air-conditioned housing at the junction of Railway Street and the A29 Lonsdale Road. The immediate area is residential with commercial and light industrial areas nearby. The monitoring station is located approximately 4.5 metres from the kerb."
"UKA01118","GB1560A","","Ashington Centre","Urban Background","North East","2025-12-22","","55.182956","-1.567043","587715.10","427668.30","39","Automatic Urban and Rural Monitoring Network (AURN)","",""
"UKA00137","GB0031R","GB0031R","Aston Hill","Rural Background","North Wales","1986-06-26","","52.503850","-3.034178","290053.08","329898.90","370","Automatic Urban and Rural Monitoring Network (AURN)","","The monitoring station is within a self-contained, air conditioned housing located in a field on the Welsh-English border. The nearest road is an access-only road for nearby farm buildings and is approximately 400 metres from the monitoring station. The surrounding area is rural and generally open with the nearest trees approximately 50 metres distance from the station."
"UKA00451","GB0048R","GB0048R","Auchencorth Moss","Rural Background","Central Scotland","2003-01-01","","55.792160","-3.242900","656128.11","322165.87","260","Automatic Hydrocarbon Network; Automatic Urban and Rural Monitoring Network (AURN); Black Carbon; Heavy Metals; PAH Deposition; PAH Digitel (solid phase); Particle Size Composition; Rural Automatic Mercury network; TOMPs; UKEAP: Acid Gases & Aerosol Network; UKEAP: MARGA Network; UKEAP: National Ammonia Monitoring Network; UKEAP: Precip-Net; UKEAP: Precip-Net; UKEAP: Rural NO2","","The monitoring station is within a self-contained housing, located in an elevated rural environment, 1.5 kilometres north west of the A701 at Leadburn and 18 kilometres south of Edinburgh city centre."
"UKA00395","GB0174R","GB0174R","Auchincruive","Rural Background","Central Scotland","1999-04-20","","55.477348","-4.564505","623381.99","238018.47","41","UKEAP: National Ammonia Monitoring Network","",""
"UKA01109","GB1551A","","Aylesbury A4157","Urban Traffic","South East","2025-08-11","","51.822161","-0.793884","214414.00","483226.00","84","Automatic Urban and Rural Monitoring Network (AURN)","","The site is located in a residential area on the verge of the A4157 on the outskirts of Aylesbury, with farmland to the north."
"UKA01063","GB1505A","","Ballylinney Church 2","Rural Background","Northern Ireland","2024-09-03","","54.730000","-5.980000","544495.00","143857.00","119","UKEAP: National Ammonia Monitoring Network","",""
"UKA00633","GB1074A","","Ballymena Antrim Road","Urban Traffic","Northern Ireland","2017-04-01","","54.851491","-6.274961","559121.00","125704.00","53","Automatic Urban and Rural Monitoring Network (AURN)","","Roadside monitoring station beside the Antrim Road, located on the east side of the road just south of Lettercreeve. Located in a residential area to the south of Ballymena town centre. The monitoring station is located approximately 3.8 metres from the kerb."
"UKA00503","GB0934A","","Ballymena Ballykeel","Urban Background","Northern Ireland","2007-01-11","","54.861595","-6.250873","560150.05","127317.09","59","Automatic Urban and Rural Monitoring Network (AURN); Black Carbon; PAH Digitel (solid phase)","","The monitoring station is within a self-contained, air-conditioned housing on Orkney Road at the rear of a housing development off of Old Crebilly Road. The surrounding area is urban residential. The monitoring station is approimately 50 metres West of the M2 motorway."
"UKA00959","GB1401R","","Ballynahone Bog","Rural Background","Northern Ireland","2022-01-01","","54.820000","-6.700000","557370.14","98206.42","43","UKEAP: Acid Gases & Aerosol Network; UKEAP: National Ammonia Monitoring Network","","Please note that the location of this site is only reported to 2 decimal places for latitudes and longitude. The location data has a precision of approximately 1 km for latitude and 600 m for longitude."
"UKA00239","GB0390A","","Balquhidder 2","Rural Background","North East Scotland","1994-08-08","","56.356229","-4.356985","720705.54","254465.15","130","UKEAP: Rural NO2","",""
"UKA01087","GB1529A","","Balquhidder 3","Rural Background","North East Scotland","2024-12-23","","56.356224","-4.359012","720709.28","254339.91","130","UKEAP: Precip-Net; UKEAP: Rural NO2","",""
"UKA00353","GB0681A","","Barnsley Gawber","Urban Background","Yorkshire & Humberside","1997-07-07","","53.562920","-1.510436","407478.45","432524.22","100","Automatic Urban and Rural Monitoring Network (AURN); Black Carbon; Non-Automatic Hydrocarbon Network","","The monitoring station is within a free-standing enclosure located on the edge of a sports field surrounded on two sides by residential properties. The site is situated approximately 290 metres from the nearest main road, Wilthorpe Road (A635). The surrounding area comprises of open space and nearby residential premises."
"UKA00574","GB1029A","","Barnstaple A39","Urban Traffic","South West","2013-11-14","","51.074793","-4.041924","132591.00","257048.00","13","Automatic Urban and Rural Monitoring Network (AURN)","","The monitoring station lies within a self-contained air conditioned mobile unit along the roadside of A39 -Eastern Avenue, 1.2 km east of Barnstaple town centre. Located in the vicinity of the Howard Avenue industrial units. The surrounding area comprises residential houses, and some industry. The Whiddon Valley Industrial Estate and the major road A361 lie 100m and 750m to the south east respectively. The monitoring station is located approximately 6 metres from the kerb."
"UKA00660","GB1101A","","Bath A4 Roadside","Urban Traffic","South West","2019-10-24","","51.390922","-2.355030","165825.00","375394.00","27","Automatic Urban and Rural Monitoring Network (AURN); Non-Automatic Hydrocarbon Network; UK Urban NO2 Network","","Roadside monitoring station beside A4 London Road, between Thomas Street and Snow Hill. The monitoring station is located approximately 3 metres from the kerb."
"UKA00383","GB0411A","","Beaghs Burn","Rural Background","Northern Ireland","1999-02-08","","55.086709","-6.174419","584882.88","133716.30","252","UKEAP: National Ammonia Monitoring Network; UKEAP: Precip-Net","",""
"UKA00334","GB0163R","GB0163R","Bedingfield","Rural Background","Eastern","1997-03-07","","52.270506","1.183947","268369.76","617335.09","62","UKEAP: National Ammonia Monitoring Network","",""
"UKA00212","GB0567A","","Belfast Centre","Urban Background","Belfast Metropolitan Urban Area","1992-03-08","","54.599650","-5.928833","529816.59","146337.91","10","Automatic Urban and Rural Monitoring Network (AURN); Black Carbon; Heavy Metals; Non-Automatic Hydrocarbon Network; UKEAP: National Ammonia Monitoring Network","","The monitoring station is within a self-contained, air-conditioned housing located at the junction between Lombard Street and High Street in a pedestrian precinct. The site is approximately 15 metres from the road junction. The surrounding area is built-up and comprises urban retail and business premises typically five-storeys high which create street canyons."
"UKA00594","GB1036A","","Belfast Stockman's Lane","Urban Traffic","Belfast Metropolitan Urban Area","2014-06-07","","54.572586","-5.974944","526975.07","143190.78","9","Automatic Urban and Rural Monitoring Network (AURN)","","The monitoring station is within a self-contained air conditioned mobile unit along the road side of A55 -   Stockman's Lane road, in the south western outskirts of Belfast's city centre, near the northern edge of Musgrave Park. The surrounding area is mainly open to the south. A small residential area surrounds the site from the north. Shane Retail Park lies at 55 meters to the Northeast, and the M1 motorway - 150 meters to the northwest. The monitoring station is located approximately 3.5 metres from the kerb."
"UKA00297","GB0148R","GB0148R","Bickerton Hill","Rural Background","North West & Merseyside","1996-10-04","","53.068290","-2.748550","352601.13","349940.01","197","UKEAP: National Ammonia Monitoring Network","",""
"UKA00625","GB1066A","","Birkenhead Borough Road","Urban Traffic","Birkenhead Urban Area","2016-08-18","","53.388624","-3.024942","388465.66","331931.40","7","Automatic Urban and Rural Monitoring Network (AURN); UK Urban NO2 Network","","Roadside monitoring station beside a dual carriageway section of the A552 Borough Road, approaching the centre of Birkenhead. Located at the end of Lowwood Grove. There are houses on the south side of the road (next to the monitoring station) and a shopping centre on the opposite side. The monitoring station is located approximately 4.2 metres from the kerb."
"UKA00626","GB1067A","","Birmingham A4540 Roadside","Urban Traffic","West Midlands Urban Area","2016-09-06","","52.476145","-1.874978","286475.70","408588.74","109","Automatic Urban and Rural Monitoring Network (AURN); Black Carbon; Non-Automatic Hydrocarbon Network; UK Urban NO2 Network","","Roadside monitoring station beside the A4540 (Watery Lane Middleway) which forms part of Birmingham's ring road. Located at the end of Keeley Street. The monitoring station is located approximately 6.5 metres from the kerb."
"UKA01062","GB1504A","","Birmingham Hall Green","Urban Background","West Midlands Urban Area","2024-09-12","","52.437553","-1.830956","282189.01","411588.80","136","Automatic Urban and Rural Monitoring Network (AURN)","","Urban background location near sports field, in grounds of Fox Hollies Leisure Centre, Hall Green."
"UKA00655","GB1097A","","Birmingham Ladywood","Urban Background","West Midlands Urban Area","2018-06-01","","52.481346","-1.918235","287050.00","405650.00","134","Automatic Urban and Rural Monitoring Network (AURN); Black Carbon; Non-Automatic Hydrocarbon Network; PAH Digitel (solid phase)","",""
"UKA01108","GB1550A","","Birmingham University","Urban Background","West Midlands Urban Area","2025-07-09","","52.455515","-1.928937","284176.00","404926.00","","Automatic Urban and Rural Monitoring Network (AURN)","",""
"UKA00590","GB1032A","","Blackburn Accrington Road","Urban Traffic","North West & Merseyside","2014-05-12","","53.747763","-2.452680","428027.47","370244.69","142","Automatic Urban and Rural Monitoring Network (AURN); UK Urban NO2 Network","","The monitoring station is within a self-contained air conditioned mobile unit along the road side of A679 -Accrington road, in the western outskirts of Blackburn's city centre. Located in the vicinity of Accrington Road Community Centre. The surrounding area comprises residential houses, in an urban environment. The M65 motorway lies 1.5 km to the east. The monitoring station is located approximately 2.5 metres from the kerb."
"UKA01025","GB1467A","","Blackburn Audley Park","Urban Background","North West & Merseyside","2023-09-01","","53.746730","-2.467873","427919.00","369242.00","140","Automatic Urban and Rural Monitoring Network (AURN); Black Carbon","","This is an urban background monitoring station in Audley Park, Blackburn. Surroundings are mostly residential."
"UKA00488","GB0882A","","Blackpool Marton","Urban Background","Blackpool Urban Area","2005-06-14","","53.804890","-3.007175","434758.92","333768.44","16","Automatic Urban and Rural Monitoring Network (AURN)","","The monitoring station is located on school grounds next to playing fields with some nearby residential properties. The station is located approximately 40 metres from the closest road, which is a residential access road. The site is located 260 metres from a major road (A583 Preston New Road)."
"UKA01049","GB1491A","","Blackpool Whitegate Drive","Urban Traffic","Blackpool Urban Area","2024-11-07","","53.810975","-3.033232","435460.60","332062.30","17","Automatic Urban and Rural Monitoring Network (AURN)","","Pavement of Whitegate Drive (A593) where it passes through a residential area of Blackpool. 1.5 km from the coast."
"UKA00946","GB1388R","","Blackwatertown","Rural Background","Northern Ireland","2022-04-01","","54.430000","-6.700000","514021.02","95300.28","19","UKEAP: National Ammonia Monitoring Network","","Please note that the location of this site is only reported to 2 decimal places for latitudes and longitude. The location data has a precision of approximately 1 km for latitude and 600 m for longitude."
"UKA00376","GB0700A","","Bolsover","Urban Background","East Midlands","1999-01-01","","53.246398","-1.297046","372383.58","447004.89","130","PAH Digitel (solid phase)","",""
"UKA00644","GB1086A","","Borehamwood Meadow Park","Urban Background","Eastern","2017-10-01","","51.661229","-0.270550","197243.17","519717.85","89","Automatic Urban and Rural Monitoring Network (AURN)","","Located near a bowling club in a residential part of Borehamwood, Hertfordshire. Surrounded by residential areas and parkland. The nearest road is 137m from the site."
"UKA00429","GB0741A","","Bournemouth","Urban Background","Bournemouth Urban Area","2001-03-05","","50.739570","-1.826744","93343.15","412321.91","30","Automatic Urban and Rural Monitoring Network (AURN)","","The monitoring station is within a self contained air conditioned mobile unit within the grounds of Porchester School. The nearest main road is the A338 Wessex Way approximately 770m from the site. The nearest residential road, Shepherds Way, is 48m from the site."
"UKA00611","GB1053A","","Bradford Mayo Avenue","Urban Traffic","West Yorkshire Urban Area","2015-04-24","","53.771245","-1.759774","430571.56","415930.92","187","Automatic Urban and Rural Monitoring Network (AURN); UK Urban NO2 Network","","Roadside monitoring station in front of houses on the A6177, Mayo Avenue, which forms part of Bradford's ring road. Located in the vicinity of Raymond Street. The monitoring station is located approximately 3 metres from the kerb."
"UKA01090","GB1531A","","Bradford Shipley Airedale Road","Urban Traffic","West Yorkshire Urban Area","2024-12-03","","53.795169","-1.743742","433237.00","416978.00","121","Automatic Urban and Rural Monitoring Network (AURN); Black Carbon","","Roadside monitoring site beside the A650 Shipley Airedale Road, to the east of the city centre. Mixed commercial, industrial and residential surroundings: close to several blocks of flats."
"UKA00969","GB1411A","","Braunton Burrows","Rural Background","South West","2023-04-26","","51.107744","-4.210945","136597.27","245318.50","9","UKEAP: National Ammonia Monitoring Network; UKEAP: Precip-Net","",""
"UKA00483","GB0860A","","Brighton Preston Park","Urban Background","Brighton/Worthing/Littlehampton","2004-11-03","","50.840836","-0.147572","106224.60","530523.94","10","Automatic Urban and Rural Monitoring Network (AURN)","","The monitoring station is located inside the Pavilion Building within Preston Park. The nearest road is London Road (A23), which is approximately 190m from the monitoring station. The manifold inlet is located on the roof of the pavilion building. The surrounding area is open urban parkland and comprises of public playing fields and recreational areas with a few mature trees within 5-10 metres of the monitoring station."
"UKA01116","GB1558A","","Bristol Patchway","Urban Background","Bristol Urban Area","2025-11-12","","51.529672","-2.586420","181359.00","359417.00","","Automatic Urban and Rural Monitoring Network (AURN)","","The monitoring station is sited on a grass area on corner of residential road in a housing estate in the Patchway area of Bristol."
"UKA00494","GB0884A","","Bristol St Paul's","Urban Background","Bristol Urban Area","2006-06-15","","51.462839","-2.584482","173925.03","359492.10","15","Automatic Urban and Rural Monitoring Network (AURN); PAH Digitel (solid phase)","","The monitoring station is located within a self contained, air conditioned unit within the car park of a day nursery. The monitoring station is approximately 30 metres south east of Wilder Street, a lightly trafficked urban back street. The surrounding area is primarily residential, with some commercial premises in the immediate vicinity. "
"UKA00631","GB1072A","","Bristol Temple Way","Urban Traffic","Bristol Urban Area","2017-04-01","","51.457968","-2.583975","173383.00","359523.00","13","Automatic Urban and Rural Monitoring Network (AURN); UK Urban NO2 Network","","Roadside monitoring station beside multi-lane section of the A4044 (Temple Way), a major route in and out of Bristol city centre. Close to a hotel, shops and flats. Located adjacent to Champion Square. The monitoring station is located approximately 5 metres from the kerb."
"UKA00405","GB0180R","GB0180R","Brompton","Rural Background","Yorkshire & Humberside","2000-05-04","","54.383659","-1.401785","498849.96","438950.01","56","UKEAP: National Ammonia Monitoring Network","",""
"UKA00369","GB0113R","GB0113R","Brown Moss 2","Rural Background","West Midlands","1998-05-01","","52.946771","-2.652058","339019.77","356282.52","109","UKEAP: National Ammonia Monitoring Network","",""
"UKA00641","GB0047R","","Bure Marshes","Rural Background","Eastern","2016-11-02","","52.692369","1.452620","316114.11","633416.75","3","UKEAP: National Ammonia Monitoring Network; UKEAP: Precip-Net","",""
"UKA00636","GB1077R","","Burnham Beeches","Rural Background","South East","2016-11-01","","51.551800","-0.637822","184535.83","494542.70","59","UKEAP: National Ammonia Monitoring Network","",""
"UKA00652","GB1094A","","Burton-on-Trent Horninglow","Urban Background","West Midlands","2018-02-01","","52.821050","-1.635718","324897.00","424646.00","46","Automatic Urban and Rural Monitoring Network (AURN)","",""
"UKA00598","GB1040A","","Bury Whitefield Roadside","Urban Traffic","Greater Manchester Urban Area","2014-07-11","","53.559029","-2.293772","406974.42","380637.36","102","Automatic Urban and Rural Monitoring Network (AURN); Non-Automatic Hydrocarbon Network; UK Urban NO2 Network","","The monitoring station is within a self-contained air conditioned mobile unit within the fenced grounds of St Bernadettes Roman Catholic Primary School, on the road side of A56 -Manchester road. The surrounding area comprises residential houses, in an urban environment. The monitoring station is located approximately 8 metres from the kerb."
"UKA00128","GB0033R","GB0033R","Bush Estate","Rural Background","Central Scotland","1986-04-01","","55.862281","-3.205782","663890.62","324629.04","180","Automatic Urban and Rural Monitoring Network (AURN); UKEAP: Acid Gases & Aerosol Network; UKEAP: National Ammonia Monitoring Network","","The monitoring station is located within a self-contained, air conditioned housing located within the grounds of the Institute of Terrestrial Ecology some 10 kilometres south of the centre of Edinburgh. The nearest road is a quiet rural road approximately 50 metres north of the station. The A702 is approximately 450 metres west of the site. The surrounding area is generally open with trees located within the vicinity approximately 40 metres from the monitoring station. "
"UKA00954","GB1396R","","Caddy Rd","Rural Background","Northern Ireland","2022-04-01","","54.800000","-6.320000","553574.05","122461.11","44","UKEAP: National Ammonia Monitoring Network","","Please note that the location of this site is only reported to 2 decimal places for latitudes and longitude. The location data has a precision of approximately 1 km for latitude and 600 m for longitude."
"UKA00492","GB0067R","GB0067R","Caenby","Rural Background","East Midlands","2006-02-03","","53.397871","-0.507355","390042.31","499345.77","17","UKEAP: Acid Gases & Aerosol Network; UKEAP: National Ammonia Monitoring Network","",""
"UKA00952","GB1394R","","Caldanagh Bog","Rural Background","Northern Ireland","2022-04-01","","55.020000","-6.400000","578351.39","118863.00","84","UKEAP: National Ammonia Monitoring Network","","Please note that the location of this site is only reported to 2 decimal places for latitudes and longitude. The location data has a precision of approximately 1 km for latitude and 600 m for longitude."
"UKA01115","GB1557A","","Cambridge King's Hedges","Urban Background","Eastern","2025-10-27","","52.230135","0.139191","261258.00","546193.00","","Automatic Urban and Rural Monitoring Network (AURN)","","The site is located in  green space within a residential area on the outskirts of Cambridge, just south of a Science Park."
"UKA00396","GB0726A","","Cambridge Roadside","Urban Traffic","Eastern","1999-06-26","","52.202370","0.124456","258142.42","545279.43","19","Automatic Urban and Rural Monitoring Network (AURN); Non-Automatic Hydrocarbon Network","","The monitoring station is contained within the first floor offices of the City Council on Regent Street. The road is a busy urban street which leads traffic directly to the city centre shopping area. The monitoring station is located approximately 2.5 metres from the kerb."
"UKA00259","GB0636A","","Camden Kerbside","Urban Traffic","Greater London Urban Area","1996-05-16","","51.544233","-0.175228","184392.96","526635.31","58","Automatic Urban and Rural Monitoring Network (AURN)","","The monitoring station is located in a self contained, air conditioned cabin on the north side of the Swiss Cottage Junction on the A41 (Finchley Road). The site is at the southern end of a broad street canyon, the road is often congested. Pedestrian traffic is also high. The surrounding area mainly consists of shops and offices. The site is part of the London Air Quality Network and is owned and funded by the London Borough of Camden. The monitoring station is located approximately 1 metre from the kerb."
"UKA00623","GB1064A","","Cannock A5190 Roadside","Urban Traffic","West Midlands","2016-08-10","","52.687298","-1.980821","309956.61","401393.54","182","Automatic Urban and Rural Monitoring Network (AURN)","","Roadside monitoring station beside A5190 Cannock Road near junction with Newlands Lane, Cannock. The monitoring station is located approximately 5.7 metres from the kerb."
"UKA00217","GB0580A","","Cardiff Centre","Urban Background","Cardiff Urban Area","1992-05-12","","51.481780","-3.176250","176525.75","318416.22","12","Automatic Urban and Rural Monitoring Network (AURN); Black Carbon","","The monitoring station is located within a self-contained, air-conditioned housing located within a pedestrianised area. The nearest road, the A4161 North Road is approximately 200 metres to the west of the station and is subject to periodic congestion during peak periods. The surrounding area comprises retail and business premises."
"UKA00452","GB0869A","","Cardiff Lakeside","Urban Background","Cardiff Urban Area","2003-01-01","","51.512406","-3.169336","179924.02","318950.74","43","PAH Digitel (solid phase); TOMPs","",""
"UKA00653","GB1095A","","Cardiff Newport Road","Urban Traffic","Cardiff Urban Area","2018-04-01","","51.490960","-3.152305","177520.00","320095.00","8","Automatic Urban and Rural Monitoring Network (AURN); UK Urban NO2 Network","","Roadside monitoring station beside A4161 Newport Road, situated at the end of Richards Terrace. The monitoring station is located approximately 7 metres from the kerb."
"UKA00321","GB0158R","GB0158R","Cardigan","Rural Background","South Wales","1997-01-15","","52.074405","-4.644893","245084.13","218835.07","17","UKEAP: National Ammonia Monitoring Network","",""
"UKA00384","GB0168R","GB0168R","Carlisle","Rural Background","North West & Merseyside","1999-02-08","","54.889959","-2.830542","555340.14","346823.21","24","UKEAP: National Ammonia Monitoring Network","",""
"UKA00932","GB1374A","","Carlisle Morton A595","Urban Traffic","North West & Merseyside","2021-08-24","","54.885823","-2.964955","554990.46","338195.25","41","Automatic Urban and Rural Monitoring Network (AURN); Non-Automatic Hydrocarbon Network","","Approximately 50m from Morton Community Centre. Enclosure located behind a 2m high listed wall. Located on Wigton Road (A595). The monitoring station is located approximately 8 metres from the kerb."
"UKA00961","GB1403R","","Carradale Distillery","Rural Background","Highland","2022-05-11","","55.567236","-5.510767","635993.07","178742.39","86","UKEAP: Acid Gases & Aerosol Network; UKEAP: National Ammonia Monitoring Network","",""
"UKA00956","GB1398R","","Carrowbane Rd","Rural Background","Northern Ireland","2022-04-01","","54.220000","-6.690000","490636.17","94392.66","219","UKEAP: National Ammonia Monitoring Network","","Please note that the location of this site is only reported to 2 decimal places for latitudes and longitude. The location data has a precision of approximately 1 km for latitude and 600 m for longitude."
"UKA00328","GB0136R","GB0136R","Castle cary","Rural Background","South West","1997-02-20","","51.084714","-2.560684","131860.40","360824.16","36","UKEAP: National Ammonia Monitoring Network","",""
"UKA00939","GB1381R","","Castle Enigan","Rural Background","Northern Ireland","2022-04-01","","54.220000","-6.280000","488936.50","121100.87","82","UKEAP: National Ammonia Monitoring Network","","Please note that the location of this site is only reported to 2 decimal places for latitudes and longitude. The location data has a precision of approximately 1 km for latitude and 600 m for longitude."
"UKA00537","GB0957A","GB0053R","Charlton Mackrell","Rural Background","South West","2008-09-03","","51.056250","-2.683450","128767.68","352195.88","54","Automatic Urban and Rural Monitoring Network (AURN)","","The monitoring station is located within a self contained, air conditioned housing within an open field. The current location is approximately 500 metres west of the original (Somerton) location. The nearest road is approximately 500 metres and is a quiet rural lane.  "
"UKA00553","GB1007A","","Chatham Roadside","Urban Traffic","South East","2010-03-25","","51.374264","0.547970","166992.84","577436.75","80","Automatic Urban and Rural Monitoring Network (AURN); Non-Automatic Hydrocarbon Network; UK Urban NO2 Network","","The monitoring station is within a self-contained, air-conditioned housing located inside school grounds on Rainham Road (A2). The surrounding area is urban residential. The monitoring station is located approximately 4 metres from the kerb."
"UKA01101","GB1543A","","Cheltenham A40 Gloucester Road","Urban Traffic","South West","2025-03-20","","51.896592","-2.113747","222011.10","392269.80","51","Automatic Urban and Rural Monitoring Network (AURN)","","Verge of A40 Gloucester Road through Cheltenham, Gloucestershire. Surroundings mostly residential."
"UKA00515","GB0921A","","Chepstow A48","Urban Traffic","South Wales","2008-01-01","","51.638094","-2.678731","193472.64","353125.50","67","Automatic Urban and Rural Monitoring Network (AURN)","","The monitoring station is located within a self contained air conditioned housing on the north side of the A48 Newport Road at the junction with Hardwick Hill Lane. The surrounding area is open with residential dwellings.  The monitoring station is located approximately 6 metres from the kerb."
"UKA00604","GB1046A","","Chesterfield Loundsley Green","Urban Background","East Midlands","2015-03-01","","53.244131","-1.454946","372039.00","436470.00","98","Automatic Urban and Rural Monitoring Network (AURN); Heavy Metals","","The monitoring station is within a self-contained air conditioned mobile unit within the grounds of Loundsley Green Park. The nearest road is Pennine road, 15 m distant to the south. The site is located in the Northwest outskirts of Chesterfield city centre. The surrounding area comprises residential houses and green areas. The closest highly dense roads are B6150, which lies approx. 450 m to the North, and Ashgate road, 490 m to the west."
"UKA00529","GB0928A","","Chesterfield Roadside","Urban Traffic","East Midlands","2008-03-11","","53.231751","-1.456928","370661.22","436348.56","96","Automatic Urban and Rural Monitoring Network (AURN); Non-Automatic Hydrocarbon Network; UK Urban NO2 Network","","The monitoring station is located within a self-contained air conditioned housing adjacent to property number 461, Chatsworth Road (A619). The surrounding area is predominantly residential with commercial/light industrial properties 400 metres to the east. The monitoring station is located approximately 3 metres from the kerb."
"UKA00614","GB1055R","GB1055R","Chilbolton Observatory","Rural Background","South East","2016-01-11","","51.149617","-1.438228","139078.44","439389.91","78","Automatic Hydrocarbon Network; Automatic Urban and Rural Monitoring Network (AURN); Black Carbon; Heavy Metals; PAH Deposition; PAH Digitel (solid phase); Particle Concentrations and Numbers Network; Rural Automatic Mercury network; UKEAP: Acid Gases & Aerosol Network; UKEAP: MARGA Network; UKEAP: National Ammonia Monitoring Network; UKEAP: Precip-Net; UKEAP: Precip-Net; UKEAP: Rural NO2","","The monitoring station is located approximately 200m SE from the outskirts of Chilbolton Village, in arable farmland."
"UKA01032","GB1474A","","Chippenham Fen","Rural Background","Eastern","2023-03-01","","52.299820","0.410076","269589.96","564434.96","","UKEAP: National Ammonia Monitoring Network","",""
"UKA01031","GB1473A","","Chobham Common","Rural Background","South East","2023-05-04","","51.384375","-0.611494","165950.92","496721.03","","UKEAP: National Ammonia Monitoring Network","",""
"UKA00624","GB1065A","","Christchurch Barrack Road","Urban Traffic","Bournemouth Urban Area","2016-09-01","","50.735454","-1.780888","92894.01","415559.03","3","Automatic Urban and Rural Monitoring Network (AURN); UK Urban NO2 Network","","Roadside monitoring station beside a dual carriageway section of the A35 as it passes through Christchurch, Dorset, adjacent to Christchurch Recreation Ground. The monitoring station is located approximately 3.5 metres from the kerb."
"UKA00953","GB1395R","","Cloughmills","Rural Background","Northern Ireland","2022-04-01","","55.010000","-6.320000","576920.40","123904.19","108","UKEAP: National Ammonia Monitoring Network","","Please note that the location of this site is only reported to 2 decimal places for latitudes and longitude. The location data has a precision of approximately 1 km for latitude and 600 m for longitude."
"UKA00401","GB0177R","GB0177R","Coleraine","Rural Background","Northern Ireland","1999-10-20","","55.028669","-6.619690","580221.89","104895.08","33","UKEAP: National Ammonia Monitoring Network","",""
"UKA00958","GB1400R","","Corramore Rd","Rural Background","Northern Ireland","2022-04-01","","54.780000","-7.040000","554444.48","76065.46","210","UKEAP: National Ammonia Monitoring Network","","Please note that the location of this site is only reported to 2 decimal places for latitudes and longitude. The location data has a precision of approximately 1 km for latitude and 600 m for longitude."
"UKA00592","GB1034A","","Coventry Allesley","Urban Background","Coventry/Bedworth","2014-06-11","","52.411628","-1.560189","279382.74","430013.35","98","Automatic Urban and Rural Monitoring Network (AURN)","","The monitoring station is within a self-contained air conditioned mobile unit located within the grounds of Allesley Park, in the roadside of Buckingham Rise Road. The site is located at approximately 3.4 km west of Coventry's city centre. The surrounding area is mainly open land with the nearest trees occurring within a distance of 45 meters. The nearest major road is the A45, which lies approximately 75 meters to the west."
"UKA00634","GB1075A","","Coventry Binley Road","Urban Traffic","Coventry/Bedworth","2017-04-01","","52.407708","-1.490082","278978.01","434785.14","82","Automatic Urban and Rural Monitoring Network (AURN); UK Urban NO2 Network","","Roadside monitoring station in parkland (Gosford Green) beside Binley Road, a major route in and out of Coventry city centre. The monitoring station is located approximately 6.5 metres from the kerb."
"UKA00657","GB0244A","","Crai Reservoir 2","Rural Background","South Wales","2018-10-24","","51.885449","-3.619594","222005.62","288627.44","310","UKEAP: Precip-Net","",""
"UKA00957","GB1399R","","Creggan","Rural Background","Northern Ireland","2022-04-01","","54.080000","-6.540000","474434.35","103161.76","122","UKEAP: National Ammonia Monitoring Network","","Please note that the location of this site is only reported to 2 decimal places for latitudes and longitude. The location data has a precision of approximately 1 km for latitude and 600 m for longitude."
"UKA00659","GB1100A","","Crewe Coppenhall","Urban Background","North West & Merseyside","2019-10-15","","53.115941","-2.453492","357736.30","369744.10","54","Automatic Urban and Rural Monitoring Network (AURN)","","This urban background site is located in Coppenhall, a residential area in the north of Crewe."
"UKA00819","GB1260A","","Cwmbran Crownbridge","Urban Background","South Wales","2020-10-01","","51.653819","-3.006370","195483.00","330476.00","71","Automatic Urban and Rural Monitoring Network (AURN)","","Urban background monitoring station in the grounds of a school in the Croesyceiliog area of Cwmbran"
"UKA00325","GB0854A","GB0854R","Cwmystwyth","Rural Background","South Wales","1997-01-31","","52.352436","-3.805317","274242.20","277138.14","260","Heavy Metals; UKEAP: Acid Gases & Aerosol Network; UKEAP: National Ammonia Monitoring Network","",""
"UKA00661","GB1102R","GB1102R","Dark Peak","Rural Background","East Midlands","2017-03-31","","53.440022","-1.843862","393705.47","410469.36","506","UKEAP: National Ammonia Monitoring Network","",""
"UKA00630","GB1071A","","Derby St Alkmund's Way","Urban Traffic","East Midlands","2017-01-01","","52.922983","-1.469507","336305.97","435763.02","51","Automatic Urban and Rural Monitoring Network (AURN); UK Urban NO2 Network","","Roadside monitoring station at the edge of Bass's Recreation Ground, beside St Alkmund's Way (a multi-lane section of the A52 which forms part of Derby's ring road). The monitoring station is located approximately 4.5 metres from the kerb."
"UKA01027","GB1469A","","Derby Stockbrook Park","Urban Background","East Midlands","2023-11-24","","52.916059","-1.492166","335524.70","434245.10","75","Automatic Urban and Rural Monitoring Network (AURN); Black Carbon","","This is an urban background monitoring station in Stockbrook Recreation Ground, to the south west of Derby city centre.  Surroundings are mostly residential."
"UKA00499","GB0944A","","Derry Brandywell","Urban Background","Northern Ireland","2006-12-14","","54.992336","-7.332127","579429.87","59103.17","15","PAH Digitel (solid phase)","",""
"UKA00619","GB1060A","","Derry Rosemount","Urban Background","Northern Ireland","2016-03-21","","55.002818","-7.331179","580589.97","59252.77","54","Automatic Urban and Rural Monitoring Network (AURN)","","An urban background monitoring station in parkland, surrounded by residential areas."
"UKA01106","GB1548A","","Derryraine Rd","Rural Background","Northern Ireland","2025-05-27","","54.330000","-6.600000","502476.73","101053.72","118","UKEAP: National Ammonia Monitoring Network","",""
"UKA00970","GB1412A","","Dersingham Bog","Rural Background","Eastern","2023-03-14","","52.833936","0.489613","328809.83","567484.78","12","UKEAP: Precip-Net","",""
"UKA01105","GB1547R","GB1547R","Dersingham Bog West","Rural Background","Eastern","2023-03-01","","52.831352","0.480393","328863.00","567196.00","8","UKEAP: National Ammonia Monitoring Network","",""
"UKA00481","GB0886A","GB0886R","Detling","Rural Background","South East","2004-10-01","","51.307938","0.582650","159702.59","580109.87","182","Black Carbon; Heavy Metals; UKEAP: Acid Gases & Aerosol Network; UKEAP: National Ammonia Monitoring Network","",""
"UKA00654","GB1096A","","Dewsbury Ashworth Grange","Urban Background","West Yorkshire Urban Area","2018-04-01","","53.693104","-1.637111","421912.00","424060.00","69","Automatic Urban and Rural Monitoring Network (AURN)","","Green space in residential area just north of Dewsbury town centre. Near a care home and nursery school. Originally named 'Dewsbury Ashworth Grove', this was corrected to 'Dewsbury Ashworth Grange' in Sept 2023"
"UKA00612","GB1054A","","Doncaster A630 Cleveland Street","Urban Traffic","Yorkshire & Humberside","2015-05-07","","53.518383","-1.138060","402757.58","457248.42","15","Automatic Urban and Rural Monitoring Network (AURN); UK Urban NO2 Network","","Roadside monitoring station beside the dual carriageway A630 through Doncaster. Close to blocks of flats (Firbeck House). The monitoring station is located approximately 1.5 metres from the kerb."
"UKA01033","GB1475A","","Downton Gorge","Rural Background","West Midlands","2023-02-28","","52.358167","-2.821479","273662.89","344152.01","","UKEAP: National Ammonia Monitoring Network","",""
"UKA00662","GB1103R","GB1103R","Drayton 4","Rural Background","West Midlands","2019-06-19","","52.189800","-1.732840","254651.10","418360.40","43","UKEAP: National Ammonia Monitoring Network","",""
"UKA00550","GB0415A","","Driby 2","Rural Background","East Midlands","2009-10-21","","53.248057","0.081391","374358.73","538973.83","48","UKEAP: Precip-Net; UKEAP: Rural NO2","",""
"UKA00960","GB1402R","","Drumclamph 2","Rural Background","Northern Ireland","2022-04-01","","54.710000","-7.510000","548944.16","45265.50","35","UKEAP: National Ammonia Monitoring Network","","Please note that the location of this site is only reported to 2 decimal places for latitudes and longitude. The location data has a precision of approximately 1 km for latitude and 600 m for longitude."
"UKA00555","GB1008A","","Dumbarton Roadside","Urban Traffic","Central Scotland","2010-09-01","","55.943197","-4.559730","675198.79","240234.67","3","Automatic Urban and Rural Monitoring Network (AURN)","","The monitoring station is within a self-contained, air-conditioned housing located on Glasgow Road near the junction of Leven Street. The surrounding area is open with mixed commercial/light industrial and residential areas. The monitoring station is located approximately 4.6 metres from the kerb."
"UKA00428","GB0740A","","Dumfries","Urban Traffic","Scottish Borders","2001-03-01","","55.070033","-3.614233","576254.03","297019.53","10","Automatic Urban and Rural Monitoring Network (AURN)","","The monitoring station is located in the basement of the council offices, with the sample manifold on an outside mounting near to the main entrance. The sample inlet is 5 metres from Buccleuch Street (A780), a busy ring road round the centre of town 50 metres west of traffic lights. Buccleuch Street contains tall buildings on either side of road, generating a street canyon effect. The site is adjacent to a bus stop."
"UKA00643","GB1085A","","Dundee Mains Loan","Urban Background","North East Scotland","2017-10-01","","56.475434","-2.959861","731892.31","340970.55","84","Automatic Urban and Rural Monitoring Network (AURN)","","Urban background monitoring station by sports fields, near the Dundee International Sports Centre. Open surroundings, nearest major road 120 m from the monitoring site."
"UKA00308","GB0155R","GB0155R","Dunwich Heath","Rural Background","Eastern","1996-11-30","","52.255100","1.618340","268049.58","647049.72","9","UKEAP: National Ammonia Monitoring Network","",""
"UKA00591","GB1033A","","Ealing Horn Lane","Urban Traffic","Greater London Urban Area","2014-05-21","","51.518950","-0.265617","181428.88","520434.38","28","Automatic Urban and Rural Monitoring Network (AURN)","","The monitoring station is within a self-contained air conditioned mobile unit along the roadside of Noel Road Horn Lane, 1 km west of Wormwood Scrubs Park. The surrounding area comprises residential houses, and shops, in an urban environment. Acton Main Line railway station lies approx. 200 meters to the southwest and the major trunk road A40, 210 meters to the east. The monitoring station is located approximately 4 metres from the kerb."
"UKA00546","GB1005A","","Eastbourne","Urban Background","South East","2009-07-01","","50.805778","0.271611","103150.43","560155.21","7","Automatic Urban and Rural Monitoring Network (AURN)","","The monitoring station is within a self-contained, air-conditioned housing located behind the Willingdon Trees Community Centre at the junction of Holly Place and Maywood Avenue. The surrounding area comprises of low level housing and open parkland. The monitoring station is approximately 700 metres from the A22 and 4 kilometres from the coast."
"UKA00649","GB1091A","","Edinburgh Nicolson Street","Urban Traffic","Edinburgh Urban Area","2017-12-01","","55.944760","-3.183991","673046.00","326150.00","85","Automatic Urban and Rural Monitoring Network (AURN); UK Urban NO2 Network","","The site is located on Nicholson Street (A7) 27.5m from the junction with West Nicolson Street, measured to the traffic light stop point. The monitoring station is located approximately 1 metre from the kerb."
"UKA00454","GB0839A","","Edinburgh St Leonards","Urban Background","Edinburgh Urban Area","2003-01-01","","55.945589","-3.182186","673136.49","326264.30","81","Automatic Urban and Rural Monitoring Network (AURN); PAH Digitel (solid phase)","","The monitoring station is located within a self contained air conditioned housing located within a small park area. The park is adjacent to a medical centre car park which is located in the south side of Edinburgh. The nearest main road, Pleasance is approximately 35 metres away. It is a busy main road running into the city centre and out to the A7 South of Edinburgh."
"UKA01086","GB1528A","","Ennerdale","Rural Background","North West & Merseyside","2024-12-05","","54.514018","-3.331996","514007.10","313865.25","125","UKEAP: Precip-Net; UKEAP: Rural NO2","",""
"UKA01028","GB1470A","","Epping Forest","Rural Background","Eastern","2023-03-01","","51.678901","0.073025","199826.95","543423.98","","UKEAP: National Ammonia Monitoring Network","",""
"UKA00130","GB0002R","GB0002R","Eskdalemuir","Rural Background","Scottish Borders","1986-04-23","","55.315310","-3.206111","603021.74","323550.97","255","Automatic Urban and Rural Monitoring Network (AURN); Heavy Metals; UKEAP: Acid Gases & Aerosol Network; UKEAP: National Ammonia Monitoring Network; UKEAP: Precip-Net; UKEAP: Rural NO2","","The monitoring station is located in a self-contained, air-conditioned housing located in a rural setting. The nearest road, the B709, is 300 metres to the east of the monitoring station with very low traffic flow. Trees provide the nearest obstruction approximately 150 metres away to the south. The surrounding area is open and rural."
"UKA00263","GB0640A","","Exeter Roadside","Urban Traffic","South West","1996-07-02","","50.725083","-3.532465","92838.20","291929.04","43","Automatic Urban and Rural Monitoring Network (AURN)","","The monitoring station is within the basement of the existing museum building located at the kerbside near of a busy urban street, Queen Street. Queen Street is a single-carriageway road with high buildings on either side. The surrounding area is urban in nature and comprises of retail and business premises. The monitoring station is located approximately 2 metres from the kerb."
"UKA01097","GB1539A","","Farnborough Cherrywood","Urban Background","South East","2025-03-26","","51.307583","-0.764982","157220.10","486184.10","61","Automatic Urban and Rural Monitoring Network (AURN)","","Green space off Water Lane in Cherrywood area of Farnborough: residential surroundings including a school nearby."
"UKA00291","GB0144R","GB0144R","Fenn's Moss 1","Rural Background","North Wales","1996-09-30","","52.923360","-2.761920","336488.23","348872.87","88","UKEAP: National Ammonia Monitoring Network","",""
"UKA00642","GB1084R","","Fenn's, Whixall and Bettisfield Mosses","Rural Background","North Wales","2016-11-04","","52.925380","-2.756233","336708.90","349257.57","88","UKEAP: Precip-Net","",""
"UKA00606","GB1048A","","Fenny Compton","Rural Background","West Midlands","2014-01-01","","52.166980","-1.389850","252254.62","441829.03","115","Heavy Metals","",""
"UKA00971","GB1413A","","Finglandrigg Woods","Rural Background","North West & Merseyside","2023-03-01","","54.901774","-3.138586","556932.68","327085.98","10","UKEAP: National Ammonia Monitoring Network; UKEAP: Precip-Net","",""
"UKA00103","GB0308A","","Flatford Mill","Rural Background","Eastern","1986-01-14","","51.956200","1.026680","232961.76","608065.70","5","UKEAP: Precip-Net; UKEAP: Rural NO2","",""
"UKA00607","GB1049A","","Forsinard RSPB","Rural Background","Highland","2014-12-09","","58.359874","-3.893460","942825.64","289309.43","70","UKEAP: Acid Gases & Aerosol Network; UKEAP: National Ammonia Monitoring Network; UKEAP: Precip-Net; UKEAP: Rural NO2","",""
"UKA00495","GB0885A","","Fort William","Suburban Background","Highland","2006-06-22","","56.822660","-5.101102","774418.72","210849.73","5","Automatic Urban and Rural Monitoring Network (AURN)","","The monitoring station is located within a self contained unit within the grounds of a sports facility in a residential area. The nearest road is an access road to the sports facilities and hospital and is located approximately 50 metres to the south of the station. The surrounding area is open with residential housing and a body of water to the north of the station.   "
"UKA00335","GB0162R","GB0162R","Fressingfield","Rural Background","Eastern","1997-03-07","","52.333955","1.313997","275822.57","625882.67","53","UKEAP: National Ammonia Monitoring Network","",""
"UKA00593","GB1035A","","Glasgow Great Western Road","Urban Traffic","Glasgow Urban Area","2014-06-05","","55.872038","-4.270936","666651.00","258007.00","","Automatic Urban and Rural Monitoring Network (AURN)","","The monitoring station is within a self-contained air conditioned mobile unit along the roadside of Great Western Road, approx. 150 m distant (to the Northwest) of St George's cross underground metro station. The surrounding area comprises residential houses and business and retail outlets, in an urban environment. The M8 motorway is located approx. 360 m to the South. The monitoring station is located approximately 6 metres from the kerb."
"UKA00602","GB1044A","","Glasgow High Street","Urban Traffic","Glasgow Urban Area","2015-01-27","","55.860936","-4.238214","665348.95","260014.08","35","Automatic Urban and Rural Monitoring Network (AURN); Black Carbon; UK Urban NO2 Network","","The monitoring station is within a self-contained air conditioned mobile unit along the roadside of High Street, in Glasgow's city centre, opposite Burrell's Lane. The surrounding area comprises residential houses and business and retail outlets, in an urban environment. High street railway station lies approximately 200 meters to the southwest. The monitoring station is located approximately 5.5 metres from the kerb."
"UKA00336","GB0657A","","Glasgow Kerbside","Urban Traffic","Glasgow Urban Area","1997-03-10","","55.858940","-4.259122","665169.39","258698.50","10","Automatic Urban and Rural Monitoring Network (AURN); Non-Automatic Hydrocarbon Network","","The monitoring station is within a self-contained, air-conditioned housing located on the pavement of Hope Street adjacent to Glasgow Central Station. The nearest road is subject to frequent congestion during peak traffic flow periods. The surrounding area is built up. The monitoring station is located approximately 1 metre from the kerb."
"UKA00576","GB1028A","","Glasgow Townhead","Urban Background","Glasgow Urban Area","2013-10-07","","55.865782","-4.243631","665899.13","259692.60","40","Automatic Urban and Rural Monitoring Network (AURN); Black Carbon; PAH Digitel (solid phase)","","The monitoring station is within an existing brick building located inside a residential area, which lies in the perimeter established by St Mungo's Avenue and Kennedy Street, in Glasgow's city centre. The surrounding area comprises residential houses, gardens and some businesses, in an urban environment. The M8 motorway is situated approximately 360 m to the North."
"UKA00170","GB0034R","GB0034R","Glazebury","Rural Background","North West & Merseyside","1988-04-01","","53.460080","-2.472056","396029.54","368754.53","21","Automatic Urban and Rural Monitoring Network (AURN); Black Carbon","","The monitoring station is within a self-contained, air conditioned housing located within the grounds of a local farm. The nearest road is access only to the grounds of the farm and is approximately 100 metres from the monitoring station. The nearest trees are at a distance of approximately 3 metres from the station."
"UKA00348","GB0054R","GB0054R","Glensaugh","Rural Background","North East Scotland","1997-05-30","","56.907222","-2.559444","779682.33","366028.50","242","UKEAP: Acid Gases & Aerosol Network; UKEAP: National Ammonia Monitoring Network; UKEAP: Precip-Net; UKEAP: Rural NO2","",""
"UKA01058","GB1500A","","Glenshee Gulabin ","Rural Background","North East Scotland","2024-02-07","","56.814731","-3.459281","770196.99","311011.76","345","UKEAP: National Ammonia Monitoring Network","",""
"UKA00944","GB1386R","","Glenwherry COSMOS","Rural Background","Northern Ireland","2022-04-01","","54.840000","-6.000000","556799.87","143269.33","284","UKEAP: National Ammonia Monitoring Network","","Please note that the location of this site is only reported to 2 decimal places for latitudes and longitude. The location data has a precision of approximately 1 km for latitude and 600 m for longitude."
"UKA01102","GB1544A","","Gloucester Tredworth","Urban Background","South West","2025-04-01","","51.849673","-2.234996","216812.60","383909.70","20","Automatic Urban and Rural Monitoring Network (AURN)","","Grass area on corner of residential road in a housing estate in the Tredworth area of Gloucester."
"UKA00056","GB0003R","GB0003R","Goonhilly","Rural Background","South West","1979-01-01","","50.050611","-5.181545","21570.55","172337.31","108","UKEAP: Acid Gases & Aerosol Network; UKEAP: National Ammonia Monitoring Network; UKEAP: Precip-Net; UKEAP: Rural NO2","",""
"UKA00420","GB0735A","","Grangemouth","Urban Industrial","Central Scotland","2001-01-01","","56.010319","-3.704399","681020.65","293829.88","4","Automatic Urban and Rural Monitoring Network (AURN); Non-Automatic Hydrocarbon Network","","The monitoring station located within a self contained, air conditioned housing within a public park, next to a residential area. It has an open aspect to a BP petro-chemical complex 300m to the north. The nearest road is approximately 50 metres from the station, and is a residential access road. "
"UKA00544","GB0997A","","Grangemouth Moray","Urban Industrial","Central Scotland","2009-06-01","","56.013142","-3.710833","681344.72","293436.55","4","Automatic Urban and Rural Monitoring Network (AURN)","","The monitoring station is located within a self contained, air conditioned unit within the car park of Moray School, Grangemouth. The closest road is approximately 10 metres away and is a minor road. The surrounding area is generally open with residential dwellings. It has an open aspect to a BP petro-chemical complex 800 metres to the East. "
"UKA00621","GB1062A","","Greenock A8 Roadside","Urban Traffic","Central Scotland","2016-05-04","","55.944079","-4.734421","675714.74","229331.50","9","Automatic Urban and Rural Monitoring Network (AURN)","","Roadside monitoring station beside the A8 (East Hamilton Street), approximately 100 m from the Cartsdyke Roundabout. The monitoring station is located approximately 2 metres from the kerb."
"UKA01037","GB1479A","","Hafod-yr-ynys Hill Roadside","Urban Traffic","South Wales","2023-10-01","","51.680493","-3.133516","198578.50","321726.30","153","Automatic Urban and Rural Monitoring Network (AURN); UK Urban NO2 Network","","The monitoring station is within a self-contained air conditioned unit along the road side of A472 Hafod-yr-ynys Road, approximately 100m west of the junction with Gladstone Road and around 250 meters south of Swffryd's town centre. The surrounding area comprises some waste/agricultural lands (to the south). Approximately 380 meters to the southwest, A472 crosses with the A467 The monitoring station is located approximately 3.5 metres from the kerb."
"UKA00260","GB0637A","","Haringey Roadside","Urban Traffic","Greater London Urban Area","1996-05-16","","51.599300","-0.068218","190707.13","533893.52","12","Automatic Urban and Rural Monitoring Network (AURN); Non-Automatic Hydrocarbon Network","","The monitoring station is located within a self contained, air conditioned housing on the kerbside on Tottenham High Road near Hampden Lane. The surrounding area is urban in nature with residential dwellings.  The monitoring station is located approximately 7.7 metres from the kerb."
"UKA01093","GB1534A","","Harrogate Woodlands","Urban Background","Yorkshire & Humberside","2025-01-23","","53.993714","-1.511011","455408.00","432156.00","101","Automatic Urban and Rural Monitoring Network (AURN)","","Small grassed area on corner of two residential roads (Fairfax Avenue and Hargrove Road), in a large housing estate in the Woodlands area of Harrogate. Residential surroundings."
"UKA00645","GB1087A","","Hartlepool St Abbs Walk","Urban Background","North East","2017-10-17","","54.683242","-1.203838","532312.00","451429.00","7","Automatic Urban and Rural Monitoring Network (AURN)","","Urban background monitoring station on grass area in housing estate, in a residential area in the eastern part of Hartlepool. We don't have any suitable pictures of this one, the only pictures we have show it surrounded by security fencing. The nearest road is 6m from the site."
"UKA00507","GB0702A","","Hazelrigg","Rural Background","North West & Merseyside","2007-09-18","","54.013644","-2.775402","457792.99","349286.00","98","PAH Digitel (solid phase); TOMPs","",""
"UKA00461","GB0017R","GB0017R","Heigham Holmes","Rural Background","Eastern","2003-08-21","","52.727150","1.614805","320519.20","644178.70","5","Heavy Metals","",""
"UKA00169","GB0014R","GB0014R","High Muffles","Rural Background","Yorkshire & Humberside","1987-07-16","","54.334497","-0.808820","493868.82","477552.31","267","Automatic Urban and Rural Monitoring Network (AURN); PAH Digitel (solid phase); TOMPs; UKEAP: Acid Gases & Aerosol Network; UKEAP: National Ammonia Monitoring Network; UKEAP: Precip-Net; UKEAP: Rural NO2","","The monitoring station is located within a self-contained, air-conditioned housing located in a clearing in a forest plantation approximately 100 metres from the nearest habitation. The nearest road is a minor rural road approximately 200 metres from the station.  The surrounding area is open and remote."
"UKA00293","GB0138R","GB0138R","Hillsborough","Rural Background","Northern Ireland","1996-09-30","","54.452500","-6.083340","514025.69","135412.69","120","UKEAP: Acid Gases & Aerosol Network; UKEAP: National Ammonia Monitoring Network; UKEAP: Precip-Net; UKEAP: Rural NO2","",""
"UKA00566","GB1017A","","Honiton","Urban Background","South West","2012-06-21","","50.792287","-3.196702","99874.03","315748.63","122","Automatic Urban and Rural Monitoring Network (AURN)","","The monitoring station is located on a small recreation ground in a residential area in the south west of the town. Site is approximately 1km south of the A30 bypass and 1.5 km southwest of the A35."
"UKA00511","GB0916A","","Horley","Suburban Industrial","South East","2007-11-21","","51.165865","-0.167734","142330.91","528206.03","57","Automatic Urban and Rural Monitoring Network (AURN); Particle Concentrations and Numbers Network","","The monitoring station is located within a self contained, air conditioned unit in a residential area approximately 1.5 kilometres from the runway at Gatwick. The nearest main road, the A23 Airport Way is over 100 metres from the station, the M23 is approximately 2.5 kilometres east. The surrounding area is open with residential dwellings. "
"UKA00450","GB0776A","","Hull Freetown","Urban Background","Kingston upon Hull","2002-11-06","","53.748780","-0.341222","429322.05","509481.95","4","Automatic Urban and Rural Monitoring Network (AURN)","","The monitoring station is located within a self-contained, air conditioning housing located on the northern edge of a car park which is situated on the northern edge of the city centre. The nearest road is approximately 3 metres from the station, this is a access road. The A165 is approximately 45 metres south of the monitoring station. Immediately to the east and west are landscaped areas of shrubs and saplings. To the north is a cul-de-sac with office buildings."
"UKA00600","GB1042A","","Hull Holderness Road","Urban Traffic","Kingston upon Hull","2015-01-01","","53.759013","-0.305678","430515.73","511798.47","4","Automatic Urban and Rural Monitoring Network (AURN)","","The monitoring station is within a self-contained air conditioned mobile unit along the roadside of A165 - Holderness Road, in the eastern part of Hull city. Located between Laburnum Avenue and Westcott Street. The surrounding area comprises residential houses and small shops, in an urban environment. A63 major road lies at approximately 1.3 km to the south. The monitoring station is located approximately 3.5 metres from the kerb."
"UKA00647","GB1089A","","Immingham Woodlands Avenue","Urban Background","Yorkshire & Humberside","2017-11-01","","53.619241","-0.213324","415116.00","518277.00","3","Automatic Urban and Rural Monitoring Network (AURN)","","An urban background monitoring station at the junction of Woodlands Avenue and Oaklands Road, in a residential area of Immingham, Humberside. The nearest road, Woodlands Avenue(Residential) is 8.5m from the site."
"UKA00948","GB1390R","","Inch Abbey","Rural Background","Northern Ireland","2022-04-01","","54.340000","-5.730000","500244.16","157642.32","3","UKEAP: National Ammonia Monitoring Network","","Please note that the location of this site is only reported to 2 decimal places for latitudes and longitude. The location data has a precision of approximately 1 km for latitude and 600 m for longitude."
"UKA00637","GB1078R","","Ingleborough","Rural Background","Yorkshire & Humberside","2016-11-01","","54.193454","-2.352220","477578.65","377116.41","374","UKEAP: National Ammonia Monitoring Network; UKEAP: Precip-Net","",""
"UKA00434","GB0742A","","Inverness","Urban Traffic","Highland","2001-07-11","","57.481308","-4.241451","845668.85","265708.85","1","Automatic Urban and Rural Monitoring Network (AURN)","","The monitoring station is located within a self contained, air conditioned housing adjacent to a pathway connecting Telford Street (A862) and Cameron Square Inverness. The surrounding area is predominantly residential with a retail business park 250 metres away. The monitoring station is located approximately 4 metres from the kerb."
"UKA00457","GB1009R","GB0103R","Inverpolly","Rural Background","Highland","2003-02-27","","58.031381","-5.072214","908820.22","218694.91","245","UKEAP: National Ammonia Monitoring Network","",""
"UKA01085","GB1527A","","Kielder Water","Rural Background","North East","2024-12-18","","55.181580","-2.453170","587570.30","371239.80","140","Automatic Urban and Rural Monitoring Network (AURN)","","Rural location near the eastern edge of Kielder Water, Northumberland. Close to the River North Tyne."
"UKA00570","GB1023A","","Kilmakee Leisure Centre","Urban Background","Belfast Metropolitan Urban Area","2012-07-25","","54.543763","-6.008336","523893.04","140850.79","35","Black Carbon; PAH Digitel (solid phase); TOMPs","",""
"UKA00378","GB0705A","","Kinlochleven","Urban Background","Highland","1999-01-01","","56.714447","-4.954345","761983.06","219282.74","40","PAH Digitel (solid phase)","",""
"UKA00171","GB0037R","GB0037R","Ladybower","Rural Background","East Midlands","1988-07-15","","53.403370","-1.752006","389645.10","416585.32","420","Automatic Urban and Rural Monitoring Network (AURN); Black Carbon; UKEAP: Acid Gases & Aerosol Network; UKEAP: National Ammonia Monitoring Network","","The monitoring station is located within a self-contained, air conditioned housing located in the Peak District National Park approximately 800 metres to the south west of Ladybower reservoir. The nearest road is for access to the nearby farm buildings only, and is approximately 20 metres from the station. The surrounding area is mainly open moor land with the nearest trees occurring within a distance of several hundred metres. "
"UKA00265","GB0643A","","Leamington Spa","Urban Background","West Midlands","1996-07-26","","52.288810","-1.533119","265733.01","431942.76","55","Automatic Urban and Rural Monitoring Network (AURN); Non-Automatic Hydrocarbon Network","","The monitoring station is within a self-contained, air conditioned housing located at the rear of a three-storey Regency terrace near the town centre. The nearest road is used for access to the office and public buildings car park located nearby. The nearest urban road is approximately 50 metres from the station and is generally free flowing. There are no trees within 50 metres distance from the monitoring station. The surrounding area is generally built up with commercial and residential properties. "
"UKA00564","GB1018A","","Leamington Spa Rugby Road","Urban Traffic","West Midlands","2012-06-01","","52.294884","-1.542911","266404.37","431270.59","66","Automatic Urban and Rural Monitoring Network (AURN); UK Urban NO2 Network","","The monitoring station is located on the roadside of the busy A445 road to Warwick, in a residential part of Leamington Spa adjacent to Stamford Gardens. The station is surrounded by trees. The monitoring station is located approximately 5 metres from the kerb."
"UKA00222","GB0584A","","Leeds Centre","Urban Background","West Yorkshire Urban Area","1993-01-04","","53.803780","-1.546472","434259.97","429966.54","78","Automatic Urban and Rural Monitoring Network (AURN); Non-Automatic Hydrocarbon Network","","The monitoring station is located within a self-contained, air-conditioned housing located approximately 30 metres from a busy 4-lane inner-city road, the A660 which is subject to periodic congestion during peak periods. The location is approximately 150 metres from an urban motorway, the A58(M). The surrounding area is generally open and comprises a busy urban setting road network."
"UKA00527","GB0926A","","Leeds Headingley Kerbside","Urban Traffic","West Yorkshire Urban Area","2008-02-17","","53.819972","-1.576361","436049.33","427987.34","85","Automatic Urban and Rural Monitoring Network (AURN); UK Urban NO2 Network","","The monitoring Station is located within a self contained, air conditioned housing on the east side of the A660 Headingley Lane. The surrounding area contains residential dwellings and commercial premises. Located between Shire Oak Road and St Michaels Road.  The monitoring station is located approximately 1 metre from the kerb."
"UKA00480","GB0867A","","Leeds Millshaw","Urban Background","West Yorkshire Urban Area","2004-09-30","","53.766109","-1.578622","430055.70","427874.03","48","PAH Digitel (solid phase)","",""
"UKA00609","GB1051A","","Leicester A594 Roadside","Urban Traffic","Leicester Urban Area","2015-06-01","","52.638742","-1.124267","304914.90","459358.37","59","Automatic Urban and Rural Monitoring Network (AURN); UK Urban NO2 Network","","Roadside monitoring station beside the A594 (St Matthews Way), part of Leicester's busy ring road, to the north of the city centre. Located adjacent to Crafton Street East. The monitoring station is located approximately 5 metres from the kerb."
"UKA00573","GB1026A","","Leicester University","Urban Background","Leicester Urban Area","2013-10-01","","52.619904","-1.127182","302817.07","459186.47","83","Automatic Urban and Rural Monitoring Network (AURN)","","The monitoring station is within an existing brick building located within the grounds of Leicester University Campus. The nearest road is Welford road, 20m to the west. The surrounding area is mainly open and comprises a park, a university building, a cemetery and a parking lot, all within a 40 meter radius."
"UKA00489","GB0861A","","Leominster","Suburban Background","West Midlands","2005-07-18","","52.221593","-2.736840","258409.88","349761.46","75","Automatic Urban and Rural Monitoring Network (AURN)","","The monitoring station is located within a self contained, air conditioned housing within the school grounds of Minster College on the southern edge of the town. The nearest road is approximately 40 metres from the station, and is a quiet access road. The immediate area is open with the wider environment consisting of residential dwellings.  "
"UKA00486","GB0881A","GB0052R","Lerwick","Rural Background","Highland","1990-01-16","","60.139220","-1.185319","1139689.93","445350.77","80","Automatic Urban and Rural Monitoring Network (AURN); Ozone / UV","","Monitoring site in the instrument compound of the Met Office observatory near Lerwick."
"UKA00561","GB1014A","","Lincoln Canwick Road","Urban Traffic","East Midlands","2011-07-27","","53.221432","-0.534204","370378.15","497963.31","7","Automatic Urban and Rural Monitoring Network (AURN)","","The monitoring station is located within a self contained housing within the grounds of a building supplies retailer. The station is approximately  2 metres for the A15 Canwick Road, a three lane road. The surrounding area comprises of open parkland to the NE, residential housing to the SW and light industry to the north."
"UKA00972","GB1414A","","Lindisfarne","Rural Background","North East","2023-02-28","","55.683470","-1.844022","643324.06","409963.45","5","UKEAP: National Ammonia Monitoring Network; UKEAP: Precip-Net","",""
"UKA00247","GB0777A","","Liverpool Speke","Urban Industrial","Liverpool Urban Area","1995-11-24","","53.346330","-2.844333","383603.18","343887.26","26","Automatic Urban and Rural Monitoring Network (AURN); Non-Automatic Hydrocarbon Network; PAH Digitel (solid phase)","","The monitoring station is within a self-contained, air-conditioned housing located in a corner of school grounds in a residential area of Speke. The nearest road is approximately 10 metres from the inlet, and is a quiet residential road. The A561 is approximately 140 metres from the station. The surrounding are comprises of residential properties and light industry to the north (approximately 200 metres from the station). Liverpool John Lennon Airport is located approximately 900 metres south of the monitoring station."
"UKA01095","GB1537A","","Liverpool Thirlmere Park","Urban Background","Liverpool Urban Area","2025-01-28","","53.424225","-2.960989","392367.00","336238.00","38","Automatic Urban and Rural Monitoring Network (AURN)","",""
"UKA00268","GB0197R","GB0197R","Llyn Llydaw","Rural Background","North Wales","1996-08-27","","53.074525","-4.034731","354968.43","263784.88","490","UKEAP: National Ammonia Monitoring Network; UKEAP: Precip-Net; UKEAP: Rural NO2","",""
"UKA00270","GB0118R","GB0118R","Llynclys Common","Rural Background","West Midlands","1996-09-01","","52.805607","-3.077145","323661.17","327484.31","163","UKEAP: National Ammonia Monitoring Network","",""
"UKA00411","GB0189R","GB0189R","Loch Awe","Rural Background","Highland","2000-08-07","","56.252931","-5.285974","711569.61","196536.69","69","UKEAP: National Ammonia Monitoring Network","",""
"UKA00107","GB1373R","GB1373R","Loch Dee","Rural Background","Scottish Borders","1986-01-14","","55.071756","-4.400907","577889.31","246800.68","230","UKEAP: National Ammonia Monitoring Network; UKEAP: Precip-Net; UKEAP: Rural NO2","",""
"UKA00238","GB0608A","","London Bexley","Suburban Background","Greater London Urban Area","1994-05-01","","51.466030","0.184806","176381.11","551858.96","13","Automatic Urban and Rural Monitoring Network (AURN)","","The monitoring station is within a self-contained, air conditioned housing within an urban background setting. The monitoring station is located approximately 40 metres from the nearest road, Whitenhall Lane, which is a residential road. The surrounding area is generally open and comprises residential dwellings and gardens."
"UKA00211","GB0566A","","London Bloomsbury","Urban Background","Greater London Urban Area","1992-01-23","","51.522290","-0.125889","182039.31","530118.96","20","Automatic Urban and Rural Monitoring Network (AURN); Non-Automatic Hydrocarbon Network","","The monitoring station is within a self-contained, air conditioned housing located within the north-east corner of a central London gardens. The gardens are generally laid to grass with many mature trees. All four sides of the gardens are surrounded by a busy 2 lane one-way road system, which is subject to frequent congestion. The nearest road lies at a distance of approximately 25 metres from the station. The area in the in the vicinity of the manifold is surrounded by small buildings (lower than height of manifold)."
"UKA00059","GB0849A","","London Brent","Urban Background","Greater London Urban Area","1980-01-01","","51.589769","-0.276223","189287.01","519512.96","25","PAH Digitel (solid phase)","","The monitoring station is within an existing building located within the grounds of a local school. The nearest road is approximately 30 metres from the station with an average daily traffic flow of 8,000 vehicles per day. The manifold inlet is approximately 3 metres above ground level. The surrounding area is generally open and comprises school playing grounds and residential dwellings. There are a number of retail and light industrial units located within the vicinity to the east and west of the monitoring station."
"UKA00370","GB0695A","","London Cromwell Road 2","Urban Traffic","Greater London Urban Area","1998-05-20","","51.495483","-0.178709","178965.73","526528.87","20","UKEAP: National Ammonia Monitoring Network","","The monitoring station is within a self-contained, air conditioned housing located in the southwest corner of the front gardens of the Natural History Museum at a traffic light controlled crossroads. The nearest road, the A4 Cromwell Road is approximately 4 metres from the monitoring station. The traffic flow on Cromwell Road is approximately 53,000 vehicles per day. The manifold inlet is approximately 2 metres above roadside due to the fact that the site has sunken gardens. The surrounding area is generally open. Trees occur within 2 metres distance of the monitoring station."
"UKA01104","GB1546A","","London Farringdon Street","Urban Traffic","Greater London Urban Area","2025-05-02","","51.514741","-0.104522","181238.00","531623.00","30","Automatic Urban and Rural Monitoring Network (AURN); Non-Automatic Hydrocarbon Network","",""
"UKA00568","GB1024A","","London Haringey Priory Park South","Urban Background","Greater London Urban Area","2012-10-26","","51.584128","-0.125254","188917.08","529986.75","37","Automatic Urban and Rural Monitoring Network (AURN)","","The monitoring station is located within the grounds of Priory park. The nearest road is approximately 20 meters from the station and is a quiet residential access road. The station is approximately 150 meters south of the A504 Priory Road. The traffic flow on Priory Road is approximately 27,000 vehicles per day. The manifold inlet is approximately 2.5 meters from the ground."
"UKA00472","GB0837A","","London Harlington","Urban Industrial","Greater London Urban Area","2004-01-01","","51.488790","-0.441614","177800.17","508295.20","35","Automatic Urban and Rural Monitoring Network (AURN)","","The monitoring station is located within a self contained air conditioned housing in the grounds of Imperial College Sports Facility in Harlington, 1 kilometre north of the Heathrow Airport perimeter road. The nearest road is a minor road located approximately 10 metres from the station. The M4 motorway is located approximately 800 metres from the station. The surrounding area is comprised of open fields and residential dwellings. "
"UKA00266","GB0642A","","London Hillingdon","Urban Background","Greater London Urban Area","1996-08-02","","51.496330","-0.460861","178610.41","506941.32","34","Automatic Urban and Rural Monitoring Network (AURN)","","The monitoring station is within a self-contained, air-conditioned housing located on an open grass area approximately 2.5 metres from the kerb of a residential road. The site is bordered on three sides by residential roads and on the fourth by the busy M4 motorway, which is approximately 30 metres from the station and above the height of the inlet. The general area is open and protected from the M4 by trees."
"UKA00656","GB1098A","","London Honor Oak Park","Urban Background","Greater London Urban Area","2018-11-27","","51.449674","-0.037418","174125.19","536472.86","30","Automatic Hydrocarbon Network; Automatic Urban and Rural Monitoring Network (AURN); Black Carbon; Particle Size Composition","",""
"UKA00315","GB0682A","","London Marylebone Road","Urban Traffic","Greater London Urban Area","1997-01-01","","51.522530","-0.154611","182015.36","528125.76","35","Automatic Hydrocarbon Network; Automatic Urban and Rural Monitoring Network (AURN); Black Carbon; Heavy Metals; PAH Digitel (solid phase); Particle Concentrations and Numbers Network; UK Urban NO2 Network","","The monitoring station is located in a self contained air conditioned cabin on Marylebone Road opposite Madame Tussauds. The nearest road, the 6 laned A501 is approximately 1 metre from the station. The road is frequently congested. The surrounding area forms a street canyon and comprises of education buildings, tourist attractions, shops and housing."
"UKA00253","GB0620A","","London N. Kensington","Urban Background","Greater London Urban Area","1996-04-01","","51.521050","-0.213419","181749.53","524050.11","24","Automatic Urban and Rural Monitoring Network (AURN); Black Carbon","","The monitoring station is located within a self contained cabin in the grounds of Sion Manning School. The nearest road, St. Charles Square, is a quiet residential road approximately 5 metres from the station. The surrounding area is mainly residential. The site is part of the London Air Quality Network and is owned and funded by the London Borough of Kensington and Chelsea."
"UKA01100","GB1542A","","London Norbury Manor School","Urban Background","Greater London Urban Area","2025-04-02","","51.410040","-0.127480","169554.00","530327.80","34","Automatic Urban and Rural Monitoring Network (AURN)","","The site is located in the playground of a Primary school in a residential area with playing fields in the surrounding area."
"UKA00572","GB1025A","","London Teddington Bushy Park","Urban Background","Greater London Urban Area","2013-08-09","","51.425286","-0.345606","170884.42","515120.12","11","Automatic Urban and Rural Monitoring Network (AURN); Black Carbon","","Urban background monitoring station in the grounds of NPL on the border of Bushy Park, Teddington. Surrounded by parkland and residential areas."
"UKA00435","GB0743A","","London Westminster","Urban Background","Greater London Urban Area","2001-07-17","","51.494670","-0.131931","178957.15","529778.20","5","Automatic Urban and Rural Monitoring Network (AURN); Heavy Metals","","The monitoring station is located within a self contained housing in the car park of the mortuary and coroner's court. The nearest road is the B323 Horseferry Road approximately 17 metres north of the station. The surrounding area is mixed commercial and residential.  "
"UKA00166","GB0006R","GB0006R","Lough Navar","Rural Background","Northern Ireland","1987-04-02","","54.439510","-7.900328","520945.71","17627.56","130","Automatic Urban and Rural Monitoring Network (AURN); Heavy Metals; UKEAP: Acid Gases & Aerosol Network; UKEAP: National Ammonia Monitoring Network; UKEAP: Precip-Net; UKEAP: Rural NO2","","The monitoring station is within an existing building on a clearing near the edge of a semi-mature forest approximately 90 metres from the nearest minor road. The surrounding area is generally open rural landscape with mature tree woodland within 25 metres of the monitoring station."
"UKA01103","GB1545A","","Loughborough Thorpe Acre","Urban Background","East Midlands","2025-05-12","","52.780359","-1.227659","320588.00","452193.00","37","Automatic Urban and Rural Monitoring Network (AURN)","","The site is located in a green space within a residential area, with an industrial estate to the north."
"UKA00951","GB1393R","","Loughmore River","Rural Background","Northern Ireland","2022-04-01","","54.960000","-7.130000","574867.92","71753.09","147","UKEAP: National Ammonia Monitoring Network","","Please note that the location of this site is only reported to 2 decimal places for latitudes and longitude. The location data has a precision of approximately 1 km for latitude and 600 m for longitude."
"UKA01030","GB1472A","","Lower Derwent Valley","Rural Background","Yorkshire & Humberside","2023-04-14","","53.822500","-0.941389","436766.89","469784.83","","UKEAP: National Ammonia Monitoring Network","",""
"UKA00152","GB0038R","GB0038R","Lullington Heath","Rural Background","South East","1986-10-04","","50.793700","0.181250","101615.71","553828.59","125","Automatic Urban and Rural Monitoring Network (AURN); UKEAP: Acid Gases & Aerosol Network; UKEAP: National Ammonia Monitoring Network; UKEAP: Precip-Net; UKEAP: Rural NO2","","The monitoring station is within a self-contained, air-conditioned housing located on a high plateau surrounded by heath land. The nearest road is approximately 1.5 kilometres distance from the site. The surrounding area is open rural landscape."
"UKA00605","GB1047A","","Luton A505 Roadside","Urban Traffic","Eastern","2015-03-11","","51.892293","-0.462110","222644.00","505927.00","136","Automatic Urban and Rural Monitoring Network (AURN)","","The monitoring station is within a self-contained air conditioned mobile unit along the roadside of Dunstable residential road, approximately 3.2 km North-west of Luton's town centre. Located between Atherstone Road and Leicester Road. The M1 motorway lies 500 meters to the west. The surrounding area comprises residential houses, in an urban environment. The monitoring station is located approximately 3.2 metres from the kerb."
"UKA00397","GB0178R","GB0178R","Lyulphs Tower","Rural Background","North West & Merseyside","1999-07-27","","54.573188","-2.927113","520169.99","340163.03","167","UKEAP: National Ammonia Monitoring Network","",""
"UKA01064","GB1506A","","Maidstone Upper Stone Street","Urban Traffic","South East","2024-12-10","","51.268519","0.526348","155183.00","576337.00","24","Automatic Urban and Rural Monitoring Network (AURN)","","Grass verge beside A229 (Upper Stone Street) through Maidstone, Kent. Mixed commercial, industrial and residential surroundings."
"UKA00974","GB1416A","","Malham Tarn","Rural Background","Yorkshire & Humberside","2023-05-01","","54.099835","-2.163740","467117.05","389389.99","390","UKEAP: National Ammonia Monitoring Network; UKEAP: Precip-Net","",""
"UKA00185","GB0708A","","Manchester Law Courts","Urban Background","Greater Manchester Urban Area","1991-01-01","","53.480800","-2.251980","398260.48","383374.94","36","TOMPs","",""
"UKA00248","GB0613A","","Manchester Piccadilly","Urban Background","Greater Manchester Urban Area","1995-12-18","","53.481520","-2.237881","398337.36","384310.87","57","Automatic Urban and Rural Monitoring Network (AURN); Non-Automatic Hydrocarbon Network","","The monitoring station is within a self contained air conditioned housing in the west-end of central Manchester in a pedestrianised zone approx 3 metres from (electric) tramline. The nearest major road, the A5103 Portland Street is approximately 200 metres from the station. The surrounding area is generally open with commercial property. The site can be exposed to short term pollution events related to nearby food stalls or if events occur in the square."
"UKA00617","GB1058A","","Manchester Sharston","Suburban Industrial","Greater Manchester Urban Area","2016-01-27","","53.371722","-2.238917","386122.30","384201.20","67","Automatic Urban and Rural Monitoring Network (AURN)","","Site located in a field under the north eastern approach to Manchester Airport.  Site is on the Eastern edge of Sharston, 40m from the nearest road and 1.5km from the edge of runway 23."
"UKA01050","GB1492A","","Mansfield Ladybrook","Urban Background","East Midlands","2024-09-17","","53.145302","-1.208302","361198.95","453051.00","120","Automatic Urban and Rural Monitoring Network (AURN)","","Grassed open area in a housing estate, in the Ladybrook area of Mansfield to the west of the city centre. Residential surroundings."
"UKA00962","GB1404A","","Margam Youth Centre","Urban Industrial","Swansea Urban Area","2023-01-01","","51.573158","-3.759472","187499.60","278163.30","","PAH Digitel (solid phase)","","The monitoring equipment is caged in the grounds of a Margam Youth Centre on Groeswen Playing Fields. The site is approximately 40m from the residential properties located on Knights road and around 150m from the A48 which is the nearest main road. The M4 is approximately 500 metres to the north east and the steel works site and associated operations is to the west and south west."
"UKA00638","GB1079R","","May Moss","Rural Background","Yorkshire & Humberside","2016-11-01","","54.350708","-0.647959","495861.04","487976.87","254","UKEAP: National Ammonia Monitoring Network","",""
"UKA00220","GB0583A","","Middlesbrough","Urban Background","Teesside Urban Area","1993-01-01","","54.569297","-1.220874","519620.54","450470.86","10","Automatic Urban and Rural Monitoring Network (AURN); Non-Automatic Hydrocarbon Network; PAH Digitel (solid phase)","","The monitoring station is within a self-contained, air-conditioned housing. The site is located within the grounds of Brekon Hill Community Centre in a residential area approximately 1 kilometre south-east of Middlesbrough town centre. The nearest road is a minor road approximately 5 metres from the station. The A66 and a small fuel refinery are approximately 400 metres to the north. The surrounding area is generally residential and comprises an urban background setting with dockside industry to the north."
"UKA01051","GB1493A","","Middlewich St Michael's Way","Urban Traffic","North West & Merseyside","2024-11-13","","53.194019","-2.447951","366419.90","370169.30","30","Automatic Urban and Rural Monitoring Network (AURN)","","Verge of St Michael's Way in residential area of Middlewich, Cheshire."
"UKA00963","GB1405A","","Milton Keynes Civic Centre","Urban Background","South East","2023-03-01","","52.044076","-0.761013","239133.10","485071.30","113","Automatic Urban and Rural Monitoring Network (AURN)","","Urban background location in gardens of Milton Keynes Civic Centre."
"UKA00941","GB1383R","","Moninea Bog","Rural Background","Northern Ireland","2022-04-01","","54.140000","-7.560000","485870.70","37034.63","56","UKEAP: National Ammonia Monitoring Network","","Please note that the location of this site is only reported to 2 decimal places for latitudes and longitude. The location data has a precision of approximately 1 km for latitude and 600 m for longitude."
"UKA00639","GB1080R","","Monks Wood","Rural Background","Eastern","2016-11-01","","52.400993","-0.238398","279568.42","519947.12","43","UKEAP: National Ammonia Monitoring Network; UKEAP: Precip-Net","",""
"UKA00357","GB0058R","GB0124R","Moorhouse","Rural Background","North West & Merseyside","1997-09-10","","54.690133","-2.376928","532853.05","375800.28","570","UKEAP: Acid Gases & Aerosol Network; UKEAP: National Ammonia Monitoring Network; UKEAP: Precip-Net; UKEAP: Rural NO2","",""
"UKA00935","GB1377R","GB1377R","Mottey Meadows","Rural Background","West Midlands","2021-04-01","","52.713143","-2.242081","312858.97","383743.03","99.37","UKEAP: National Ammonia Monitoring Network","",""
"UKA00356","GB0164R","GB0164R","Myerscough","Rural Background","North West & Merseyside","1997-09-08","","53.852242","-2.766765","439829.32","349657.63","17","UKEAP: National Ammonia Monitoring Network","",""
"UKA00323","GB0043R","GB0043R","Narberth","Rural Background","South Wales","1997-01-20","","51.782616","-4.692370","212758.15","214380.66","160","Automatic Urban and Rural Monitoring Network (AURN); UKEAP: Acid Gases & Aerosol Network; UKEAP: National Ammonia Monitoring Network","","The monitoring station is within a self-contained, air conditioned housing located at the edge of a field adjacent to a hedgerow. A quiet rural road runs to the west of the site at a distance of approximately 150 metres. The nearest main road is the B4314 at a distance of 100 metres from the site. The manifold inlet is approximately 5 metres from the nearest obstruction. The surrounding area is open and comprises fields with a small amount of light industry and farming at distances of up to 0.5 - 1.8 kilometres distance."
"UKA00213","GB0568A","","Newcastle Centre","Urban Background","Tyneside","1992-03-08","","54.978250","-1.610528","564918.47","425026.15","45","Automatic Urban and Rural Monitoring Network (AURN); Black Carbon; Non-Automatic Hydrocarbon Network; PAH Digitel (solid phase)","","The monitoring station is within a self-contained, air-conditioned housing located approximately 20 metres from the B1307 and 180 metres away from a major through road of the city, the B1318 Great North Road. The surrounding area is generally open with a private car park and a grassed area in the immediate vicinity of the monitoring station. "
"UKA00528","GB0927A","","Newcastle Cradlewell Roadside","Urban Traffic","Tyneside","2008-03-10","","54.986405","-1.595362","565831.48","425991.60","42","Automatic Urban and Rural Monitoring Network (AURN); UK Urban NO2 Network","","The monitoring station is located within a self contained, air conditioned housing on the junction of the A1058 dual carriageway,   Jesmond Road and Deuchar Street. The surrounding area comprises of residential and commercial premises.  The monitoring station is located approximately 3 metres from the kerb."
"UKA00380","GB0962A","","Newport","Urban Background","South Wales","1999-01-01","","51.601203","-2.977281","189604.01","332410.02","24","Automatic Urban and Rural Monitoring Network (AURN); Non-Automatic Hydrocarbon Network; PAH Digitel (solid phase)","","The monitoring station is located in a self contained, air conditioned housing in the north-west corner of St Julian's School. The nearest road is the M4, with the station approximately 60 metres south of lane 1 protected by a barrier of trees. Further residential access roads surround the site. The surrounding area is urban residential. "
"UKA01035","GB1477A","","North Walney","Rural Background","","2023-03-01","","54.137417","-3.273967","472036.49","316864.69","9","UKEAP: National Ammonia Monitoring Network","",""
"UKA00269","GB0125R","GB0125R","North Wyke","Rural Background","South West","1996-08-30","","50.768556","-3.903725","98280.49","265850.23","176","UKEAP: National Ammonia Monitoring Network","",""
"UKA00632","GB1073A","","Northampton Spring Park","Urban Background","East Midlands","2017-04-01","","52.272257","-0.916605","264341.81","474021.63","88","Automatic Urban and Rural Monitoring Network (AURN)","","Urban background monitoring station on grass verge at the entrance of Spring Park, Northampton. Surroundings are residential and parkland."
"UKA00549","GB0995A","","Norwich Lakenfields","Urban Background","Eastern","2009-09-01","","52.614823","1.302686","307016.33","623683.15","36","Automatic Urban and Rural Monitoring Network (AURN); Non-Automatic Hydrocarbon Network","","The monitoring station is located within a self D61contained, air conditioned housing approximately 400 metres to the north of the A146 and south of Norwich centre. The nearest road to the station is approximately 10 metres and is a minor road. The surrounding area is residential with some small industry. "
"UKA01092","GB1533A","","Nottingham Bilborough","Urban Background","Nottingham Urban Area","2025-01-22","","52.969102","-1.230107","341582.00","451803.00","86","Automatic Urban and Rural Monitoring Network (AURN)","","Large green area off Morden Close, Bilborough, north west Nottingham. Residential area."
"UKA01048","GB1490A","","Nottingham Kenmore Gardens","Urban Background","Nottingham Urban Area","2024-01-23","","52.959441","-1.138650","340577.10","457958.00","46","Automatic Urban and Rural Monitoring Network (AURN); Non-Automatic Hydrocarbon Network; PAH Digitel (solid phase)","","This is an urban background monitoring station in Kenmore Gardens, a park in the St Anns area of Nottingham, to the north east of the city centre. Surroundings are mostly residential."
"UKA00618","GB1059A","","Nottingham Western Boulevard","Urban Traffic","Nottingham Urban Area","2016-03-01","","52.969377","-1.188851","341643.07","454573.36","43","Automatic Urban and Rural Monitoring Network (AURN); UK Urban NO2 Network","","Site located on the south east side of the A6514, approx. 1m from the kerbside. Located around 80 metres south of Haslemere Road."
"UKA01034","GB1476A","","Old Winchester Hill","Rural Background","South East","2023-04-04","","50.986946","-1.080910","121240.00","464608.01","188","UKEAP: National Ammonia Monitoring Network","",""
"UKA00595","GB1037A","","Oldbury Birmingham Road","Urban Traffic","West Midlands Urban Area","2014-09-01","","52.502436","-2.003497","289392.88","399859.65","151","Automatic Urban and Rural Monitoring Network (AURN); UK Urban NO2 Network","","The monitoring station lies within a cargo container located along the roadside of A457 - Birmingham Road, 850m Southeast of Oldbury town centre. Located adjacent to Blakeley Hall Road. The surrounding area comprises residential houses, shops and some industry. The M5 motorways lies approximately 140 m to the North. The monitoring station is located approximately 6 metres from the kerb."
"UKA00447","GB0193R","GB0193R","Oldmeldrum","Rural Background","North East Scotland","2002-07-30","","57.336296","-2.280387","827342.55","383219.59","126","UKEAP: National Ammonia Monitoring Network","",""
"UKA00258","GB0633A","","Oxford Centre Roadside","Urban Traffic","South East","1996-04-15","","51.751745","-1.257463","206155.28","451354.97","60","Automatic Urban and Rural Monitoring Network (AURN); Non-Automatic Hydrocarbon Network; UK Urban NO2 Network","","The monitoring station is within the basement of the town hall on the A428 St Aldate's, close to the centre of Oxford. The surrounding area is a popular location for tourists and comprises of urban business and commercial properties. The monitoring station is located approximately 2 metres from the kerb."
"UKA00518","GB0920A","","Oxford St Ebbes","Urban Background","South East","2008-01-01","","51.744806","-1.260278","205381.56","451168.47","58","Automatic Urban and Rural Monitoring Network (AURN); Non-Automatic Hydrocarbon Network","","The monitoring station is located within a self contained, air conditioned housing within the grounds of St Ebbe's School, White House Road. The nearest road a minor road approximately 5 metres from the station. The surrounding area comprises of open fields and residential dwellings. "
"UKA00551","GB0998A","","Peebles","Urban Background","Scottish Borders","2009-11-06","","55.657472","-3.196527","641087.92","324814.65","167","Automatic Urban and Rural Monitoring Network (AURN)","","The monitoring station is located within a self contained, air conditioned housing in the Northernmost corner of the Council office grounds, in a residential area of Peebles. The nearest road is a minor road and is within 10 metres of the station. The A703 is approximately 300 metres from the station. The surrounding area is residential in nature. "
"UKA00504","GB0413A","","Percy's Cross","Rural Background","North East","2007-03-22","","55.235677","-2.186631","593512.68","388229.38","170","UKEAP: Precip-Net; UKEAP: Rural NO2","",""
"UKA01088","GB1530A","","Perth Glasgow Road","Urban Traffic","North East Scotland","2025-01-01","","56.388236","-3.478055","722754.00","308843.00","28","Automatic Urban and Rural Monitoring Network (AURN)","",""
"UKA01052","GB1494A","","Peterborough Garton End","Urban Background","Eastern","2024-10-01","","52.594012","-0.248945","301018.98","518709.00","13","Automatic Urban and Rural Monitoring Network (AURN)","","Grass area off Warbon Avenue, Garton End area of Peterborough. Surroundings residential."
"UKA00493","GB0194R","GB0194R","Plas Y Brenin","Rural Background","North Wales","2006-05-17","","53.101798","-3.917932","357786.13","271689.97","186","UKEAP: Acid Gases & Aerosol Network; UKEAP: National Ammonia Monitoring Network","",""
"UKA00360","GB0687A","","Plymouth Centre","Urban Background","South West","1997-09-29","","50.371670","-4.142361","54613.65","247748.49","18","Automatic Urban and Rural Monitoring Network (AURN); PAH Digitel (solid phase)","","The monitoring station is within an existing brick building located in the main pedestrianised shopping area in the city centre. The nearest road, Royal Parade is approximately 140 metres from the station and is a busy urban dual-carriageway. The surrounding area comprises business and retail outlets in an urban environment."
"UKA00629","GB1070A","","Plymouth Tavistock Road","Urban Traffic","South West","2017-01-01","","50.411058","-4.130288","58968.18","248732.46","107","Automatic Urban and Rural Monitoring Network (AURN); UK Urban NO2 Network","","Roadside monitoring station on grass verge on eastern side of Tavistock Road (the A386), a major route into Plymouth. Located around 90 metres north of Plumer Road. The monitoring station is located approximately 6 metres from the kerb."
"UKA00385","GB0170R","GB0170R","Pointon","Rural Background","East Midlands","1999-02-10","","52.866914","-0.325915","331249.35","512789.80","5","UKEAP: National Ammonia Monitoring Network","",""
"UKA00180","GB0337A","","Polloch","Rural Background","Highland","1990-10-16","","56.759708","-5.613202","768950.56","179243.60","30","UKEAP: Acid Gases & Aerosol Network; UKEAP: National Ammonia Monitoring Network; UKEAP: Precip-Net; UKEAP: Rural NO2","",""
"UKA00560","GB1015A","","Pontardawe Brecon Road","Suburban Industrial","Swansea Urban Area","2011-04-01","","51.726513","-3.843442","204696.97","272775.03","53","Heavy Metals","",""
"UKA00557","GB1016A","","Pontardawe Tawe Terrace","Urban Industrial","Swansea Urban Area","2011-01-01","","51.720007","-3.847216","203980.05","272496.07","34","Heavy Metals","",""
"UKA00501","GB0906A","","Port Talbot Margam","Urban Industrial","Swansea Urban Area","2007-01-01","","51.583950","-3.770822","188718.68","277405.85","5","Automatic Urban and Rural Monitoring Network (AURN); Heavy Metals; Non-Automatic Hydrocarbon Network; PAH Digitel (solid phase)","","The monitoring station is within a self-contained, air-conditioned housing located within the grounds of a fire station. The nearest road is approximately 10 metres from the station and is an entrance to the steel works. The nearest main road, A48 Commercial Road, is approximately 115 metres from the station, the M4 is approximately 350 metres to the NW. The surrounding area is open land associated with the steel works and residential dwellings. The monitoring station is located around 150 metres from the steel works boundary fence. "
"UKA00487","GB0130R","GB0130R","Porton Down 2","Rural Background","South West","2005-06-01","","51.144920","-1.682350","138454.09","422316.98","108","UKEAP: National Ammonia Monitoring Network","",""
"UKA00421","GB0733A","","Portsmouth","Urban Background","Portsmouth Urban Area","2001-01-01","","50.828810","-1.068583","103665.77","465695.06","5","Automatic Urban and Rural Monitoring Network (AURN); PAH Digitel (solid phase)","","The monitoring station is located in a self contained, air conditioned housing within the grounds of a primary school in a residential area of Hilsea. The manifold inlet is approximately 3.5 metres high and is approximately 5 metres from the kerbside of the nearest road, Curtis Mead. The A2047, London Road is approximately 120 metres from the station and has a traffic flow of 13,000 vehicles per day. The surrounding area is residential in nature. "
"UKA00651","GB1093A","","Portsmouth Anglesea Road","Urban Traffic","Portsmouth Urban Area","2018-01-01","","50.798339","-1.095558","100254.00","463837.00","6","Automatic Urban and Rural Monitoring Network (AURN); UK Urban NO2 Network","","Roadside monitoring station beside A3 Anglesea Road, at the south west corner of Victoria Park. The monitoring station is located approximately 5.5 metres from the kerb."
"UKA00408","GB0731A","","Preston","Urban Background","Preston Urban Area","2000-06-06","","53.765590","-2.680353","430130.62","355249.54","40","Automatic Urban and Rural Monitoring Network (AURN); PAH Digitel (solid phase)","","The monitoring station is located in a self contained cabin situated on an area of cleared land within a terraced housing development, on the east side of the town centre. The nearest road is approximately 4 metres from the station. This is a minor residential road. The nearest main road is the B6243, Ribbleton Lane approximately 70 metres from the station. The surrounding area is a mixture of residential and commercial properties. "
"UKA00110","GB0332A","","Preston Montford","Rural Background","West Midlands","1986-01-14","","52.724311","-2.841579","314406.13","343258.21","70","UKEAP: Precip-Net","",""
"UKA00173","GB0336A","","Pumlumon","Rural Background","North Wales","1989-01-23","","52.453809","-3.731754","285394.49","282418.20","390","UKEAP: Precip-Net; UKEAP: Rural NO2","",""
"UKA00620","GB1061A","","Reading London Road","Urban Traffic","Reading/Wokingham Urban Area","2016-03-04","","51.454896","-0.940382","173411.72","473721.40","45","Automatic Urban and Rural Monitoring Network (AURN); UK Urban NO2 Network","","This monitoring site is located on the south side of the A4, approx. 3m from the kerb. Located around 100m west of the Sutton Seeds Roundabout."
"UKA00462","GB0840A","","Reading New Town","Urban Background","Reading/Wokingham Urban Area","2003-10-17","","51.453090","-0.944067","173207.18","473468.26","58","Automatic Urban and Rural Monitoring Network (AURN)","","The monitoring station is within a self-contained, air-conditioned housing within a cemetery surrounded by trees. The cemetery occupies a triangular site at the junction of two busy main roads (A4 and A329) to the east of the town centre. The roads are approximately 100 metres from the station. The surrounding area is high density residential dwellings."
"UKA01053","GB1495A","","Reading Rose Kiln Lane","Urban Traffic","Reading/Wokingham Urban Area","2024-11-07","","51.445900","-0.976081","172376.00","471255.00","36","Automatic Urban and Rural Monitoring Network (AURN)","","Verge of Rose Kiln Lane, in a residential area to the south of Reading. Surrounding area includes housing and retail parks."
"UKA00311","GB0154R","GB0154R","Redgrave  Lopham Fens","Rural Background","Eastern","1996-12-02","","52.382053","1.015275","280280.33","605312.40","27","UKEAP: National Ammonia Monitoring Network","",""
"UKA00391","GB1081R","","River Etherow","Rural Background","East Midlands","1999-03-09","","53.486530","-1.814450","398884.19","412409.69","450","UKEAP: Precip-Net","",""
"UKA00251","GB0617A","","Rochester Stoke","Rural Background","South East","1996-01-26","","51.456170","0.634889","176313.73","583157.86","14","Automatic Urban and Rural Monitoring Network (AURN)","","The monitoring station is within a self-contained, air-conditioned housing located on the western boundary of a rural primary school. The nearest main road is approximately 80 metres to the east of the location with a low traffic volume. The area is generally open and rural with young trees within 1 metre to the monitoring station. The Medway estuary and accompanying industy lie approximately 3 kilometres to the west and south."
"UKA00491","GB0107R","GB0107R","Rosemaund","Rural Background","West Midlands","2006-01-04","","52.121398","-2.636255","247200.32","356534.82","83","UKEAP: Acid Gases & Aerosol Network; UKEAP: National Ammonia Monitoring Network","",""
"UKA00275","GB0126R","GB0126R","Rothamsted","Rural Background","Eastern","1996-09-02","","51.806100","-0.360450","213210.95","513138.11","130","UKEAP: Acid Gases & Aerosol Network; UKEAP: National Ammonia Monitoring Network; UKEAP: Precip-Net","",""
"UKA01054","GB1496A","","Rotherham East Dene","Urban Background","Sheffield Urban Area","2024-09-13","","53.436248","-1.323872","393487.00","445015.00","25","Automatic Urban and Rural Monitoring Network (AURN)","","Wide grass verge of Broadway East, a residential road in the East Dene area of Rotherham."
"UKA00975","GB1417A","","Roudsea Wood & Mosses","Rural Background","North West & Merseyside","2023-03-01","","54.236450","-3.024493","482790.03","333323.04","9","UKEAP: National Ammonia Monitoring Network; UKEAP: Precip-Net","",""
"UKA00508","GB0940A","","Royston","Urban Industrial","Yorkshire & Humberside","2007-09-20","","53.600277","-1.439450","411669.22","437193.30","54","PAH Digitel (solid phase)","",""
"UKA00339","GB0660A","","Salford Eccles","Urban Background","Greater Manchester Urban Area","1997-03-20","","53.484810","-2.334139","398729.04","377924.61","30","Automatic Urban and Rural Monitoring Network (AURN); PAH Digitel (solid phase)","","The monitoring station is within a self-contained, air-conditioned housing immediately adjacent to local amenities. The nearest major road to the station is the M602, approximately 250 metres to the north with the A56/A567 200 metres to the east. The surrounding area is generally open and comprised of suburban properties with a chemical plant 350 metres to the south."
"UKA00569","GB1022A","","Saltash Callington Road","Urban Traffic","South West","2013-01-01","","50.411463","-4.227678","59216.12","241814.58","65","Automatic Urban and Rural Monitoring Network (AURN)","","The monitoring station is within a self-contained air conditioned mobile unit within the fenced grounds of Saltash community fire station on Callington Road. The surrounding area comprises residential houses, in an urban environment. The monitoring station is located approximately 2.7 metres from the kerb."
"UKA00973","GB1415A","","Saltfleetby-Theddlethorpe Dunes","Rural Background","East Midlands","2023-03-01","","53.403278","0.210413","391881.96","547046.97","4","UKEAP: National Ammonia Monitoring Network; UKEAP: Precip-Net","",""
"UKA00506","GB1004A","","Scunthorpe Low Santon","Urban Industrial","Yorkshire & Humberside","2007-09-14","","53.595833","-0.597236","411943.31","492936.40","30","Heavy Metals; PAH Digitel (solid phase)","",""
"UKA00381","GB0841A","","Scunthorpe Town","Urban Industrial","Yorkshire & Humberside","1999-01-01","","53.586340","-0.636811","410836.36","490337.58","36","Automatic Urban and Rural Monitoring Network (AURN); Heavy Metals; Non-Automatic Hydrocarbon Network; PAH Digitel (solid phase)","","The monitoring station is within a self-contained, air-conditioned housing located on an open, grass area adjacent to Rowland Road. The nearest major road, Brigg Road (A1029), is approximately 180 metres to the east of the site. The surrounding area is residential and commercial with a large heavy industrial area 400 metres to the east."
"UKA01057","GB1499A","","Seacole Building","Urban Background","Greater London Urban Area","2024-02-05","","51.496600","-0.129640","179176.00","529932.00","10","TOMPs","",""
"UKA00942","GB1384R","","Seekinore","Rural Background","Northern Ireland","2022-04-01","","54.520000","-7.260000","526593.74","59764.73","100","UKEAP: National Ammonia Monitoring Network","","Please note that the location of this site is only reported to 2 decimal places for latitudes and longitude. The location data has a precision of approximately 1 km for latitude and 600 m for longitude."
"UKA00579","GB1031A","","Shaw Crompton Way","Urban Traffic","Greater Manchester Urban Area","2014-04-01","","53.579227","-2.093844","409185.48","393883.99","193","Automatic Urban and Rural Monitoring Network (AURN); UK Urban NO2 Network","","The monitoring station is within a self-contained air conditioned mobile unit along the roadside of A663 - Crompton way, in the vicinity of Shaw and Crompton town centre. Located at the corner of Crompton Street and Provident Street. The railway station lies 400 m to the southeast. The immediate area around the inlet is open with the wider area comprising of residential properties. The monitoring station is located approximately 2.5 metres from the kerb."
"UKA00622","GB1063A","","Sheffield Barnsley Road","Urban Traffic","Sheffield Urban Area","2016-08-01","","53.404950","-1.455815","389930.10","436276.16","82","Automatic Urban and Rural Monitoring Network (AURN); UK Urban NO2 Network","","Roadside monitoring station on grass verge beside the A6135, Barnsley Road, Sheffield. Located adjacent to Earl Marshal Road. The monitoring station is located approximately 4.5 metres from the kerb."
"UKA00575","GB1027A","","Sheffield Devonshire Green","Urban Background","Sheffield Urban Area","2013-10-31","","53.378622","-1.478096","386990.00","434816.00","89","Automatic Urban and Rural Monitoring Network (AURN); Heavy Metals; Non-Automatic Hydrocarbon Network","","The monitoring station is within a self-contained air conditioned mobile unit located next to a skate park, within the grounds of Devonshire Green Park. The nearest road is Eldon Street, 45m to the east. The surrounding area is mainly open land with the nearest tree occurring within a distance of 8 meters."
"UKA00181","GB0538A","","Sheffield Tinsley","Urban Background","Sheffield Urban Area","1990-11-28","","53.410580","-1.396139","390588.34","440238.23","90","Automatic Urban and Rural Monitoring Network (AURN); Heavy Metals; PAH Digitel (solid phase)","","The monitoring station is within a self-contained, air-conditioned housing within the grounds of the Tinsley Community Centre approximately 200 metres east of the M1 motorway. The surrounding area is generally open, with residential areas to the east of the M1 and light industrial premises to the west of the M1."
"UKA01055","GB1497A","","Shrewsbury Underdale","Urban Background","West Midlands","2024-05-16","","52.715083","-2.726833","313295.20","350997.50","59","Automatic Urban and Rural Monitoring Network (AURN); Black Carbon","","Green area off Clive Way in residential Underdale area, in the east of  Shrewsbury."
"UKA00012","GB0039R","GB0039R","Sibton","Rural Background","Eastern","1973-07-01","","52.294400","1.463497","271902.06","636275.79","46","Automatic Urban and Rural Monitoring Network (AURN); UKEAP: National Ammonia Monitoring Network","","The monitoring station is within a self-contained housing located within the grounds of a disused concrete water tower, now a communications tower. The nearest road is approximately 30 metres from the monitoring station and is a quiet rural road. The surrounding area is generally open and comprises fields and mature tree woodlands and hedgerows."
"UKA00940","GB1382R","","Slieve Beagh","Rural Background","Northern Ireland","2022-04-01","","54.360000","-7.160000","508333.66","64922.91","284","UKEAP: National Ammonia Monitoring Network","","Please note that the location of this site is only reported to 2 decimal places for latitudes and longitude. The location data has a precision of approximately 1 km for latitude and 600 m for longitude."
"UKA01091","GB1532A","","Slough Windmill Bath Road","Urban Traffic","South East","2025-01-14","","51.512230","-0.610392","180171.00","496528.00","21","Automatic Urban and Rural Monitoring Network (AURN)","","Roadside monitoring site at the front of the Windmill Care Centre beside the A4 Bath Road through Slough."
"UKA00347","GB0127R","GB0127R","Sourhope","Rural Background","Scottish Borders","1997-05-14","","55.489415","-2.212154","621755.50","386692.39","475","UKEAP: National Ammonia Monitoring Network","",""
"UKA00613","GB1056A","","Southampton A33","Urban Traffic","Southampton Urban Area","2016-01-01","","50.920265","-1.463484","113559.78","437808.99","5","Automatic Urban and Rural Monitoring Network (AURN); UK Urban NO2 Network","","This site is situated approximately 5m from the eastbound carriageway of the A33. Located 200m west of Parkside Avenue."
"UKA00235","GB0598A","","Southampton Centre","Urban Background","Southampton Urban Area","1994-01-04","","50.908173","-1.395757","112251.87","442580.60","7","Automatic Urban and Rural Monitoring Network (AURN); Non-Automatic Hydrocarbon Network; PAH Digitel (solid phase)","","The monitoring station is within a self-contained air-conditioned housing located at a junction of a residential road (Brinton Road) and a six-lane dual carriageway (Northern Road) with periodic congestion during peak traffic flow periods. The manifold inlet is approximately 10 metres from the residential road kerbside, 20 metres from Northern Road. The surrounding area is mainly urban residential."
"UKA01096","GB1538A","","Southend Shoeburyness","Urban Background","Southend Urban Area","2025-03-18","","51.537836","0.792578","185800.00","593765.00","7","Automatic Urban and Rural Monitoring Network (AURN)","","Residential area of Shoeburyness (to the east of Southend) close to school and family centre."
"UKA00409","GB0728A","","Southend-on-Sea","Urban Background","Southend Urban Area","2000-07-24","","51.544166","0.678331","186207.45","585817.38","37","Automatic Urban and Rural Monitoring Network (AURN)","","The monitoring station is within a self-contained air-conditioned housing located near the Information Centre in Chalkwell Park. The manifold is approximately 90 metres west of the nearest minor road, Chalkwell Road, and about 160 metres S from the nearest major road, A13 London Road. The surrounding area in the immediate vicinity of the site is open park with the wider area comprising predominantly of urban residential premises."
"UKA00558","GB1012A","","Southwark A2 Old Kent Road","Urban Traffic","Greater London Urban Area","2011-01-01","","51.480499","-0.059550","177512.01","534844.25","3","Automatic Urban and Rural Monitoring Network (AURN)","","The monitoring station is a roadside cabin on the busy A2, Old Kent Road. It is located in the vicinity of Devonshire Grove and a short distance south-east from the previous Old Kent Road site which closed in 2006. It is hoped that this will provide some continuity in the measurements. To the south of the site is a large open car park. Most of the surrounding area is paved or tarmac surface and there are few trees or plants. The monitoring station is located approximately 2 metres from the kerb."
"UKA00627","GB1068A","","St Helens Linkway","Urban Traffic","Liverpool Urban Area","2016-09-27","","53.451826","-2.742134","395264.00","350812.97","32","Automatic Urban and Rural Monitoring Network (AURN); UK Urban NO2 Network","","Roadside monitoring station beside Linkway (A58) dual carriageway though St Helens, in the vicinity of St Helens College. The monitoring station is located approximately 6.5 metres from the kerb."
"UKA00445","GB0754A","GB0050R","St Osyth","Rural Background","Eastern","2002-05-11","","51.777874","1.049010","213198.47","610430.33","8","Automatic Urban and Rural Monitoring Network (AURN); Black Carbon","","The monitoring station is within a self-contained air-conditioned housing located next to a water pumping station in marshland near Clacton-on-Sea. The manifold inlet is approximately 2 kilometres from the nearest residences in Point Clear. The only road within 2 kilometres is Beach Road, a rural access Road. The surrounding area is open rural and marshland."
"UKA00525","GB0924A","","Stanford-le-Hope Roadside","Urban Traffic","Eastern","2008-01-22","","51.518167","0.439548","182737.17","569358.49","18","Automatic Urban and Rural Monitoring Network (AURN); UK Urban NO2 Network","","The monitoring station is within a self-contained air-conditioned housing located on the south side of the A1014 - The Manorway, at the end of Abbots Hall Chase. The surrounding area is residential with open pastures to the east an oil refinery 2 kilometres away on the Thames estuary. The monitoring station is located approximately 4 metres from the kerb."
"UKA00640","GB1082R","","Stiperstones","Rural Background","West Midlands","2016-11-01","","52.581223","-2.945132","298576.61","336055.77","418","UKEAP: National Ammonia Monitoring Network; UKEAP: Precip-Net","",""
"UKA00599","GB1041A","","Stockton-on-Tees A1305 Roadside","Urban Traffic","Teesside Urban Area","2015-05-01","","54.565819","-1.315900","519169.64","444331.00","15","Automatic Urban and Rural Monitoring Network (AURN)","","The monitoring station lies within a self-contained air conditioned mobile unit along the roadside of A1305 road, in the southern edge of the town. The surrounding area comprises residences, business and services, in an urban environment. The roads A177, A139 and A1305 cross at approximately 640 m of the site. The monitoring station is located approximately 4 metres from the kerb."
"UKA00535","GB0956A","","Stockton-on-Tees Eaglescliffe","Urban Traffic","North East","2008-09-01","","54.516667","-1.358547","513674.44","441623.38","29","Automatic Urban and Rural Monitoring Network (AURN); Non-Automatic Hydrocarbon Network","","The monitoring station is within a self-contained air-conditioned housing located within the grounds of Eaglescliffe School. The inlet manifold is 4.5 metres from the kerb of the A67, opposite Marion Avenue. The surrounding area is urban residential."
"UKA00317","GB0004R","GB0004R","Stoke Ferry","Rural Background","Eastern","1997-01-01","","52.559854","0.506147","298730.02","569981.81","3","PAH Digitel (solid phase); UKEAP: Acid Gases & Aerosol Network; UKEAP: National Ammonia Monitoring Network; UKEAP: Precip-Net","",""
"UKA00610","GB1052A","","Stoke-on-Trent A50 Roadside","Urban Traffic","The Potteries","2015-05-22","","52.980436","-2.111898","342571.56","392584.10","179","Automatic Urban and Rural Monitoring Network (AURN); UK Urban NO2 Network","","Roadside monitoring station beside the dual carriageway A50 through Stoke. Located between the main road and a parallel side road (Uttoxeter Road), near pedestrian footbridge. The monitoring station is located approximately 4 metres from the kerb."
"UKA00337","GB0658A","","Stoke-on-Trent Centre","Urban Background","The Potteries","1997-03-11","","53.028210","-2.175133","347894.69","388351.33","172","Automatic Urban and Rural Monitoring Network (AURN); Non-Automatic Hydrocarbon Network","","The monitoring station is located in a self-contained, air-conditioned housing situated in the northern part of the central business district of Hanley. The station lies approximately 5 metres from the approach road to a busy multi-storey car park which is located some 50 metres from the station. The nearest busy road is the A50 Potteries Way, a ring-road which lies in a cutting about 130 metres to the north-east of the monitoring site. The surrounding area is open grass with few trees and comprises light commercial properties."
"UKA00548","GB1006A","","Storrington Roadside","Urban Traffic","South East","2009-08-01","","50.916932","-0.449548","114196.60","509085.61","41","Automatic Urban and Rural Monitoring Network (AURN)","","The monitoring station is within a self-contained, air-conditioned housing located on the junction of A283 Manley's Hill and Meadowside. The surrounding area is open suburban with residential and commercial buildings. There is a quarried site 450 metres to the SE. The monitoring station is located approximately 6 metres from the kerb."
"UKA00393","GB0723A","","Strabane 2","Suburban Background","Northern Ireland","1999-03-30","","54.821427","-7.453921","561042.04","49838.76","28","Black Carbon","",""
"UKA00162","GB0015R","GB0015R","Strathvaich","Rural Background","Highland","1987-03-18","","57.734456","-4.776583","875022.85","234787.31","270","Automatic Urban and Rural Monitoring Network (AURN); UKEAP: Acid Gases & Aerosol Network; UKEAP: National Ammonia Monitoring Network; UKEAP: Precip-Net; UKEAP: Rural NO2","","The monitoring station is within a self-contained, air conditioned housing located on remote moorland approximately 500 metres from the nearest inhabited dwellings. The nearest road is approximately 150 metres from the site and used for access only. The surrounding area is open and remote. The site is at the SE corner of a large body of open water - Loch Vaich."
"UKA00484","GB0863A","","Sunderland Silksworth","Urban Background","North East","2004-12-09","","54.883610","-1.406878","554478.51","438149.81","110","Automatic Urban and Rural Monitoring Network (AURN)","","The monitoring station is within a self-contained, air conditioned housing located next to an access road that leads to a sports centre and superstore delivery entrance. The inlet manifold is 50 metres from the nearest minor road, Silksworth Rd. The immediate surrounding area is open with residential areas occurring beyond 200 metres."
"UKA00601","GB1043A","","Sunderland Wessington Way","Urban Traffic","North East","2015-01-15","","54.918390","-1.408391","558348.00","438020.00","29","Automatic Urban and Rural Monitoring Network (AURN); UK Urban NO2 Network","","The monitoring station lies within a self-contained air conditioned mobile unit along the roadside of A1231 - Wessington way road, in the Northeast outskirts of Sunderland city. The monitoring station is located in the vicinity of Abbay Street. The surrounding area comprises the Tyne and Wear enterprise park, 150 m to the south, and a highly dense residential area that starts in the site's Northern border. The monitoring station is located approximately 6 metres from the kerb."
"UKA00312","GB0134R","GB0134R","Sutton Bonnington","Rural Background","East Midlands","1996-12-03","","52.836554","-1.251203","326822.26","450539.88","43","UKEAP: Acid Gases & Aerosol Network; UKEAP: National Ammonia Monitoring Network","",""
"UKA00520","GB0981A","","Swansea Coedgwilym","Urban Background","Swansea Urban Area","2008-01-01","","51.701679","-3.874010","201989.05","270593.01","30","Heavy Metals","",""
"UKA00510","GB0943A","","Swansea Cwm Level Park","Urban Background","Swansea Urban Area","2007-11-16","","51.645836","-3.939450","195897.18","265906.18","31","PAH Digitel (solid phase)","",""
"UKA00521","GB0979A","","Swansea Morriston","Urban Traffic","Swansea Urban Area","2008-01-01","","51.662122","-3.921301","197675.07","267209.45","16","Heavy Metals","",""
"UKA00497","GB0896A","","Swansea Roadside","Urban Traffic","Swansea Urban Area","2006-09-20","","51.632696","-3.947374","194450.54","265319.00","61","Automatic Urban and Rural Monitoring Network (AURN)","","The monitoring station is within a self-contained, air-conditioned housing located on a grassed road frontage of a busy dual-carriageway, the A483 Carmarthen Road. The monitoring station is adjacent to Lyon Street. The surrounding area is predominantly residential with some commercial premises nearby. The monitoring station is located approximately 4.5 metres from the kerb."
"UKA00650","GB1092A","","Swindon Walcot","Urban Background","South West","2018-01-01","","51.558061","-1.765678","184379.00","416341.00","104","Automatic Urban and Rural Monitoring Network (AURN)","","The site is 40.5m from the nearest road, South view avenue."
"UKA00296","GB0137R","GB0137R","Tadcaster","Rural Background","Yorkshire & Humberside","1996-10-02","","53.891121","-1.275557","444125.33","447709.36","12","UKEAP: National Ammonia Monitoring Network","",""
"UKA01038","GB1480A","","Tallington","Rural Background","East Midlands","2023-12-11","","52.656308","-0.381000","307739.00","509609.00","17","Automatic Urban and Rural Monitoring Network (AURN)","","This is a rural monitoring station, located at a river gauging station beside the River Welland near the village of Tallington, Lincolnshire. Surroundings are mostly farm land."
"UKA01099","GB1541A","","Tameside A635 Manchester Road","Urban Traffic","Greater Manchester Urban Area","2025-04-01","","53.482437","-2.113912","398419.10","392538.00","100","Automatic Urban and Rural Monitoring Network (AURN)","","Roadside site beside the A635 through Ashton-under-Lyne, Tameside, to the east of the city of Manchester."
"UKA00648","GB1090A","","Telford Hollinswood","Urban Background","West Midlands","2017-11-01","","52.673471","-2.436692","308508.00","370569.00","134","Automatic Urban and Rural Monitoring Network (AURN)","","The nearest road, Dale Acre Way is 48m from the site."
"UKA00937","GB1379R","GB1379R","Thetford Forest 2","Rural Background","Eastern","2021-08-16","","52.419598","0.856404","284016.17","594337.17","16","UKEAP: National Ammonia Monitoring Network","",""
"UKA00112","GB1083R","","Thorganby","Rural Background","Yorkshire & Humberside","1986-01-14","","53.875684","-0.970738","442655.50","467767.00","8","UKEAP: Precip-Net","",""
"UKA00272","GB0645A","","Thurrock","Urban Background","Eastern","1996-09-01","","51.477070","0.317969","177893.10","561068.85","4","Automatic Urban and Rural Monitoring Network (AURN)","","The monitoring station is within an existing permanent building located adjacent to the Southend to Fenchurch Street railway line. The station is approximately 35 metres from the kerbside of the busy A126 London Road. The surrounding area is mainly residential with local light industry and commercial areas nearby. The site is approximately 400 metres north of the River Thames."
"UKA00588","GB_594","","Thursley Common 2","Rural Background","South East","2013-04-02","","51.151352","-0.704610","139918.89","490698.46","85","UKEAP: National Ammonia Monitoring Network; UKEAP: Precip-Net","",""
"UKA01026","GB1468A","","Toft Newton","Rural Background","East Midlands","2023-09-26","","53.374133","-0.449788","387483.28","503230.58","12","Automatic Urban and Rural Monitoring Network (AURN)","","Rural site in the grounds of Toft Newton reservoir, near Market Rasen, Lincolnshire."
"UKA00955","GB1397R","","Turmennan Rd","Rural Background","Northern Ireland","2022-04-01","","54.380000","-5.730000","504691.95","157877.99","44","UKEAP: National Ammonia Monitoring Network","","Please note that the location of this site is only reported to 2 decimal places for latitudes and longitude. The location data has a precision of approximately 1 km for latitude and 600 m for longitude."
"UKA00113","GB0333A","","Tycanol Wood","Rural Background","South Wales","1986-01-14","","51.993801","-4.778895","236464.46","209310.25","205","UKEAP: Precip-Net; UKEAP: Rural NO2","",""
"UKA00938","GB1380R","","U of Ulster met station","Rural Background","Northern Ireland","2022-04-01","","54.450000","-6.960000","517401.81","78609.40","175","UKEAP: National Ammonia Monitoring Network","","Please note that the location of this site is only reported to 2 decimal places for latitudes and longitude. The location data has a precision of approximately 1 km for latitude and 600 m for longitude."
"UKA00825","GB1266A","","UUNN_ABER_004","Urban Traffic","North East Scotland","2020-12-13","","57.147283","-2.092200","806270.02","394519.99","22.76","UK Urban NO2 Network","","&nbsp;"
"UKA00663","GB1104A","","UUNN_BASI_001","Urban Traffic","Eastern","2019-12-02","","51.588083","0.498738","190649.98","573199.00","16","UK Urban NO2 Network","","&nbsp;"
"UKA00976","GB1418A","","UUNN_BASI_002","Urban Traffic","Eastern","2022-12-01","","51.583989","0.427302","190027.99","568266.00","29","UK Urban NO2 Network","",""
"UKA00977","GB1419A","","UUNN_BASI_003","Urban Traffic","Eastern","2022-12-01","","51.584582","0.441654","190127.05","569258.00","37","UK Urban NO2 Network","",""
"UKA00978","GB1420A","","UUNN_BASI_005","Urban Traffic","Eastern","2022-12-01","","51.583037","0.497790","190086.65","573152.50","15","UK Urban NO2 Network","",""
"UKA00979","GB1421A","","UUNN_BASI_007","Urban Traffic","Eastern","2022-12-01","","51.568322","0.495659","188445.39","573060.74","20","UK Urban NO2 Network","",""
"UKA00980","GB1422A","","UUNN_BASI_008","Urban Traffic","Eastern","2022-12-01","","51.586348","0.434275","190306.37","568740.30","37","UK Urban NO2 Network","",""
"UKA00981","GB1423A","","UUNN_BASI_009","Urban Traffic","Eastern","2022-12-01","","51.580353","0.555764","189927.05","577178.98","24","UK Urban NO2 Network","",""
"UKA00664","GB1105A","","UUNN_BATH_001","Urban Traffic","South West","2019-12-16","","51.381416","-2.385325","164777.97","373280.00","21","UK Urban NO2 Network","","&nbsp;"
"UKA00665","GB1106A","","UUNN_BATH_002","Urban Traffic","South West","2019-12-16","","51.384263","-2.383826","165094.05","373386.00","22","UK Urban NO2 Network","","&nbsp;"
"UKA00667","GB1108A","","UUNN_BATH_004","Urban Traffic","South West","2019-12-16","","51.384616","-2.363323","165126.03","374813.00","47","UK Urban NO2 Network","","&nbsp;"
"UKA00669","GB1110A","","UUNN_BATH_006","Urban Traffic","South West","2019-12-16","","51.376291","-2.368415","164201.95","374454.00","45","UK Urban NO2 Network","","&nbsp;"
"UKA00670","GB1111A","","UUNN_BATH_007","Urban Traffic","South West","2019-12-16","","51.378871","-2.357114","164484.98","375242.00","26","UK Urban NO2 Network","","&nbsp;"
"UKA00672","GB1113A","","UUNN_BATH_009","Urban Traffic","South West","2019-12-16","","51.389948","-2.357487","165717.03","375222.00","37","UK Urban NO2 Network","","&nbsp;"
"UKA00826","GB1267A","","UUNN_BCPO_001","Urban Traffic","Bournemouth Urban Area","2021-01-01","","50.741494","-1.838041","93555.30","411524.29","28","UK Urban NO2 Network","","&nbsp;"
"UKA00673","GB1114A","","UUNN_BIRM_001","Urban Traffic","West Midlands Urban Area","2019-12-18","","52.476524","-1.902019","286515.03","406752.00","133","UK Urban NO2 Network","","&nbsp;"
"UKA00674","GB1115A","","UUNN_BIRM_002","Urban Traffic","West Midlands Urban Area","2019-12-18","","52.515589","-1.798368","290875.02","413780.00","84","UK Urban NO2 Network","","&nbsp;"
"UKA00675","GB1116A","","UUNN_BIRM_003","Urban Traffic","West Midlands Urban Area","2019-12-18","","52.483078","-1.902226","287244.05","406736.99","137","UK Urban NO2 Network","","&nbsp;"
"UKA00676","GB1117A","","UUNN_BIRM_004","Urban Traffic","West Midlands Urban Area","2019-12-18","","52.508779","-1.849510","290109.05","410311.00","101","UK Urban NO2 Network","","&nbsp;"
"UKA00677","GB1118A","","UUNN_BIRM_005","Urban Traffic","West Midlands Urban Area","2019-12-18","","52.510030","-1.796728","290256.97","413893.00","86","UK Urban NO2 Network","","&nbsp;"
"UKA00827","GB1268A","","UUNN_BIRM_007","Urban Traffic","West Midlands Urban Area","2020-12-18","","52.467082","-1.899420","285464.99","406930.00","110","UK Urban NO2 Network","","&nbsp;"
"UKA00982","GB1424A","","UUNN_BIRM_008","Urban Traffic","West Midlands Urban Area","2022-12-01","","52.486268","-1.895970","287599.48","407161.31","125","UK Urban NO2 Network","",""
"UKA00983","GB1425A","","UUNN_BIRM_009","Urban Traffic","West Midlands Urban Area","2022-12-01","","52.490680","-1.886809","288091.19","407782.63","113","UK Urban NO2 Network","",""
"UKA00984","GB1426A","","UUNN_BIRM_010","Urban Traffic","West Midlands Urban Area","2022-12-01","","52.470308","-1.910264","285822.87","406192.86","138","UK Urban NO2 Network","",""
"UKA00985","GB1427A","","UUNN_BIRM_012","Urban Traffic","West Midlands Urban Area","2022-12-01","","52.489177","-1.890454","287923.62","407535.39","123","UK Urban NO2 Network","",""
"UKA00986","GB1428A","","UUNN_BIRM_013","Urban Traffic","West Midlands Urban Area","2022-12-01","","52.502114","-1.876329","289364.22","408492.04","123","UK Urban NO2 Network","",""
"UKA00987","GB1429A","","UUNN_BIRM_014","Urban Traffic","West Midlands Urban Area","2022-12-01","","52.490611","-1.889473","288083.23","407601.76","116","UK Urban NO2 Network","",""
"UKA00988","GB1430A","","UUNN_BIRM_016","Urban Traffic","West Midlands Urban Area","2022-12-01","","52.492219","-1.891182","288261.92","407485.45","114","UK Urban NO2 Network","",""
"UKA01059","GB1501A","","UUNN_BIRM_017","Urban Traffic","West Midlands Urban Area","2024-06-01","","52.490692","-1.888925","288092.30","407638.95","101","UK Urban NO2 Network","",""
"UKA00828","GB1269A","","UUNN_BOLS_001","Urban Traffic","East Midlands","2020-12-08","","53.104008","-1.320727","356527.98","445574.97","145","UK Urban NO2 Network","","&nbsp;"
"UKA00678","GB1119A","","UUNN_BOLT_001","Urban Traffic","North West & Merseyside","2019-12-17","","53.543490","-2.375310","405271.03","375227.00","74","UK Urban NO2 Network","","&nbsp;"
"UKA00681","GB1122A","","UUNN_BOLT_004","Urban Traffic","Greater Manchester Urban Area","2019-12-17","","53.573977","-2.429160","408683.01","371679.00","101","UK Urban NO2 Network","","&nbsp;"
"UKA00682","GB1123A","","UUNN_BOLT_005","Urban Traffic","Greater Manchester Urban Area","2019-12-17","","53.576480","-2.425395","408959.98","371930.00","95","UK Urban NO2 Network","","&nbsp;"
"UKA00683","GB1124A","","UUNN_BOLT_006","Urban Traffic","Greater Manchester Urban Area","2019-12-17","","53.576985","-2.417230","409012.96","372471.00","92","UK Urban NO2 Network","","&nbsp;"
"UKA00685","GB1126A","","UUNN_BOLT_008","Urban Traffic","Greater Manchester Urban Area","2019-12-17","","53.584741","-2.425267","409879.01","371944.00","99","UK Urban NO2 Network","","&nbsp;"
"UKA00686","GB1127A","","UUNN_BOLT_009","Urban Traffic","Greater Manchester Urban Area","2019-12-17","","53.572761","-2.444506","408553.96","370662.00","107","UK Urban NO2 Network","","&nbsp;"
"UKA00829","GB1270A","","UUNN_BRAD_001","Urban Traffic","West Yorkshire Urban Area","2020-12-16","","53.768447","-1.743389","430264.03","417011.98","202","UK Urban NO2 Network","","&nbsp;"
"UKA00830","GB1271A","","UUNN_BRAD_002","Urban Traffic","West Yorkshire Urban Area","2020-12-16","","53.791702","-1.744841","432851.02","416906.98","107","UK Urban NO2 Network","","&nbsp;"
"UKA00831","GB1272A","","UUNN_BRAD_003","Urban Traffic","West Yorkshire Urban Area","2020-12-16","","53.809009","-1.756262","434773.95","416147.99","87","UK Urban NO2 Network","","&nbsp;"
"UKA00833","GB1274A","","UUNN_BRAD_005","Urban Traffic","West Yorkshire Urban Area","2020-12-16","","53.795780","-1.743617","433305.03","416985.98","124","UK Urban NO2 Network","","&nbsp;"
"UKA00834","GB1275A","","UUNN_BRAD_006","Urban Traffic","West Yorkshire Urban Area","2020-12-16","","53.797500","-1.745094","433496.05","416888.00","126","UK Urban NO2 Network","","&nbsp;"
"UKA00989","GB1431A","","UUNN_BRAD_007","Urban Traffic","West Yorkshire Urban Area","2022-12-01","","53.807540","-1.762906","434609.03","415711.02","114","UK Urban NO2 Network","",""
"UKA00990","GB1432A","","UUNN_BRAD_008","Urban Traffic","West Yorkshire Urban Area","2022-12-01","","53.867934","-1.902535","441306.88","406506.77","100","UK Urban NO2 Network","",""
"UKA00991","GB1433A","","UUNN_BRAD_009","Urban Traffic","West Yorkshire Urban Area","2022-12-01","","53.796235","-1.759539","433351.99","415937.00","127","UK Urban NO2 Network","",""
"UKA00992","GB1434A","","UUNN_BRAD_010","Urban Traffic","West Yorkshire Urban Area","2022-12-01","","53.835516","-1.800570","437714.03","413221.98","106","UK Urban NO2 Network","",""
"UKA00993","GB1435A","","UUNN_BRAD_011","Urban Traffic","West Yorkshire Urban Area","2022-12-01","","53.775868","-1.759871","431085.89","415922.79","176","UK Urban NO2 Network","",""
"UKA00690","GB1131A","","UUNN_BRIS_004","Urban Traffic","Bristol Urban Area","2019-12-20","","51.458442","-2.591566","173439.98","358996.00","22","UK Urban NO2 Network","","&nbsp;"
"UKA00691","GB1132A","","UUNN_BRIS_005","Urban Traffic","Bristol Urban Area","2019-12-20","","51.451057","-2.584937","172614.96","359450.00","13","UK Urban NO2 Network","","&nbsp;"
"UKA00692","GB1133A","","UUNN_BRIS_006","Urban Traffic","Bristol Urban Area","2019-12-20","","51.494629","-2.686342","177521.95","352449.00","15","UK Urban NO2 Network","","&nbsp;"
"UKA00694","GB1135A","","UUNN_BRIS_008","Urban Traffic","Bristol Urban Area","2019-12-20","","51.457328","-2.577029","173308.02","360005.00","19","UK Urban NO2 Network","","&nbsp;"
"UKA00695","GB1136A","","UUNN_BRIS_009","Urban Traffic","Bristol Urban Area","2019-12-20","","51.459103","-2.585256","173509.96","359435.00","14","UK Urban NO2 Network","","&nbsp;"
"UKA00994","GB1436A","","UUNN_BRIS_010","Urban Traffic","Bristol Urban Area","2022-12-01","","51.460720","-2.582052","173688.02","359659.03","11","UK Urban NO2 Network","",""
"UKA00995","GB1437A","","UUNN_BRIS_011","Urban Traffic","Bristol Urban Area","2022-12-01","","51.431918","-2.608831","170499.96","357771.97","28","UK Urban NO2 Network","",""
"UKA00996","GB1438A","","UUNN_BRIS_013","Urban Traffic","Bristol Urban Area","2022-12-01","","51.467283","-2.612137","174434.97","357575.02","71","UK Urban NO2 Network","",""
"UKA00997","GB1439A","","UUNN_BRIS_014","Urban Traffic","Bristol Urban Area","2022-12-01","","51.455828","-2.582048","173143.96","359654.99","15","UK Urban NO2 Network","",""
"UKA00998","GB1440A","","UUNN_BRIS_015","Urban Traffic","Bristol Urban Area","2022-12-01","","51.451046","-2.599731","172622.05","358422.00","12","UK Urban NO2 Network","",""
"UKA00999","GB1441A","","UUNN_BRIS_016","Urban Traffic","Bristol Urban Area","2022-12-01","","51.433061","-2.546630","170592.97","362096.97","38","UK Urban NO2 Network","",""
"UKA01000","GB1442A","","UUNN_BRIS_017","Urban Traffic","Bristol Urban Area","2022-12-01","","51.442814","-2.595292","171704.02","358723.02","9","UK Urban NO2 Network","",""
"UKA01039","GB1481A","","UUNN_BRIS_018","Urban Traffic","Bristol Urban Area","2023-12-19","","51.459150","-2.585950","173515.58","359386.83","3","UK Urban NO2 Network","",""
"UKA00835","GB1276A","","UUNN_BROX_001","Urban Traffic","Greater London Urban Area","2021-01-01","","51.683518","-0.030647","200141.97","536243.00","20","UK Urban NO2 Network","","&nbsp;"
"UKA00837","GB1278A","","UUNN_BROX_003","Urban Traffic","Greater London Urban Area","2021-01-01","","51.687977","-0.032725","200633.96","536086.00","20","UK Urban NO2 Network","","&nbsp;"
"UKA00838","GB1279A","","UUNN_BROX_004","Urban Traffic","Greater London Urban Area","2021-01-01","","51.681421","-0.033761","199902.97","536034.02","21","UK Urban NO2 Network","","&nbsp;"
"UKA00839","GB1280A","","UUNN_BROX_005","Urban Traffic","Greater London Urban Area","2021-01-01","","51.685931","-0.016914","200436.00","537185.02","20","UK Urban NO2 Network","","&nbsp;"
"UKA00964","GB1406A","","UUNN_BROX_006","Urban Traffic","Greater London Urban Area","2021-12-28","","51.706334","-0.042625","202657.00","535347.00","32","UK Urban NO2 Network","",""
"UKA00696","GB1137A","","UUNN_BURY_001","Urban Traffic","Greater Manchester Urban Area","2019-12-17","","53.541041","-2.289669","404972.05","380901.00","104","UK Urban NO2 Network","","&nbsp;"
"UKA00697","GB1138A","","UUNN_BURY_002","Urban Traffic","Greater Manchester Urban Area","2019-12-17","","53.531723","-2.284370","403933.97","381248.00","94","UK Urban NO2 Network","","&nbsp;"
"UKA00698","GB1139A","","UUNN_BURY_003","Urban Traffic","North West & Merseyside","2019-12-17","","53.595002","-2.305903","410980.00","379851.00","82","UK Urban NO2 Network","","&nbsp;"
"UKA00699","GB1140A","","UUNN_BURY_004","Urban Traffic","Greater Manchester Urban Area","2019-12-17","","53.594817","-2.297153","410956.96","380430.00","94","UK Urban NO2 Network","","&nbsp;"
"UKA00701","GB1142A","","UUNN_BURY_006","Urban Traffic","Greater Manchester Urban Area","2019-12-17","","53.592618","-2.281274","410708.04","381480.00","96","UK Urban NO2 Network","","&nbsp;"
"UKA00702","GB1143A","","UUNN_BURY_007","Urban Traffic","North West & Merseyside","2019-12-17","","53.592963","-2.251151","410738.96","383474.00","120","UK Urban NO2 Network","","&nbsp;"
"UKA00840","GB1281A","","UUNN_BURY_008","Urban Traffic","Greater Manchester Urban Area","2020-12-04","","53.539695","-2.288438","404821.97","380981.97","101","UK Urban NO2 Network","","&nbsp;"
"UKA00704","GB1145A","","UUNN_CAST_001","Urban Traffic","Southend Urban Area","2019-12-20","","51.567356","0.547964","188463.01","576689.00","23","UK Urban NO2 Network","","&nbsp;"
"UKA00706","GB1147A","","UUNN_CVTR_001","Urban Traffic","Coventry/Bedworth","2019-12-17","","52.411755","-1.525027","279411.99","432405.00","90","UK Urban NO2 Network","","&nbsp;"
"UKA00707","GB1148A","","UUNN_CVTR_002","Urban Traffic","Coventry/Bedworth","2019-12-17","","52.397624","-1.516610","277843.95","432988.00","105","UK Urban NO2 Network","","&nbsp;"
"UKA00708","GB1149A","","UUNN_CVTR_003","Urban Traffic","Coventry/Bedworth","2019-12-17","","52.404621","-1.517269","278621.95","432938.00","88","UK Urban NO2 Network","","&nbsp;"
"UKA00712","GB1153A","","UUNN_CVTR_007","Urban Traffic","Coventry/Bedworth","2019-12-17","","52.410216","-1.485910","279258.99","435067.00","96","UK Urban NO2 Network","","&nbsp;"
"UKA00713","GB1154A","","UUNN_CVTR_008","Urban Traffic","Coventry/Bedworth","2019-12-17","","52.408564","-1.494822","279070.97","434462.00","82","UK Urban NO2 Network","","&nbsp;"
"UKA01001","GB1443A","","UUNN_CVTR_009","Urban Traffic","Coventry/Bedworth","2022-12-01","","52.410075","-1.520531","279227.14","432712.05","89","UK Urban NO2 Network","",""
"UKA00714","GB1155A","","UUNN_DERB_001","Urban Traffic","East Midlands","2019-12-18","","52.918272","-1.471231","335781.05","435651.00","56","UK Urban NO2 Network","","&nbsp;"
"UKA00715","GB1156A","","UUNN_DERB_002","Urban Traffic","East Midlands","2019-12-18","","52.922180","-1.485105","336209.01","434715.00","54","UK Urban NO2 Network","","&nbsp;"
"UKA00841","GB1282A","","UUNN_DERB_003","Urban Traffic","East Midlands","2020-12-18","","52.916974","-1.472600","335635.98","435559.98","59","UK Urban NO2 Network","","&nbsp;"
"UKA00842","GB1283A","","UUNN_DERB_004","Urban Traffic","East Midlands","2020-12-18","","52.925775","-1.510409","336597.04","433011.02","81","UK Urban NO2 Network","","&nbsp;"
"UKA01002","GB1444A","","UUNN_DERB_005","Urban Traffic","East Midlands","2022-12-01","","52.925796","-1.455988","336625.69","436669.55","47","UK Urban NO2 Network","",""
"UKA00843","GB1284A","","UUNN_DUDL_001","Urban Traffic","West Midlands Urban Area","2020-12-18","","52.480122","-2.161259","286923.03","389145.01","81","UK Urban NO2 Network","","&nbsp;"
"UKA00847","GB1288A","","UUNN_EDIN_003","Urban Traffic","Edinburgh Urban Area","2020-12-10","","55.950903","-3.203620","673750.99","324936.00","62","UK Urban NO2 Network","","&nbsp;"
"UKA00848","GB1289A","","UUNN_EDIN_004","Urban Traffic","Edinburgh Urban Area","2020-12-10","","55.960639","-3.303013","674947.03","318750.01","46","UK Urban NO2 Network","","&nbsp;"
"UKA00849","GB1290A","","UUNN_EHER_001","Urban Traffic","Eastern","2021-01-01","","51.795763","-0.083566","212527.02","532256.99","40","UK Urban NO2 Network","","&nbsp;"
"UKA01003","GB1445A","","UUNN_FARE_001","Urban Traffic","Portsmouth Urban Area","2022-12-01","","50.851509","-1.171096","106103.98","458446.98","7","UK Urban NO2 Network","",""
"UKA01004","GB1446A","","UUNN_FARE_002","Urban Traffic","Portsmouth Urban Area","2022-12-01","","50.851145","-1.155419","106076.00","459551.01","15","UK Urban NO2 Network","",""
"UKA00716","GB1157A","","UUNN_GATE_001","Urban Traffic","Tyneside","2019-12-18","","54.967005","-1.605157","563669.04","425377.00","24","UK Urban NO2 Network","","&nbsp;"
"UKA01042","GB1484A","","UUNN_GATE_002","Urban Traffic","Tyneside","2023-12-19","","54.966545","-1.604771","563618.00","425401.98","3","UK Urban NO2 Network","",""
"UKA01043","GB1485A","","UUNN_GLON_001","Urban Traffic","Greater London Urban Area","2023-12-19","","51.412305","-0.296581","169518.96","518561.97","3","UK Urban NO2 Network","",""
"UKA01044","GB1486A","","UUNN_GLON_002","Urban Traffic","Greater London Urban Area","2023-12-19","","51.355600","-0.148908","163462.31","528990.44","3","UK Urban NO2 Network","",""
"UKA01045","GB1487A","","UUNN_GLON_003","Urban Traffic","Greater London Urban Area","2023-12-19","","51.463583","-0.215586","175355.28","524055.54","3","UK Urban NO2 Network","",""
"UKA01046","GB1488A","","UUNN_GLON_004","Urban Traffic","Greater London Urban Area","2023-12-19","","51.516061","-0.135167","181330.18","529492.97","3","UK Urban NO2 Network","",""
"UKA00854","GB1295A","","UUNN_HERT_002","Urban Traffic","Eastern","2021-01-01","","51.704358","-0.176887","202196.97","526076.00","127","UK Urban NO2 Network","","&nbsp;"
"UKA00855","GB1296A","","UUNN_HERT_003","Urban Traffic","Eastern","2021-01-01","","51.691183","-0.176794","200731.97","526119.02","119","UK Urban NO2 Network","","&nbsp;"
"UKA00856","GB1297A","","UUNN_HIGH_001","Urban Traffic","North West & Merseyside","2020-12-04","","53.463867","-1.989915","396347.05","400766.98","152","UK Urban NO2 Network","","&nbsp;"
"UKA00717","GB1158A","","UUNN_LEED_001","Urban Traffic","West Yorkshire Urban Area","2019-12-19","","53.789043","-1.566903","432611.95","428631.00","33","UK Urban NO2 Network","","&nbsp;"
"UKA00857","GB1298A","","UUNN_LEED_006","Urban Traffic","West Yorkshire Urban Area","2021-01-01","","53.794618","-1.564978","433232.99","428754.00","31","UK Urban NO2 Network","","&nbsp;"
"UKA00858","GB1299A","","UUNN_LEED_007","Urban Traffic","West Yorkshire Urban Area","2021-01-01","","53.790985","-1.567050","432827.96","428619.97","34","UK Urban NO2 Network","","&nbsp;"
"UKA00965","GB1407A","","UUNN_LEED_008","Urban Traffic","West Yorkshire Urban Area","2021-12-28","","53.795398","-1.564393","433320.00","428792.00","31","UK Urban NO2 Network","",""
"UKA00859","GB1300A","","UUNN_LEIC_001","Urban Traffic","Leicester Urban Area","2020-12-08","","52.639043","-1.137020","304937.98","458494.98","56","UK Urban NO2 Network","","&nbsp;"
"UKA00860","GB1301A","","UUNN_LEIC_002","Urban Traffic","Leicester Urban Area","2020-12-08","","52.634154","-1.144711","304387.95","457980.99","54","UK Urban NO2 Network","","&nbsp;"
"UKA00861","GB1302A","","UUNN_LEIC_003","Urban Traffic","Leicester Urban Area","2020-12-08","","52.640881","-1.132624","305145.99","458789.99","53","UK Urban NO2 Network","","&nbsp;"
"UKA00862","GB1303A","","UUNN_LIVE_001","Urban Traffic","Liverpool Urban Area","2020-12-10","","53.431664","-2.973619","393205.98","335410.00","39","UK Urban NO2 Network","","&nbsp;"
"UKA00864","GB1305A","","UUNN_LIVE_003","Urban Traffic","Liverpool Urban Area","2020-12-11","","53.411036","-2.967897","390905.97","335759.02","42","UK Urban NO2 Network","","&nbsp;"
"UKA00865","GB1306A","","UUNN_LIVE_004","Urban Traffic","Liverpool Urban Area","2020-12-11","","53.409042","-2.973298","390689.03","335396.99","36","UK Urban NO2 Network","","&nbsp;"
"UKA00866","GB1307A","","UUNN_LIVE_005","Urban Traffic","Liverpool Urban Area","2020-12-10","","53.408833","-2.969156","390662.03","335672.01","41","UK Urban NO2 Network","","&nbsp;"
"UKA00867","GB1308A","","UUNN_LIVE_006","Urban Traffic","Liverpool Urban Area","2020-12-11","","53.406074","-2.978931","390363.97","335018.01","19","UK Urban NO2 Network","","&nbsp;"
"UKA00868","GB1309A","","UUNN_LIVE_007","Urban Traffic","Liverpool Urban Area","2020-12-11","","53.410611","-2.982526","390871.99","334785.97","9","UK Urban NO2 Network","","&nbsp;"
"UKA00869","GB1310A","","UUNN_LIVE_008","Urban Traffic","Liverpool Urban Area","2020-12-11","","53.407942","-2.988993","390581.01","334351.99","12","UK Urban NO2 Network","","&nbsp;"
"UKA00870","GB1311A","","UUNN_LIVE_009","Urban Traffic","Liverpool Urban Area","2020-12-10","","53.411902","-2.969768","391004.00","335635.97","42","UK Urban NO2 Network","","&nbsp;"
"UKA00872","GB1313A","","UUNN_LIVE_011","Urban Traffic","Liverpool Urban Area","2020-12-10","","53.462539","-2.960483","396628.95","336329.01","28","UK Urban NO2 Network","","&nbsp;"
"UKA00873","GB1314A","","UUNN_LIVE_012","Urban Traffic","Liverpool Urban Area","2020-12-10","","53.413975","-2.909634","391181.97","339635.97","51","UK Urban NO2 Network","","&nbsp;"
"UKA00874","GB1315A","","UUNN_LIVE_013","Urban Traffic","Liverpool Urban Area","2020-12-10","","53.412210","-2.945959","391017.02","337218.99","63","UK Urban NO2 Network","","&nbsp;"
"UKA00875","GB1316A","","UUNN_LIVE_014","Urban Traffic","Liverpool Urban Area","2020-12-11","","53.403172","-2.976593","390039.00","335169.02","24","UK Urban NO2 Network","","&nbsp;"
"UKA00876","GB1317A","","UUNN_LIVE_015","Urban Traffic","Liverpool Urban Area","2020-12-10","","53.406400","-2.897393","390328.95","340438.99","49","UK Urban NO2 Network","","&nbsp;"
"UKA00877","GB1318A","","UUNN_LIVE_016","Urban Traffic","Liverpool Urban Area","2020-12-10","","53.444982","-2.958461","394673.95","336436.99","35","UK Urban NO2 Network","","&nbsp;"
"UKA00878","GB1319A","","UUNN_LIVE_017","Urban Traffic","Liverpool Urban Area","2020-12-11","","53.411584","-2.957521","390957.63","336449.54","46","UK Urban NO2 Network","","&nbsp;"
"UKA00879","GB1320A","","UUNN_LIVE_018","Urban Traffic","Liverpool Urban Area","2020-12-10","","53.410194","-2.926778","390776.00","338491.01","46","UK Urban NO2 Network","","&nbsp;"
"UKA00880","GB1321A","","UUNN_LIVE_019","Urban Traffic","Liverpool Urban Area","2020-12-10","","53.408576","-2.967511","390631.95","335780.97","43","UK Urban NO2 Network","","&nbsp;"
"UKA00882","GB1323A","","UUNN_LIVE_021","Urban Traffic","Liverpool Urban Area","2020-12-11","","53.404994","-2.991061","390254.96","334209.96","11","UK Urban NO2 Network","","&nbsp;"
"UKA01005","GB1447A","","UUNN_LIVE_022","Urban Traffic","Liverpool Urban Area","2022-12-01","","53.428728","-2.921041","392832.95","338898.99","50","UK Urban NO2 Network","",""
"UKA01006","GB1448A","","UUNN_LIVE_023","Urban Traffic","Liverpool Urban Area","2022-12-01","","53.411491","-2.915914","390910.96","339215.02","65","UK Urban NO2 Network","",""
"UKA01040","GB1482A","","UUNN_LIVE_024","Urban Traffic","Liverpool Urban Area","2023-12-19","","53.411086","-2.979533","390922.09","334985.65","3","UK Urban NO2 Network","",""
"UKA01060","GB1502A","","UUNN_MAID_002","Urban Traffic","South East","2024-02-01","","51.282000","0.505000","156630.93","574796.80","49","UK Urban NO2 Network","",""
"UKA00720","GB1161A","","UUNN_MANC_002","Urban Traffic","Greater Manchester Urban Area","2019-12-06","","53.450915","-2.244740","394933.99","383844.00","36","UK Urban NO2 Network","","&nbsp;"
"UKA00721","GB1162A","","UUNN_MANC_003","Urban Traffic","Greater Manchester Urban Area","2019-12-13","","53.470861","-2.261381","397156.98","382747.00","30","UK Urban NO2 Network","","&nbsp;"
"UKA00722","GB1163A","","UUNN_MANC_004","Urban Traffic","Greater Manchester Urban Area","2019-12-16","","53.485434","-2.234405","398772.04","384543.00","55","UK Urban NO2 Network","","&nbsp;"
"UKA00723","GB1164A","","UUNN_MANC_005","Urban Traffic","Greater Manchester Urban Area","2019-12-12","","53.474212","-2.240897","397524.99","384107.97","42","UK Urban NO2 Network","","&nbsp;"
"UKA00724","GB1165A","","UUNN_MANC_006","Urban Traffic","Greater Manchester Urban Area","2019-12-16","","53.471197","-2.224368","397185.98","385203.99","44","UK Urban NO2 Network","","&nbsp;"
"UKA00725","GB1166A","","UUNN_MANC_007","Urban Traffic","Greater Manchester Urban Area","2019-12-12","","53.476935","-2.240972","397827.95","384104.00","47","UK Urban NO2 Network","","&nbsp;"
"UKA00727","GB1168A","","UUNN_MANC_009","Urban Traffic","Greater Manchester Urban Area","2019-12-17","","53.483000","-2.237857","398502.01","384313.00","53","UK Urban NO2 Network","","&nbsp;"
"UKA00728","GB1169A","","UUNN_MANC_010","Urban Traffic","Greater Manchester Urban Area","2019-12-17","","53.446168","-2.191489","394395.04","387379.00","56","UK Urban NO2 Network","","&nbsp;"
"UKA00729","GB1170A","","UUNN_MANC_011","Urban Traffic","Greater Manchester Urban Area","2019-12-16","","53.475393","-2.230101","397654.01","384825.00","49","UK Urban NO2 Network","","&nbsp;"
"UKA00731","GB1172A","","UUNN_MANC_013","Urban Traffic","Greater Manchester Urban Area","2019-12-16","","53.488540","-2.240601","399118.97","384133.00","42","UK Urban NO2 Network","","&nbsp;"
"UKA00732","GB1173A","","UUNN_MANC_014","Urban Traffic","Greater Manchester Urban Area","2019-12-12","","53.481036","-2.249027","398286.04","383571.00","42","UK Urban NO2 Network","","&nbsp;"
"UKA00733","GB1174A","","UUNN_MANC_015","Urban Traffic","Greater Manchester Urban Area","2019-12-12","","53.480635","-2.246975","398240.96","383707.00","48","UK Urban NO2 Network","","&nbsp;"
"UKA00734","GB1175A","","UUNN_MANC_016","Urban Traffic","Greater Manchester Urban Area","2019-12-12","","53.478121","-2.241386","397959.99","384077.00","51","UK Urban NO2 Network","","&nbsp;"
"UKA00735","GB1176A","","UUNN_MANC_017","Urban Traffic","Greater Manchester Urban Area","2019-12-12","","53.478702","-2.251560","398026.97","383402.00","40","UK Urban NO2 Network","","&nbsp;"
"UKA00736","GB1177A","","UUNN_MANC_018","Urban Traffic","Greater Manchester Urban Area","2019-12-16","","53.482175","-2.227651","398408.01","384990.00","51","UK Urban NO2 Network","","&nbsp;"
"UKA00737","GB1178A","","UUNN_MANC_019","Urban Traffic","Greater Manchester Urban Area","2019-12-17","","53.463697","-2.211767","396349.02","386038.00","48","UK Urban NO2 Network","","&nbsp;"
"UKA00738","GB1179A","","UUNN_MANC_020","Urban Traffic","Greater Manchester Urban Area","2019-12-16","","53.488766","-2.230731","399141.95","384788.00","53","UK Urban NO2 Network","","&nbsp;"
"UKA00739","GB1180A","","UUNN_MANC_021","Urban Traffic","Greater Manchester Urban Area","2019-12-16","","53.492550","-2.249064","399567.03","383573.00","31","UK Urban NO2 Network","","&nbsp;"
"UKA00740","GB1181A","","UUNN_MANC_022","Urban Traffic","Greater Manchester Urban Area","2019-12-16","","53.475200","-2.213150","397629.04","385950.00","50","UK Urban NO2 Network","","&nbsp;"
"UKA00884","GB1325A","","UUNN_MANC_024","Urban Traffic","Greater Manchester Urban Area","2020-12-17","","53.482442","-2.246805","398441.95","383719.01","34","UK Urban NO2 Network","","&nbsp;"
"UKA00885","GB1326A","","UUNN_MANC_025","Urban Traffic","Greater Manchester Urban Area","2020-12-17","","53.489282","-2.242806","399202.02","383986.98","38","UK Urban NO2 Network","","&nbsp;"
"UKA00887","GB1328A","","UUNN_MANC_027","Urban Traffic","Greater Manchester Urban Area","2020-12-17","","53.485626","-2.241579","398795.00","384067.01","34","UK Urban NO2 Network","","&nbsp;"
"UKA00888","GB1329A","","UUNN_MANC_028","Urban Traffic","Greater Manchester Urban Area","2020-12-17","","53.485834","-2.236547","398817.02","384401.00","46","UK Urban NO2 Network","","&nbsp;"
"UKA00889","GB1330A","","UUNN_MANC_029","Urban Traffic","Greater Manchester Urban Area","2020-12-17","","53.481657","-2.234987","398351.97","384502.98","45","UK Urban NO2 Network","","&nbsp;"
"UKA00890","GB1331A","","UUNN_MANC_030","Urban Traffic","Greater Manchester Urban Area","2020-12-17","","53.488194","-2.247291","399082.00","383688.98","28","UK Urban NO2 Network","","&nbsp;"
"UKA00966","GB1408A","","UUNN_MANC_031","Urban Traffic","Greater Manchester Urban Area","2021-12-28","","53.399010","-2.267220","389164.80","382329.40","39","UK Urban NO2 Network","",""
"UKA01041","GB1483A","","UUNN_MANC_032","Urban Traffic","Greater Manchester Urban Area","2023-12-19","","53.474044","-2.240714","397506.26","384120.06","3","UK Urban NO2 Network","",""
"UKA00741","GB1182A","","UUNN_MIDD_002","Urban Traffic","Teesside Urban Area","2019-12-19","","54.574532","-1.209789","520211.04","451181.00","5","UK Urban NO2 Network","","&nbsp;"
"UKA00821","GB1262A","","UUNN_MLCS_001","Urban Background","Greater Manchester Urban Area","2020-01-06","","53.444229","-2.214554","394183.69","385846.43","45","UK Urban NO2 Network","",""
"UKA00743","GB1184A","","UUNN_NEWC_002","Urban Traffic","Tyneside","2019-12-18","","54.969863","-1.608128","563986.02","425185.00","27","UK Urban NO2 Network","","&nbsp;"
"UKA00891","GB1332A","","UUNN_NEWC_003","Urban Traffic","Tyneside","2020-12-16","","54.986418","-1.700963","565798.96","419234.01","80","UK Urban NO2 Network","","&nbsp;"
"UKA01007","GB1449A","","UUNN_NEWC_004","Urban Traffic","Tyneside","2022-12-01","","54.970671","-1.611209","564074.83","424987.25","29","UK Urban NO2 Network","",""
"UKA01008","GB1450A","","UUNN_NEWC_006","Urban Traffic","Tyneside","2022-12-01","","54.993428","-1.574140","566621.06","427344.87","47","UK Urban NO2 Network","",""
"UKA01009","GB1451A","","UUNN_NEWC_007","Urban Traffic","Tyneside","2022-12-01","","54.969293","-1.617143","563919.39","424608.21","36","UK Urban NO2 Network","",""
"UKA00744","GB1185A","","UUNN_NEWF_001","Urban Traffic","South East","2019-12-18","","50.921106","-1.476051","113646.96","436925.00","-2","UK Urban NO2 Network","","&nbsp;"
"UKA00745","GB1186A","","UUNN_NOTT_001","Urban Traffic","Nottingham Urban Area","2019-12-18","","52.955037","-1.148830","340079.00","457280.00","54","UK Urban NO2 Network","","&nbsp;"
"UKA00892","GB1333A","","UUNN_NOTT_002","Urban Traffic","Nottingham Urban Area","2020-12-18","","52.941782","-1.186739","338574.98","454749.96","26","UK Urban NO2 Network","","&nbsp;"
"UKA00893","GB1334A","","UUNN_NOTT_003","Urban Traffic","Nottingham Urban Area","2020-12-18","","52.942695","-1.202094","338664.97","453716.96","46","UK Urban NO2 Network","","&nbsp;"
"UKA00894","GB1335A","","UUNN_NOTT_004","Urban Traffic","Nottingham Urban Area","2020-12-18","","52.932973","-1.171222","337606.98","455804.02","26","UK Urban NO2 Network","","&nbsp;"
"UKA01010","GB1452A","","UUNN_NOTT_005","Urban Traffic","Nottingham Urban Area","2022-12-01","","52.946500","-1.144789","339132.56","457562.78","27","UK Urban NO2 Network","",""
"UKA01011","GB1453A","","UUNN_NOTT_007","Urban Traffic","Nottingham Urban Area","2022-12-01","","52.974078","-1.151033","342195.38","457106.95","63","UK Urban NO2 Network","",""
"UKA01012","GB1454A","","UUNN_NOTT_008","Urban Traffic","Nottingham Urban Area","2022-12-01","","52.955684","-1.173182","340131.85","455643.20","45","UK Urban NO2 Network","",""
"UKA01013","GB1455A","","UUNN_NOTT_009","Urban Traffic","Nottingham Urban Area","2022-12-01","","52.955494","-1.159853","340121.11","456538.87","73","UK Urban NO2 Network","",""
"UKA01014","GB1456A","","UUNN_NOTT_010","Urban Traffic","Nottingham Urban Area","2022-12-01","","52.979983","-1.174434","342833.94","455528.00","39","UK Urban NO2 Network","",""
"UKA01015","GB1457A","","UUNN_NOTT_011","Urban Traffic","Nottingham Urban Area","2022-12-01","","52.950260","-1.134512","339559.10","458248.28","29","UK Urban NO2 Network","",""
"UKA00746","GB1187A","","UUNN_NTYN_001","Urban Traffic","North East","2019-12-18","","54.997004","-1.556453","567026.03","428474.00","40","UK Urban NO2 Network","","&nbsp;"
"UKA00747","GB1188A","","UUNN_OLDH_001","Urban Traffic","Greater Manchester Urban Area","2019-12-13","","53.542040","-2.102287","405048.99","393319.00","186","UK Urban NO2 Network","","&nbsp;"
"UKA00748","GB1189A","","UUNN_OLDH_002","Urban Traffic","Greater Manchester Urban Area","2019-12-13","","53.520407","-2.136623","402646.04","391039.00","123","UK Urban NO2 Network","","&nbsp;"
"UKA00749","GB1190A","","UUNN_OLDH_003","Urban Traffic","Greater Manchester Urban Area","2019-12-13","","53.523161","-2.141187","402953.02","390737.00","117","UK Urban NO2 Network","","&nbsp;"
"UKA00895","GB1336A","","UUNN_OLDH_004","Urban Traffic","Greater Manchester Urban Area","2020-12-04","","53.523734","-2.163905","403020.00","389230.98","107","UK Urban NO2 Network","","&nbsp;"
"UKA00896","GB1337A","","UUNN_OLDH_005","Urban Traffic","Greater Manchester Urban Area","2020-12-17","","53.519085","-2.144567","402500.00","390511.98","107","UK Urban NO2 Network","","&nbsp;"
"UKA00897","GB1338A","","UUNN_OXFO_001","Urban Traffic","South East","2020-12-22","","51.752607","-1.235197","206267.03","452890.99","62","UK Urban NO2 Network","","&nbsp;"
"UKA00898","GB1339A","","UUNN_PLYM_001","Urban Traffic","South West","2020-12-18","","50.392974","-4.090876","56878.04","251476.01","2","UK Urban NO2 Network","","&nbsp;"
"UKA00900","GB1341A","","UUNN_PORT_002","Urban Traffic","Portsmouth Urban Area","2021-01-01","","50.800659","-1.094520","100512.67","463906.71","4","UK Urban NO2 Network","","&nbsp;"
"UKA01016","GB1458A","","UUNN_PORT_003","Urban Traffic","Portsmouth Urban Area","2022-12-01","","50.804172","-1.090262","100907.00","464201.97","8","UK Urban NO2 Network","",""
"UKA01017","GB1459A","","UUNN_PORT_004","Urban Traffic","Portsmouth Urban Area","2022-12-01","","50.809489","-1.077896","101509.04","465065.97","9","UK Urban NO2 Network","",""
"UKA01018","GB1460A","","UUNN_PORT_005","Urban Traffic","Portsmouth Urban Area","2022-12-01","","50.830534","-1.068586","103857.48","465692.43","2","UK Urban NO2 Network","",""
"UKA01019","GB1461A","","UUNN_PORT_006","Urban Traffic","Portsmouth Urban Area","2022-12-01","","50.811680","-1.085531","101746.00","464525.01","3","UK Urban NO2 Network","",""
"UKA01020","GB1462A","","UUNN_PORT_007","Urban Traffic","Portsmouth Urban Area","2022-12-01","","50.813501","-1.082714","101950.96","464720.97","10","UK Urban NO2 Network","",""
"UKA01021","GB1463A","","UUNN_PORT_009","Urban Traffic","Portsmouth Urban Area","2022-12-01","","50.791798","-1.100717","99521.99","463481.99","6","UK Urban NO2 Network","",""
"UKA00750","GB1191A","","UUNN_RCHF_001","Urban Traffic","Southend Urban Area","2019-12-20","","51.576068","0.608653","189580.05","580860.00","53","UK Urban NO2 Network","","&nbsp;"
"UKA00901","GB1342A","","UUNN_READ_001","Urban Traffic","Reading/Wokingham Urban Area","2020-12-17","","51.451603","-0.977335","173009.02","471158.99","43","UK Urban NO2 Network","","&nbsp;"
"UKA00903","GB1344A","","UUNN_READ_003","Urban Traffic","Reading/Wokingham Urban Area","2020-12-17","","51.456064","-0.981596","173501.01","470856.02","41","UK Urban NO2 Network","","&nbsp;"
"UKA01047","GB1489A","","UUNN_RHCY_001","Urban Traffic","South Wales","2023-12-19","","51.597340","-3.324520","189553.12","308353.25","3","UK Urban NO2 Network","",""
"UKA00751","GB1192A","","UUNN_ROCH_001","Urban Traffic","Greater Manchester Urban Area","2019-12-17","","53.620272","-2.167650","413760.98","389008.00","146","UK Urban NO2 Network","","&nbsp;"
"UKA00753","GB1194A","","UUNN_ROCH_003","Urban Traffic","Greater Manchester Urban Area","2019-12-13","","53.601415","-2.167304","411662.96","389026.00","136","UK Urban NO2 Network","","&nbsp;"
"UKA00754","GB1195A","","UUNN_ROCH_004","Urban Traffic","Greater Manchester Urban Area","2019-12-13","","53.607809","-2.165032","412373.98","389178.00","145","UK Urban NO2 Network","","&nbsp;"
"UKA00755","GB1196A","","UUNN_ROCH_005","Urban Traffic","Greater Manchester Urban Area","2019-12-13","","53.616612","-2.162239","413352.95","389365.00","124","UK Urban NO2 Network","","&nbsp;"
"UKA00756","GB1197A","","UUNN_ROCH_006","Urban Traffic","Greater Manchester Urban Area","2019-12-13","","53.614670","-2.149429","413135.03","390212.00","141","UK Urban NO2 Network","","&nbsp;"
"UKA00757","GB1198A","","UUNN_ROCH_007","Urban Traffic","Greater Manchester Urban Area","2019-12-13","","53.602888","-2.174503","411827.99","388550.00","124","UK Urban NO2 Network","","&nbsp;"
"UKA00758","GB1199A","","UUNN_ROTH_001","Urban Traffic","Sheffield Urban Area","2019-12-19","","53.451237","-1.344188","395141.95","443650.00","30","UK Urban NO2 Network","","&nbsp;"
"UKA00759","GB1200A","","UUNN_ROTH_002","Urban Traffic","Sheffield Urban Area","2019-12-19","","53.435897","-1.348127","393432.95","443404.00","34","UK Urban NO2 Network","","&nbsp;"
"UKA00760","GB1201A","","UUNN_ROTH_003","Urban Traffic","Sheffield Urban Area","2019-12-19","","53.435084","-1.382805","393322.02","441101.00","61","UK Urban NO2 Network","","&nbsp;"
"UKA00761","GB1202A","","UUNN_SALF_001","Urban Traffic","Greater Manchester Urban Area","2019-12-16","","53.490167","-2.281967","399310.05","381389.00","47","UK Urban NO2 Network","","&nbsp;"
"UKA00763","GB1204A","","UUNN_SALF_003","Urban Traffic","Greater Manchester Urban Area","2019-12-16","","53.482546","-2.277215","398460.95","381701.00","41","UK Urban NO2 Network","","&nbsp;"
"UKA00765","GB1206A","","UUNN_SALF_005","Urban Traffic","Greater Manchester Urban Area","2019-12-13","","53.482639","-2.294726","398475.96","380539.00","38","UK Urban NO2 Network","","&nbsp;"
"UKA00767","GB1208A","","UUNN_SALF_007","Urban Traffic","Greater Manchester Urban Area","2019-12-13","","53.478051","-2.277909","397961.04","381653.00","37","UK Urban NO2 Network","","&nbsp;"
"UKA00768","GB1209A","","UUNN_SALF_008","Urban Traffic","Greater Manchester Urban Area","2019-12-13","","53.476377","-2.266929","397772.02","382381.00","34","UK Urban NO2 Network","","&nbsp;"
"UKA00770","GB1211A","","UUNN_SALF_010","Urban Traffic","Greater Manchester Urban Area","2019-12-16","","53.483043","-2.268433","398514.01","382284.00","38","UK Urban NO2 Network","","&nbsp;"
"UKA00771","GB1212A","","UUNN_SALF_011","Urban Traffic","Greater Manchester Urban Area","2019-12-13","","53.495159","-2.280267","399864.98","381504.00","41","UK Urban NO2 Network","","&nbsp;"
"UKA00772","GB1213A","","UUNN_SALF_012","Urban Traffic","Greater Manchester Urban Area","2019-12-16","","53.484282","-2.256656","398648.97","383066.00","32","UK Urban NO2 Network","","&nbsp;"
"UKA00905","GB1346A","","UUNN_SALF_013","Urban Traffic","Greater Manchester Urban Area","2020-12-17","","53.484942","-2.246292","398719.97","383754.01","27","UK Urban NO2 Network","","&nbsp;"
"UKA00906","GB1347A","","UUNN_SALF_014","Urban Traffic","Greater Manchester Urban Area","2020-12-17","","53.482500","-2.257941","398451.02","382980.02","27","UK Urban NO2 Network","","&nbsp;"
"UKA00967","GB1409A","","UUNN_SALF_015","Urban Traffic","Greater Manchester Urban Area","2021-12-28","","53.483210","-2.261480","398530.87","382745.46","33","UK Urban NO2 Network","",""
"UKA00908","GB1349A","","UUNN_SGLO_001","Urban Traffic","South West","2020-12-24","","51.503644","-2.519164","178428.97","364061.96","42","UK Urban NO2 Network","","&nbsp;"
"UKA00773","GB1214A","","UUNN_SHEF_001","Urban Traffic","Sheffield Urban Area","2019-12-19","","53.406050","-1.414799","390074.05","439002.00","40","UK Urban NO2 Network","","&nbsp;"
"UKA00774","GB1215A","","UUNN_SHEF_002","Urban Traffic","Sheffield Urban Area","2019-12-19","","53.384455","-1.457793","387649.01","436162.00","59","UK Urban NO2 Network","","&nbsp;"
"UKA00775","GB1216A","","UUNN_SHEF_003","Urban Traffic","Sheffield Urban Area","2019-12-19","","53.380302","-1.461844","387184.95","435896.00","58","UK Urban NO2 Network","","&nbsp;"
"UKA00776","GB1217A","","UUNN_SHEF_004","Urban Traffic","Sheffield Urban Area","2019-12-19","","53.373103","-1.470051","386379.97","435356.00","67","UK Urban NO2 Network","","&nbsp;"
"UKA00777","GB1218A","","UUNN_SHEF_005","Urban Traffic","Sheffield Urban Area","2019-12-19","","53.373070","-1.474846","386373.95","435037.00","70","UK Urban NO2 Network","","&nbsp;"
"UKA00779","GB1220A","","UUNN_SHEF_007","Urban Traffic","Sheffield Urban Area","2019-12-19","","53.387669","-1.474937","387998.05","435019.00","55","UK Urban NO2 Network","","&nbsp;"
"UKA00781","GB1222A","","UUNN_SHEF_009","Urban Traffic","Sheffield Urban Area","2019-12-19","","53.372930","-1.463440","386364.01","435796.00","60","UK Urban NO2 Network","","&nbsp;"
"UKA00913","GB1354A","","UUNN_SHEF_010","Urban Traffic","Sheffield Urban Area","2021-01-01","","53.376016","-1.464168","386706.97","435744.99","55","UK Urban NO2 Network","","&nbsp;"
"UKA00914","GB1355A","","UUNN_SHEF_011","Urban Traffic","Sheffield Urban Area","2021-01-01","","53.374531","-1.467674","386540.02","435512.98","59","UK Urban NO2 Network","","&nbsp;"
"UKA00909","GB1350A","","UUNN_SHEF_012","Urban Traffic","Sheffield Urban Area","2021-01-01","","53.375346","-1.467092","386630.97","435551.02","58","UK Urban NO2 Network","","&nbsp;"
"UKA00910","GB1351A","","UUNN_SHEF_013","Urban Traffic","Sheffield Urban Area","2021-01-01","","53.375365","-1.463349","386634.95","435800.02","55","UK Urban NO2 Network","","&nbsp;"
"UKA00911","GB1352A","","UUNN_SHEF_014","Urban Traffic","Sheffield Urban Area","2021-01-01","","53.374024","-1.466808","386484.04","435571.01","59","UK Urban NO2 Network","","&nbsp;"
"UKA00912","GB1353A","","UUNN_SHEF_015","Urban Traffic","Sheffield Urban Area","2021-01-01","","53.389362","-1.465504","388191.06","435645.00","51","UK Urban NO2 Network","","&nbsp;"
"UKA01022","GB1464A","","UUNN_SHEF_016","Urban Traffic","Sheffield Urban Area","2022-12-01","","53.379706","-1.466127","387116.51","435611.59","61","UK Urban NO2 Network","",""
"UKA00784","GB1225A","","UUNN_SOOS_003","Urban Traffic","Southend Urban Area","2019-12-20","","51.563020","0.673258","188290.96","585389.00","22","UK Urban NO2 Network","","&nbsp;"
"UKA00786","GB1227A","","UUNN_SOOS_005","Urban Traffic","Southend Urban Area","2019-12-20","","51.559725","0.683280","187950.04","586097.00","19","UK Urban NO2 Network","","&nbsp;"
"UKA00787","GB1228A","","UUNN_SOOS_006","Urban Traffic","Southend Urban Area","2019-12-20","","51.557408","0.698783","187731.96","587181.00","17","UK Urban NO2 Network","","&nbsp;"
"UKA00788","GB1229A","","UUNN_SOUT_002","Urban Traffic","South East","2019-12-18","","50.921244","-1.474555","113663.05","437030.00","1","UK Urban NO2 Network","","&nbsp;"
"UKA01023","GB1465A","","UUNN_SOUT_003","Urban Traffic","Southampton Urban Area","2022-12-01","","50.912716","-1.435838","112734.78","439758.67","8","UK Urban NO2 Network","",""
"UKA01024","GB1466A","","UUNN_SOUT_006","Urban Traffic","Southampton Urban Area","2022-12-01","","50.947807","-1.405216","116653.95","441880.04","82","UK Urban NO2 Network","",""
"UKA00789","GB1230A","","UUNN_STOC_001","Urban Traffic","Greater Manchester Urban Area","2019-12-11","","53.410258","-2.180346","390398.02","388109.00","57","UK Urban NO2 Network","","&nbsp;"
"UKA00790","GB1231A","","UUNN_STOC_002","Urban Traffic","Greater Manchester Urban Area","2019-12-12","","53.389522","-2.139917","388085.05","390792.00","86","UK Urban NO2 Network","","&nbsp;"
"UKA00791","GB1232A","","UUNN_STOC_003","Urban Traffic","Greater Manchester Urban Area","2019-12-12","","53.422266","-2.115707","391725.01","392408.00","96","UK Urban NO2 Network","","&nbsp;"
"UKA00796","GB1237A","","UUNN_STOC_008","Urban Traffic","Greater Manchester Urban Area","2019-12-12","","53.409277","-2.162426","390286.01","389300.00","50","UK Urban NO2 Network","","&nbsp;"
"UKA00797","GB1238A","","UUNN_STOC_009","Urban Traffic","Greater Manchester Urban Area","2019-12-11","","53.410548","-2.165906","390427.95","389069.00","53","UK Urban NO2 Network","","&nbsp;"
"UKA00798","GB1239A","","UUNN_STOC_010","Urban Traffic","Greater Manchester Urban Area","2019-12-17","","53.418388","-2.151447","391298.03","390032.00","47","UK Urban NO2 Network","","&nbsp;"
"UKA00799","GB1240A","","UUNN_STOC_011","Urban Traffic","Greater Manchester Urban Area","2019-12-17","","53.416713","-2.146551","391111.00","390357.00","53","UK Urban NO2 Network","","&nbsp;"
"UKA00915","GB1356A","","UUNN_STOC_012","Urban Traffic","Greater Manchester Urban Area","2020-12-17","","53.410595","-2.171291","390434.02","388711.02","44","UK Urban NO2 Network","","&nbsp;"
"UKA00916","GB1357A","","UUNN_STOK_002","Urban Traffic","The Potteries","2020-12-10","","53.019962","-2.202444","346981.96","386517.03","120","UK Urban NO2 Network","","&nbsp;"
"UKA00919","GB1360A","","UUNN_STOK_005","Urban Traffic","The Potteries","2020-12-10","","53.017972","-2.170460","346755.00","388662.03","130","UK Urban NO2 Network","","&nbsp;"
"UKA00920","GB1361A","","UUNN_STOK_006","Urban Traffic","The Potteries","2020-12-10","","53.002657","-2.162160","345049.99","389214.97","134","UK Urban NO2 Network","","&nbsp;"
"UKA00921","GB1362A","","UUNN_STOK_007","Urban Traffic","The Potteries","2020-12-10","","52.996372","-2.156638","344349.99","389584.01","140","UK Urban NO2 Network","","&nbsp;"
"UKA00922","GB1363A","","UUNN_STOK_008","Urban Traffic","The Potteries","2020-12-10","","53.004672","-2.179692","345276.95","388038.99","109","UK Urban NO2 Network","","&nbsp;"
"UKA00923","GB1364A","","UUNN_STOK_011","Urban Traffic","The Potteries","2020-12-10","","53.025244","-2.164362","347563.02","389072.96","145","UK Urban NO2 Network","","&nbsp;"
"UKA00924","GB1365A","","UUNN_STOK_012","Urban Traffic","The Potteries","2020-12-10","","53.023118","-2.154365","347325.02","389742.98","120","UK Urban NO2 Network","","&nbsp;"
"UKA00927","GB1368A","","UUNN_STOK_015","Urban Traffic","The Potteries","2020-12-10","","53.025841","-2.161799","347629.04","389245.02","139","UK Urban NO2 Network","","&nbsp;"
"UKA00928","GB1369A","","UUNN_STOK_016","Urban Traffic","The Potteries","2020-12-10","","53.016351","-2.211282","346581.97","385922.98","157","UK Urban NO2 Network","","&nbsp;"
"UKA00968","GB1410A","","UUNN_STOK_017","Urban Traffic","The Potteries","2021-12-28","","52.982645","-2.127321","342819.00","391549.00","154","UK Urban NO2 Network","",""
"UKA00800","GB1241A","","UUNN_TAME_001","Urban Traffic","Greater Manchester Urban Area","2019-12-13","","53.456671","-2.127758","395554.05","391614.00","95","UK Urban NO2 Network","","&nbsp;"
"UKA00801","GB1242A","","UUNN_TAME_002","Urban Traffic","Greater Manchester Urban Area","2019-12-16","","53.457385","-2.147128","395635.97","390328.00","87","UK Urban NO2 Network","","&nbsp;"
"UKA00804","GB1245A","","UUNN_TAME_005","Urban Traffic","Greater Manchester Urban Area","2019-12-13","","53.482937","-2.107585","398474.03","392958.00","105","UK Urban NO2 Network","","&nbsp;"
"UKA00805","GB1246A","","UUNN_TAME_006","Urban Traffic","Greater Manchester Urban Area","2019-12-13","","53.485308","-2.099287","398737.01","393508.99","106","UK Urban NO2 Network","","&nbsp;"
"UKA00807","GB1248A","","UUNN_TAME_008","Urban Traffic","Greater Manchester Urban Area","2019-12-16","","53.456253","-2.131492","395508.00","391366.00","94","UK Urban NO2 Network","","&nbsp;"
"UKA00809","GB1250A","","UUNN_TRAF_001","Urban Traffic","Greater Manchester Urban Area","2019-12-16","","53.444157","-2.313354","394199.99","379284.00","27","UK Urban NO2 Network","","&nbsp;"
"UKA00810","GB1251A","","UUNN_TRAF_002","Urban Traffic","Greater Manchester Urban Area","2019-12-16","","53.448415","-2.304035","394671.02","379905.00","31","UK Urban NO2 Network","","&nbsp;"
"UKA00811","GB1252A","","UUNN_TRAF_003","Urban Traffic","Greater Manchester Urban Area","2019-12-16","","53.456956","-2.296129","395619.02","380434.00","31","UK Urban NO2 Network","","&nbsp;"
"UKA00812","GB1253A","","UUNN_TRAF_004","Urban Traffic","Greater Manchester Urban Area","2019-12-16","","53.466170","-2.330191","396654.05","378177.00","27","UK Urban NO2 Network","","&nbsp;"
"UKA00929","GB1370A","","UUNN_VOWH_001","Urban Traffic","South East","2020-12-22","","51.747906","-1.291363","205705.05","449018.98","75","UK Urban NO2 Network","","&nbsp;"
"UKA00930","GB1371A","","UUNN_WELW_001","Urban Traffic","Eastern","2021-01-01","","51.759482","-0.243742","208213.99","521309.03","81","UK Urban NO2 Network","","&nbsp;"
"UKA00813","GB1254A","","UUNN_WIGA_001","Urban Traffic","North West & Merseyside","2019-12-16","","53.545755","-2.627948","405640.97","358488.00","45","UK Urban NO2 Network","","&nbsp;"
"UKA00945","GB1387R","","UWMN Bencrom River","Rural Background","Northern Ireland","2022-04-01","","54.160000","-5.960000","481047.08","141574.96","0","UKEAP: National Ammonia Monitoring Network","","Please note that the location of this site is only reported to 2 decimal places for latitudes and longitude. The location data has a precision of approximately 1 km for latitude and 600 m for longitude."
"UKA01107","GB1549A","","Wakefield Alverthorpe","Urban Background","West Yorkshire Urban Area","2025-07-01","","53.687360","-1.522209","421317.80","431651.50","44","Automatic Urban and Rural Monitoring Network (AURN)","","The site is located in a green space within a residential area near the outskirts of Wakefield."
"UKA01117","GB1559A","","Walsall Caldmore","Urban Background","West Midlands Urban Area","2025-12-16","","52.574031","-1.983799","297357.00","401195.00","128","Automatic Urban and Rural Monitoring Network (AURN)","",""
"UKA00820","GB1261A","","Walsall Pleck Park","Urban Background","West Midlands Urban Area","2021-01-05","","52.569632","-2.003918","296867.60","399831.50","118","Heavy Metals","",""
"UKA00565","GB1020A","","Walsall Woodlands","Urban Background","West Midlands Urban Area","2012-06-19","","52.605641","-2.030371","300873.49","398040.28","149","Automatic Urban and Rural Monitoring Network (AURN)","","The monitoring station is within a self-contained, air-conditioned housing located within the grounds of Woodlands School. At the edge of a residential road, Hunt's Lane. The area is mostly residential with some light industry. There is a wooded area 120 metres to the west with the M6 beyond that, approximately 660 metres from the station."
"UKA00119","GB0151R","GB0151R","Wardlow Hay Cop","Rural Background","East Midlands","1986-01-22","","53.261715","-1.735789","373889.71","417721.74","350","UKEAP: National Ammonia Monitoring Network; UKEAP: Precip-Net","",""
"UKA00538","GB0958A","","Warrington","Urban Background","North West & Merseyside","2008-10-21","","53.389225","-2.615593","388219.55","359156.22","11","Automatic Urban and Rural Monitoring Network (AURN)","","The monitoring station is within a self-contained, air conditioned housing located at the rear of Sacred Heart Primary School, Warrington. The manifold is approximately 100 metres north of the nearest major road, A57 Sankey Way. The A57 is a busy dual-carriageway. The surrounding area is open, lightly wooded park land to the west of the site and urban residential to the east of the site."
"UKA00658","GB1099A","","West Bromwich Kenrick Park","Urban Background","West Midlands Urban Area","2019-04-01","","52.508342","-1.986070","290049.92","401042.50","156","Automatic Urban and Rural Monitoring Network (AURN)","",""
"UKA00950","GB1392R","","West of Crumlin","Rural Background","Northern Ireland","2022-04-01","","54.620000","-6.240000","533248.22","126388.29","35","UKEAP: National Ammonia Monitoring Network","","Please note that the location of this site is only reported to 2 decimal places for latitudes and longitude. The location data has a precision of approximately 1 km for latitude and 600 m for longitude."
"UKA00433","GB0745A","GB0049R","Weybourne","Rural Background","Eastern","2001-05-30","","52.950490","1.122017","343796.13","609834.35","16","Automatic Urban and Rural Monitoring Network (AURN); Ozone / UV; TOMPs","","The monitoring station is housed within an existing building (Weybourne Atmospheric Observatory) in a remote location on the North coast of Norfolk, approximately 150 metres from the shore. The nearest settlement is Weybourne at a distance of approximately 1 kilometre. The surrounding area is rural."
"UKA00123","GB0334A","","Whiteadder","Rural Background","Central Scotland","1986-02-11","","55.860033","-2.541875","663115.69","366180.00","250","UKEAP: Precip-Net; UKEAP: Rural NO2","",""
"UKA00362","GB0045R","GB0045R","Wicken Fen","Rural Background","Eastern","1997-10-15","","52.298500","0.290917","269179.35","556315.59","5","Automatic Urban and Rural Monitoring Network (AURN); Black Carbon","","The monitoring station is within a self-contained, air conditioned housing located within a field in a rural setting. The nearest road is a small rural track used access only. The closest dwellings are approximately 150 metres east of the monitoring station. The surrounding area is open with isolated trees in open fields."
"UKA00603","GB1045A","","Widnes Milton Road","Urban Traffic","North West & Merseyside","2015-03-09","","53.365391","-2.731680","385640.92","351408.56","13","Automatic Urban and Rural Monitoring Network (AURN); UK Urban NO2 Network","","The monitoring station is within a self-contained air conditioned mobile unit along the road side of Milton road, approximately 500 meters North of Widnes town centre. The site's vicinity comprises some residential houses and shops. The B5149 Kingsway road lies 100m to the west. The monitoring station is located approximately 4 metres from the kerb."
"UKA00482","GB0864A","","Wigan Centre","Urban Background","North West & Merseyside","2004-10-08","","53.549140","-2.638139","406023.56","357816.06","45","Automatic Urban and Rural Monitoring Network (AURN)","","The monitoring station is within a self-contained, air conditioned housing located adjacent to the hockey turf at Deanery High School. The inlet manifold is approximately 180 metres from the nearest minor roads, Frog Lane to the south and Parson's walk to the east. The surrounding area is predominantly residential with industrial and commercial areas to the south."
"UKA00406","GB0730A","","Wirral Tranmere","Urban Background","Birkenhead Urban Area","2000-05-14","","53.372870","-3.022722","386710.96","332053.93","38","Automatic Urban and Rural Monitoring Network (AURN)","","The monitoring station is housed within a self-contained, air-conditioned unit located within the fenced Community Garden which forms part of Victoria Park in Tranmere. The manifold is approximately 50 metres from the nearest minor road, Bebington Road. The Park is approximately 11.6 hectares in size and is bound by residential areas. There is a Gas facility 1.2 kilometres to the west on the banks of the River Mersey. "
"UKA01036","GB1478A","","Woodwalton Fen","Rural Background","Eastern","2023-04-03","","52.449689","-0.193914","285058.94","522838.06","","UKEAP: National Ammonia Monitoring Network","",""
"UKA01098","GB1540A","","Worcester Tolladine","Urban Background","West Midlands","2025-03-24","","52.209364","-2.180563","256809.00","387758.70","40","Automatic Urban and Rural Monitoring Network (AURN)","","The site is situated to the east of a terrace of houses along Tolladine Road. The immediate area surrounding the inlet is primarily residential, with an industrial area approximately 250m to the north. The B4368 lies 100m to the east of the site."
"UKA00628","GB1069A","","Worthing A27 Roadside","Urban Traffic","Brighton/Worthing/Littlehampton","2016-10-01","","50.832947","-0.379916","104962.96","514185.01","14","Automatic Urban and Rural Monitoring Network (AURN)","","Roadside monitoring station beside A27, a busy route through Worthing. Next to pavement; housing nearby. Approximately 50 metres east of Grove Lodge Roundabout. The monitoring station is located approximately 3.5 metres from the kerb."
"UKA01061","GB1503A","","Worthing East Ten Acres","Urban Background","Brighton/Worthing/Littlehampton","2024-08-16","","50.817286","-0.353272","103263.00","516100.00","8","Automatic Urban and Rural Monitoring Network (AURN)","","Green area surrounded by housing in Ten Acres, residential area of Worthing. Approximately 550m from the coast to the south."
"UKA00440","GB0755A","","Wrexham","Urban Traffic","North Wales","2002-03-01","","53.042282","-3.002829","349916.20","332861.75","70","Automatic Urban and Rural Monitoring Network (AURN)","","The monitoring station is housed within a self-contained, air-conditioned unit located opposite Victoria County Primary School on the kerbside of Victoria Road (A5152) and 70 metres from Ruthin Road (A525). The surrounding area comprises residential and open common areas.  The monitoring station is located approximately 5 metres from the kerb."
"UKA01029","GB1471A","","Wyre Forest","Rural Background","West Midlands","2023-03-31","","52.384547","-2.349016","276336.95","376342.03","","UKEAP: National Ammonia Monitoring Network","",""
"UKA00278","GB0858A","","Wytham Wood","Rural Background","South East","1996-09-02","","51.770328","-1.332431","208172.09","446160.99","158","UKEAP: National Ammonia Monitoring Network","",""
"UKA00168","GB0013R","GB0013R","Yarner Wood","Rural Background","South West","1987-06-26","","50.597600","-3.716510","78948.50","278610.58","119","Automatic Urban and Rural Monitoring Network (AURN); Heavy Metals; UKEAP: Acid Gases & Aerosol Network; UKEAP: National Ammonia Monitoring Network; UKEAP: Precip-Net; UKEAP: Rural NO2","","The monitoring station is within a self-contained, air-conditioned housing located in a rural landscape. The nearest road is an access road approximately 60 metres distance. The surrounding area is partly wooded, partly open and comprises rural heath land."
"UKA00523","GB0918A","","York Bootham","Urban Background","Yorkshire & Humberside","2008-01-01","","53.967513","-1.086514","452767.99","460023.83","15","Automatic Urban and Rural Monitoring Network (AURN); Non-Automatic Hydrocarbon Network","","The monitoring station is within a self-contained, air-conditioned housing located within the SW carpark of Bootham Hospital at the edge of large playing fields. The manifold inlet is 50 metres from the nearest minor road, Grosvenor Terrace. The nearest major road is the A19, 320 metres to the SW. The surrounding area is urban residential."
"UKA00524","GB0919A","","York Fishergate","Urban Traffic","Yorkshire & Humberside","2008-01-01","","53.951889","-1.075861","451038.75","460745.34","16","Automatic Urban and Rural Monitoring Network (AURN); Non-Automatic Hydrocarbon Network","","The monitoring station is within a self-contained housing located on a traffic island opposite Fishergate Primary School. The site is situated between the north and south bound lanes of the A19 Fishergate. The surrounding area is predominantly residential with elements of commercial and light industrial properties. The monitoring station is located approximately 1.5 metres from the kerb."
"UKA00505","GB0414A","","Ystradffin","Rural Background","South Wales","2007-09-06","","52.109214","-3.771879","247135.40","278753.82","179","UKEAP: Precip-Net","",""
