dup_id,source,connector_code,station_id,station_ref,station_name,timeseries_id,timeseries_ref,timeseries_label,pollutant,last_value,last_value_at,distance_m,lat_lon,aurn_uk_air_id,aurn_networks
DUP000001,aurn,aurn_register,,UKA00212,Belfast Centre,,,,co,,,0,54.599650 -5.928833,UKA00212,Automatic Urban and Rural Monitoring Network (AURN); Black Carbon; Heavy Metals; Non-Automatic Hydrocarbon Network; UKEAP: National Ammonia Monitoring Network
DUP000001,json,openaq,16503,2527,EEA Belfast Centre - UKA00212,1826,11438892,Belfast Centre - UKA00212,co,209.556,2026-02-19 08:00:00+00,0.000,54.599650 -5.928833,,
DUP000001,json,uk_air_sos,272,760,Belfast Centre,,,Belfast Centre-Carbon monoxide (air),co,,,0.000,54.599650 -5.928833,,
DUP000002,aurn,aurn_register,,UKA00217,Cardiff Centre,,,,co,,,0,51.481780 -3.176250,UKA00217,Automatic Urban and Rural Monitoring Network (AURN); Black Carbon
DUP000002,json,openaq,16486,2485,DEFRA Cardiff Centre,1756,11438890,Cardiff Centre,co,186.272,2026-02-19 15:00:00+00,0.000,51.481780 -3.176250,,
DUP000002,json,uk_air_sos,494,815,Cardiff Centre,,,Cardiff Centre-Carbon monoxide (air),co,,,0.000,51.481780 -3.176250,,
DUP000003,aurn,aurn_register,,UKA00222,Leeds Centre,,,,co,,,0,53.803780 -1.546472,UKA00222,Automatic Urban and Rural Monitoring Network (AURN); Non-Automatic Hydrocarbon Network
DUP000003,json,openaq,16501,2523,DEFRA Leeds Centre,1816,11438891,Leeds Centre,co,116.42,2026-02-19 15:00:00+00,0.000,53.803780 -1.546472,,
DUP000003,json,uk_air_sos,1268,980,Leeds Centre,,,Leeds Centre-Carbon monoxide (air),co,,,0.000,53.803780 -1.546472,,
DUP000004,aurn,aurn_register,,UKA00253,London N. Kensington,,,,co,,,0,51.521050 -0.213419,UKA00253,Automatic Urban and Rural Monitoring Network (AURN); Black Carbon
DUP000004,json,openaq,16383,155,DEFRA London N. Kensington,1453,1304615,London N. Kensington,co,139.704,2026-02-19 15:00:00+00,5.051,51.521050 -0.213492,,
DUP000004,json,uk_air_sos,1567,958,London N. Kensington,,,London N. Kensington-Carbon monoxide (air),co,,,0.000,51.521050 -0.213419,,
DUP000005,aurn,aurn_register,,UKA00315,London Marylebone Road,,,,co,,,0,51.522530 -0.154611,UKA00315,Automatic Hydrocarbon Network; Automatic Urban and Rural Monitoring Network (AURN); Black Carbon; Heavy Metals; PAH Digitel (solid phase); Particle Concentrations and Numbers Network; UK Urban NO2 Network
DUP000005,json,breathelondon,7739,CLDP0015,Marylebone Road - Mains (reference co-location),,,Marylebone Road - Mains (reference co-location),co,,,1.899,51.522541 -0.154590,,
DUP000005,json,breathelondon,7740,CLDP0016,Marylebone Road - Solar (reference co-location),,,Marylebone Road - Solar (reference co-location),co,,,1.899,51.522541 -0.154590,,
DUP000005,json,openaq,16382,154,DEFRA London Marylebone Road,1447,1304850,London Marylebone Road,co,372.544,2026-02-19 15:00:00+00,0.000,51.522530 -0.154611,,
DUP000005,json,uk_air_sos,1519,1030,London Marylebone Road,,,London Marylebone Road-Carbon monoxide (air),co,,,0.000,51.522530 -0.154611,,
DUP000006,aurn,aurn_register,,UKA00454,Edinburgh St Leonards,,,,co,,,0,55.945589 -3.182186,UKA00454,Automatic Urban and Rural Monitoring Network (AURN); PAH Digitel (solid phase)
DUP000006,json,openaq,16409,955,DEFRA Edinburgh St Leonards,1549,11438889,Edinburgh St Leonards,co,151.346,2026-02-19 13:00:00+00,0.000,55.945589 -3.182186,,
DUP000006,json,uk_air_sos,800,879,Edinburgh St Leonards,,,Edinburgh St Leonards-Carbon monoxide (air),co,,,0.000,55.945589 -3.182186,,
DUP000007,aurn,aurn_register,,UKA00501,Port Talbot Margam,,,,co,,,0,51.583950 -3.770822,UKA00501,Automatic Urban and Rural Monitoring Network (AURN); Heavy Metals; Non-Automatic Hydrocarbon Network; PAH Digitel (solid phase)
DUP000007,json,openaq,16408,946,DEFRA Port Talbot Margam,1543,11438888,Port Talbot Margam,co,279.408,2026-02-19 15:00:00+00,0.000,51.583950 -3.770822,,
DUP000007,json,uk_air_sos,1917,1100,Port Talbot Margam,,,Port Talbot Margam-Carbon monoxide (air),co,,,0.000,51.583950 -3.770822,,
DUP000008,aurn,aurn_register,,UKA00128,Bush Estate,,,,no2,,,0,55.862281 -3.205782,UKA00128,Automatic Urban and Rural Monitoring Network (AURN); UKEAP: Acid Gases & Aerosol Network; UKEAP: National Ammonia Monitoring Network
DUP000008,json,openaq,16475,2443,EEA Bush Estate - UKA00128,1724,4674,Bush Estate - UKA00128,no2,6,2026-02-19 19:00:00+00,0.000,55.862281 -3.205782,,
DUP000008,json,uk_air_sos,462,2685,Bush Estate,564,111,Bush Estate-Nitrogen dioxide (air),no2,5.737,2026-02-19 19:00:00+00,0.000,55.862281 -3.205782,,
DUP000009,aurn,aurn_register,,UKA00130,Eskdalemuir,,,,no2,,,0,55.315310 -3.206111,UKA00130,Automatic Urban and Rural Monitoring Network (AURN); Heavy Metals; UKEAP: Acid Gases & Aerosol Network; UKEAP: National Ammonia Monitoring Network; UKEAP: Precip-Net; UKEAP: Rural NO2
DUP000009,json,openaq,16421,2291,DEFRA Eskdalemuir,1581,4669,Eskdalemuir,no2,3,2026-02-19 19:00:00+00,0.000,55.315310 -3.206111,,
DUP000009,json,uk_air_sos,828,2687,Eskdalemuir,565,198,Eskdalemuir-Nitrogen dioxide (air),no2,3.06,2026-02-19 18:00:00+00,0.000,55.315310 -3.206111,,
DUP000010,aurn,aurn_register,,UKA00137,Aston Hill,,,,no2,,,0,52.503850 -3.034178,UKA00137,Automatic Urban and Rural Monitoring Network (AURN)
DUP000010,json,openaq,16454,2394,DEFRA Aston Hill,1667,4475,Aston Hill,no2,5,2026-02-19 19:00:00+00,0.000,52.503850 -3.034178,,
DUP000010,json,uk_air_sos,28,2681,Aston Hill,563,37,Aston Hill-Nitrogen dioxide (air),no2,5.355,2026-02-19 19:00:00+00,0.000,52.503850 -3.034178,,
DUP000011,aurn,aurn_register,,UKA00152,Lullington Heath,,,,no2,,,0,50.793700 0.181250,UKA00152,Automatic Urban and Rural Monitoring Network (AURN); UKEAP: Acid Gases & Aerosol Network; UKEAP: National Ammonia Monitoring Network; UKEAP: Precip-Net; UKEAP: Rural NO2
DUP000011,json,openaq,16481,2455,EEA Lullington Heath - UKA00152,1737,4711,Lullington Heath - UKA00152,no2,12,2026-02-19 19:00:00+00,0.000,50.793700 0.181250,,
DUP000011,json,uk_air_sos,1610,2710,Lullington Heath,569,312,Lullington Heath-Nitrogen dioxide (air),no2,12.24,2026-02-19 19:00:00+00,0.000,50.793700 0.181250,,
DUP000012,aurn,aurn_register,,UKA00168,Yarner Wood,,,,no2,,,0,50.597600 -3.716510,UKA00168,Automatic Urban and Rural Monitoring Network (AURN); Heavy Metals; UKEAP: Acid Gases & Aerosol Network; UKEAP: National Ammonia Monitoring Network; UKEAP: Precip-Net; UKEAP: Rural NO2
DUP000012,json,openaq,16472,2436,DEFRA Yarner Wood,1714,4627,Yarner Wood,no2,2,2026-02-19 19:00:00+00,0.000,50.597600 -3.716510,,
DUP000012,json,uk_air_sos,2426,2748,Yarner Wood,575,528,Yarner Wood-Nitrogen dioxide (air),no2,2.678,2026-02-19 18:00:00+00,0.000,50.597600 -3.716510,,
DUP000013,aurn,aurn_register,,UKA00169,High Muffles,,,,no2,,,0,54.334497 -0.808820,UKA00169,Automatic Urban and Rural Monitoring Network (AURN); PAH Digitel (solid phase); TOMPs; UKEAP: Acid Gases & Aerosol Network; UKEAP: National Ammonia Monitoring Network; UKEAP: Precip-Net; UKEAP: Rural NO2
DUP000013,json,uk_air_sos,1113,2703,High Muffles,567,244,High Muffles-Nitrogen dioxide (air),no2,3.634,2026-02-19 19:00:00+00,0.000,54.334497 -0.808820,,
DUP000014,aurn,aurn_register,,UKA00170,Glazebury,,,,no2,,,0,53.460080 -2.472056,UKA00170,Automatic Urban and Rural Monitoring Network (AURN); Black Carbon
DUP000014,json,openaq,16471,2431,EEA Glazebury - UKA00170,1710,4641,Glazebury - UKA00170,no2,28,2026-02-19 19:00:00+00,0.000,53.460080 -2.472056,,
DUP000014,json,uk_air_sos,898,2692,Glazebury,566,212,Glazebury-Nitrogen dioxide (air),no2,21.994,2026-02-19 18:00:00+00,0.000,53.460080 -2.472056,,
DUP000015,aurn,aurn_register,,UKA00171,Ladybower,,,,no2,,,0,53.403370 -1.752006,UKA00171,Automatic Urban and Rural Monitoring Network (AURN); Black Carbon; UKEAP: Acid Gases & Aerosol Network; UKEAP: National Ammonia Monitoring Network
DUP000015,json,openaq,16438,2337,EEA Ladybower - UKA00171,1621,4272,Ladybower - UKA00171,no2,7,2026-02-19 19:00:00+00,0.000,53.403370 -1.752006,,
DUP000015,json,uk_air_sos,1239,2705,Ladybower,568,280,Ladybower-Nitrogen dioxide (air),no2,6.885,2026-02-19 19:00:00+00,0.000,53.403370 -1.752006,,
DUP000016,aurn,aurn_register,,UKA00181,Sheffield Tinsley,,,,no2,,,0,53.410580 -1.396139,UKA00181,Automatic Urban and Rural Monitoring Network (AURN); Heavy Metals; PAH Digitel (solid phase)
DUP000016,json,openaq,16480,2454,EEA Sheffield Tinsley - UKA00181,1733,4702,Sheffield Tinsley - UKA00181,no2,48,2026-02-19 19:00:00+00,0.000,53.410580 -1.396139,,
DUP000016,json,uk_air_sos,2132,1121,Sheffield Tinsley,548,456,Sheffield Tinsley-Nitrogen dioxide (air),no2,41.501,2026-02-19 18:00:00+00,0.000,53.410580 -1.396139,,
DUP000017,aurn,aurn_register,,UKA00211,London Bloomsbury,,,,no2,,,0,51.522290 -0.125889,UKA00211,Automatic Urban and Rural Monitoring Network (AURN); Non-Automatic Hydrocarbon Network
DUP000017,json,openaq,16376,148,EEA London Bloomsbury - UKA00211,1427,238,London Bloomsbury - UKA00211,no2,38,2026-02-19 19:00:00+00,0.000,51.522290 -0.125889,,
DUP000017,json,uk_air_sos,1379,841,London Bloomsbury,673,148,London Bloomsbury-Nitrogen dioxide (air),no2,38.059,2026-02-19 19:00:00+00,0.000,51.522290 -0.125889,,
DUP000018,aurn,aurn_register,,UKA00212,Belfast Centre,,,,no2,,,0,54.599650 -5.928833,UKA00212,Automatic Urban and Rural Monitoring Network (AURN); Black Carbon; Heavy Metals; Non-Automatic Hydrocarbon Network; UKEAP: National Ammonia Monitoring Network
DUP000018,json,uk_air_sos,276,759,Belfast Centre,638,61,Belfast Centre-Nitrogen dioxide (air),no2,13.77,2026-02-19 19:00:00+00,0.000,54.599650 -5.928833,,
DUP000019,aurn,aurn_register,,UKA00213,Newcastle Centre,,,,no2,,,0,54.978250 -1.610528,UKA00213,Automatic Urban and Rural Monitoring Network (AURN); Black Carbon; Non-Automatic Hydrocarbon Network; PAH Digitel (solid phase)
DUP000019,json,openaq,16418,2051,DEFRA Newcastle Centre,1571,5079253,Newcastle Centre,no2,29,2026-02-19 19:00:00+00,0.000,54.978250 -1.610528,,
DUP000019,json,uk_air_sos,1760,1041,Newcastle Centre,530,366,Newcastle Centre-Nitrogen dioxide (air),no2,21.229,2026-02-19 18:00:00+00,0.000,54.978250 -1.610528,,
DUP000020,aurn,aurn_register,,UKA00217,Cardiff Centre,,,,no2,,,0,51.481780 -3.176250,UKA00217,Automatic Urban and Rural Monitoring Network (AURN); Black Carbon
DUP000020,json,uk_air_sos,495,814,Cardiff Centre,669,125,Cardiff Centre-Nitrogen dioxide (air),no2,14.535,2026-02-19 18:00:00+00,0.000,51.481780 -3.176250,,
DUP000021,aurn,aurn_register,,UKA00220,Middlesbrough,,,,no2,,,0,54.569297 -1.220874,UKA00220,Automatic Urban and Rural Monitoring Network (AURN); Non-Automatic Hydrocarbon Network; PAH Digitel (solid phase)
DUP000021,json,openaq,16405,824,DEFRA Middlesbrough,1530,4248,Middlesbrough,no2,21,2026-02-19 19:00:00+00,0.000,54.569297 -1.220874,,
DUP000021,json,uk_air_sos,1699,1020,Middlesbrough,527,346,Middlesbrough-Nitrogen dioxide (air),no2,,,0.000,54.569297 -1.220874,,
DUP000021,json,uk_air_sos,7701,7542,Middlesbrough,635,2203,Middlesbrough-Nitrogen dioxide (air),no2,21.038,2026-02-19 19:00:00+00,0.000,54.569297 -1.220874,,
DUP000022,aurn,aurn_register,,UKA00222,Leeds Centre,,,,no2,,,0,53.803780 -1.546472,UKA00222,Automatic Urban and Rural Monitoring Network (AURN); Non-Automatic Hydrocarbon Network
DUP000022,json,uk_air_sos,1269,979,Leeds Centre,699,303,Leeds Centre-Nitrogen dioxide (air),no2,29.453,2026-02-19 18:00:00+00,0.000,53.803780 -1.546472,,
DUP000023,aurn,aurn_register,,UKA00235,Southampton Centre,,,,no2,,,0,50.908173 -1.395757,UKA00235,Automatic Urban and Rural Monitoring Network (AURN); Non-Automatic Hydrocarbon Network; PAH Digitel (solid phase)
DUP000023,json,openaq,16394,698,EEA Southampton Centre - UKA00235,1490,1210,Southampton Centre - UKA00235,no2,20,2026-02-19 19:00:00+00,3.954,50.908140 -1.395778,,
DUP000023,json,uk_air_sos,2150,1134,Southampton Centre,550,465,Southampton Centre-Nitrogen dioxide (air),no2,17.212,2026-02-19 18:00:00+00,0.000,50.908173 -1.395757,,
DUP000024,aurn,aurn_register,,UKA00238,London Bexley,,,,no2,,,0,51.466030 0.184806,UKA00238,Automatic Urban and Rural Monitoring Network (AURN)
DUP000024,json,openaq,16385,157,LAQN Bexley - Slade Green Fidas,1461,255,Bexley - Slade Green Fidas,no2,23,2026-02-19 19:00:00+00,7.177,51.465983 0.184877,,
DUP000024,json,uk_air_sos,1371,765,London Bexley,655,66,London Bexley-Nitrogen dioxide (air),no2,-99,2026-02-19 19:00:00+00,0.000,51.466030 0.184806,,
DUP000025,aurn,aurn_register,,UKA00247,Liverpool Speke,,,,no2,,,0,53.346330 -2.844333,UKA00247,Automatic Urban and Rural Monitoring Network (AURN); Non-Automatic Hydrocarbon Network; PAH Digitel (solid phase)
DUP000025,json,openaq,16492,2507,EEA Liverpool Speke - UKA00247,1780,4866,Liverpool Speke - UKA00247,no2,41,2026-02-19 19:00:00+00,0.000,53.346330 -2.844333,,
DUP000025,json,uk_air_sos,1358,1005,Liverpool Speke,525,329,Liverpool Speke-Nitrogen dioxide (air),no2,41.119,2026-02-19 19:00:00+00,0.000,53.346330 -2.844333,,
DUP000026,aurn,aurn_register,,UKA00248,Manchester Piccadilly,,,,no2,,,0,53.481520 -2.237881,UKA00248,Automatic Urban and Rural Monitoring Network (AURN); Non-Automatic Hydrocarbon Network
DUP000026,json,openaq,16429,2312,DEFRA Manchester Piccadilly,1599,4195,Manchester Piccadilly,no2,37,2026-02-19 19:00:00+00,0.000,53.481520 -2.237881,,
DUP000026,json,uk_air_sos,1646,1012,Manchester Piccadilly,526,337,Manchester Piccadilly-Nitrogen dioxide (air),no2,37.485,2026-02-19 19:00:00+00,0.000,53.481520 -2.237881,,
DUP000027,aurn,aurn_register,,UKA00251,Rochester Stoke,,,,no2,,,0,51.456170 0.634889,UKA00251,Automatic Urban and Rural Monitoring Network (AURN)
DUP000027,json,openaq,16514,2558,DEFRA Rochester Stoke,1868,5176,Rochester Stoke,no2,16,2026-02-19 19:00:00+00,0.000,51.456170 0.634889,,
DUP000027,json,uk_air_sos,1962,2730,Rochester Stoke,573,432,Rochester Stoke-Nitrogen dioxide (air),no2,16.256,2026-02-19 19:00:00+00,0.000,51.456170 0.634889,,
DUP000028,aurn,aurn_register,,UKA00253,London N. Kensington,,,,no2,,,0,51.521050 -0.213419,UKA00253,Automatic Urban and Rural Monitoring Network (AURN); Black Carbon
DUP000028,json,uk_air_sos,1568,957,London N. Kensington,695,275,London N. Kensington-Nitrogen dioxide (air),no2,19.125,2026-02-19 19:00:00+00,0.000,51.521050 -0.213419,,
DUP000029,aurn,aurn_register,,UKA00258,Oxford Centre Roadside,,,,no2,,,0,51.751745 -1.257463,UKA00258,Automatic Urban and Rural Monitoring Network (AURN); Non-Automatic Hydrocarbon Network; UK Urban NO2 Network
DUP000029,json,openaq,16431,2318,DEFRA Oxford Centre Roadside,1605,4209,Oxford Centre Roadside,no2,20,2026-02-19 19:00:00+00,0.000,51.751745 -1.257463,,
DUP000029,json,uk_air_sos,1861,1073,Oxford Centre Roadside,537,391,Oxford Centre Roadside-Nitrogen dioxide (air),no2,,,0.000,51.751745 -1.257463,,
DUP000029,json,uk_air_sos,7712,7640,Oxford Centre Roadside,648,2248,Oxford Centre Roadside-Nitrogen dioxide (air),no2,19.508,2026-02-19 19:00:00+00,0.000,51.751745 -1.257463,,
DUP000030,aurn,aurn_register,,UKA00259,Camden Kerbside,,,,no2,,,0,51.544233 -0.175228,UKA00259,Automatic Urban and Rural Monitoring Network (AURN)
DUP000030,json,openaq,16380,152,DEFRA Camden Kerbside,1440,256,Camden Kerbside,no2,37,2026-02-19 19:00:00+00,3.818,51.544210 -0.175269,,
DUP000030,json,uk_air_sos,471,804,Camden Kerbside,664,3,Camden Kerbside-Nitrogen dioxide (air),no2,37.485,2026-02-19 19:00:00+00,0.000,51.544233 -0.175228,,
DUP000031,aurn,aurn_register,,UKA00260,Haringey Roadside,,,,no2,,,0,51.599300 -0.068218,UKA00260,Automatic Urban and Rural Monitoring Network (AURN); Non-Automatic Hydrocarbon Network
DUP000031,json,openaq,16371,60,DEFRA Haringey Roadside,1411,88,Haringey Roadside,no2,31,2026-02-19 19:00:00+00,0.000,51.599300 -0.068218,,
DUP000031,json,uk_air_sos,934,910,Haringey Roadside,685,235,Haringey Roadside-Nitrogen dioxide (air),no2,31.365,2026-02-19 19:00:00+00,0.000,51.599300 -0.068218,,
DUP000032,aurn,aurn_register,,UKA00263,Exeter Roadside,,,,no2,,,0,50.725083 -3.532465,UKA00263,Automatic Urban and Rural Monitoring Network (AURN)
DUP000032,json,openaq,16419,2282,DEFRA Exeter Roadside,1575,4342,Exeter Roadside,no2,25,2026-02-19 19:00:00+00,0.000,50.725083 -3.532465,,
DUP000032,json,uk_air_sos,833,887,Exeter Roadside,680,201,Exeter Roadside-Nitrogen dioxide (air),no2,25.245,2026-02-19 19:00:00+00,0.000,50.725083 -3.532465,,
DUP000033,aurn,aurn_register,,UKA00265,Leamington Spa,,,,no2,,,0,52.288810 -1.533119,UKA00265,Automatic Urban and Rural Monitoring Network (AURN); Non-Automatic Hydrocarbon Network
DUP000033,json,openaq,16507,2535,DEFRA Leamington Spa,1843,5038,Leamington Spa,no2,52,2026-02-19 19:00:00+00,0.000,52.288810 -1.533119,,
DUP000033,json,uk_air_sos,7710,7633,Leamington Spa,646,2142,Leamington Spa-Nitrogen dioxide (air),no2,51.638,2026-02-19 19:00:00+00,0.000,52.288810 -1.533119,,
DUP000033,json,uk_air_sos,1247,965,Leamington Spa,696,285,Leamington Spa-Nitrogen dioxide (air),no2,,,0.000,52.288810 -1.533119,,
DUP000034,aurn,aurn_register,,UKA00266,London Hillingdon,,,,no2,,,0,51.496330 -0.460861,UKA00266,Automatic Urban and Rural Monitoring Network (AURN)
DUP000034,json,openaq,16381,153,DEFRA London Hillingdon,1443,239,London Hillingdon,no2,17,2026-02-19 19:00:00+00,0.000,51.496330 -0.460861,,
DUP000034,json,uk_air_sos,1491,921,London Hillingdon,687,241,London Hillingdon-Nitrogen dioxide (air),no2,14.726,2026-02-19 18:00:00+00,0.000,51.496330 -0.460861,,
DUP000035,aurn,aurn_register,,UKA00272,Thurrock,,,,no2,,,0,51.477070 0.317969,UKA00272,Automatic Urban and Rural Monitoring Network (AURN)
DUP000035,json,openaq,16455,2395,EEA Thurrock - UKA00272,1669,4476,Thurrock - UKA00272,no2,24,2026-02-19 19:00:00+00,0.000,51.477070 0.317969,,
DUP000035,json,uk_air_sos,2329,1162,Thurrock,556,495,Thurrock-Nitrogen dioxide (air),no2,25.054,2026-02-19 18:00:00+00,0.000,51.477070 0.317969,,
DUP000036,aurn,aurn_register,,UKA00315,London Marylebone Road,,,,no2,,,0,51.522530 -0.154611,UKA00315,Automatic Hydrocarbon Network; Automatic Urban and Rural Monitoring Network (AURN); Black Carbon; Heavy Metals; PAH Digitel (solid phase); Particle Concentrations and Numbers Network; UK Urban NO2 Network
DUP000036,json,uk_air_sos,1544,1029,London Marylebone Road,528,356,London Marylebone Road-Nitrogen dioxide (air),no2,29.644,2026-02-19 19:00:00+00,0.000,51.522530 -0.154611,,
DUP000037,aurn,aurn_register,,UKA00323,Narberth,,,,no2,,,0,51.782616 -4.692370,UKA00323,Automatic Urban and Rural Monitoring Network (AURN); UKEAP: Acid Gases & Aerosol Network; UKEAP: National Ammonia Monitoring Network
DUP000037,json,uk_air_sos,1728,2725,Narberth,572,401,Narberth-Nitrogen dioxide (air),no2,7.076,2026-02-19 19:00:00+00,0.000,51.782616 -4.692370,,
DUP000038,aurn,aurn_register,,UKA00336,Glasgow Kerbside,,,,no2,,,0,55.858940 -4.259122,UKA00336,Automatic Urban and Rural Monitoring Network (AURN); Non-Automatic Hydrocarbon Network
DUP000038,json,openaq,16432,2320,EEA Glasgow Kerbside - UKA00336,1606,4220,Glasgow Kerbside - UKA00336,no2,56,2026-02-19 19:00:00+00,29.419,55.859170 -4.258889,,
DUP000038,json,uk_air_sos,864,899,Glasgow Kerbside,682,210,Glasgow Kerbside-Nitrogen dioxide (air),no2,65.981,2026-02-19 18:00:00+00,0.000,55.858940 -4.259122,,
DUP000039,aurn,aurn_register,,UKA00337,Stoke-on-Trent Centre,,,,no2,,,0,53.028210 -2.175133,UKA00337,Automatic Urban and Rural Monitoring Network (AURN); Non-Automatic Hydrocarbon Network
DUP000039,json,openaq,16520,2579,DEFRA Stoke-on-Trent Centre,1890,5316,Stoke-on-Trent Centre,no2,13,2026-02-19 10:00:00+00,0.000,53.028210 -2.175133,,
DUP000039,json,uk_air_sos,2250,1141,Stoke-on-Trent Centre,551,471,Stoke-on-Trent Centre-Nitrogen dioxide (air),no2,-99,2026-02-19 19:00:00+00,0.000,53.028210 -2.175133,,
DUP000040,aurn,aurn_register,,UKA00339,Salford Eccles,,,,no2,,,0,53.484810 -2.334139,UKA00339,Automatic Urban and Rural Monitoring Network (AURN); PAH Digitel (solid phase)
DUP000040,json,openaq,16395,718,DEFRA Salford Eccles,1495,1244,Salford Eccles,no2,50,2026-02-19 19:00:00+00,0.000,53.484810 -2.334139,,
DUP000040,json,uk_air_sos,7714,7646,Salford Eccles,650,2048,Salford Eccles-Nitrogen dioxide (air),no2,49.534,2026-02-19 19:00:00+00,0.000,53.484810 -2.334139,,
DUP000040,json,uk_air_sos,2026,873,Salford Eccles,678,188,Salford Eccles-Nitrogen dioxide (air),no2,,,0.000,53.484810 -2.334139,,
DUP000041,aurn,aurn_register,,UKA00353,Barnsley Gawber,,,,no2,,,0,53.562920 -1.510436,UKA00353,Automatic Urban and Rural Monitoring Network (AURN); Black Carbon; Non-Automatic Hydrocarbon Network
DUP000041,json,openaq,16434,2323,EEA Barnsley Gawber - UKA00353,1608,4362,Barnsley Gawber - UKA00353,no2,31,2026-02-19 19:00:00+00,0.000,53.562920 -1.510436,,
DUP000041,json,uk_air_sos,238,753,Barnsley Gawber,634,44,Barnsley Gawber-Nitrogen dioxide (air),no2,31.365,2026-02-19 19:00:00+00,0.000,53.562920 -1.510436,,
DUP000042,aurn,aurn_register,,UKA00360,Plymouth Centre,,,,no2,,,0,50.371670 -4.142361,UKA00360,Automatic Urban and Rural Monitoring Network (AURN); PAH Digitel (solid phase)
DUP000042,json,openaq,16488,2488,EEA Plymouth Centre - UKA00360,1765,4815,Plymouth Centre - UKA00360,no2,24,2026-02-19 19:00:00+00,0.000,50.371670 -4.142361,,
DUP000042,json,uk_air_sos,1885,1083,Plymouth Centre,540,406,Plymouth Centre-Nitrogen dioxide (air),no2,18.169,2026-02-19 18:00:00+00,0.000,50.371670 -4.142361,,
DUP000043,aurn,aurn_register,,UKA00362,Wicken Fen,,,,no2,,,0,52.298500 0.290917,UKA00362,Automatic Urban and Rural Monitoring Network (AURN); Black Carbon
DUP000043,json,openaq,16404,804,EEA Wicken Fen - UKA00362,1525,4238,Wicken Fen - UKA00362,no2,8,2026-02-19 19:00:00+00,0.000,52.298500 0.290917,,
DUP000043,json,uk_air_sos,2370,2743,Wicken Fen,574,511,Wicken Fen-Nitrogen dioxide (air),no2,7.841,2026-02-19 18:00:00+00,0.000,52.298500 0.290917,,
DUP000044,aurn,aurn_register,,UKA00380,Newport,,,,no2,,,0,51.601203 -2.977281,UKA00380,Automatic Urban and Rural Monitoring Network (AURN); Non-Automatic Hydrocarbon Network; PAH Digitel (solid phase)
DUP000044,json,openaq,16399,764,DEFRA Newport,1509,4267,Newport,no2,25,2026-02-19 19:00:00+00,0.000,51.601203 -2.977281,,
DUP000044,json,uk_air_sos,1794,1059,Newport,535,382,Newport-Nitrogen dioxide (air),no2,,,0.000,51.601203 -2.977281,,
DUP000044,json,uk_air_sos,7711,7637,Newport,647,2239,Newport-Nitrogen dioxide (air),no2,25.054,2026-02-19 19:00:00+00,0.000,51.601203 -2.977281,,
DUP000045,aurn,aurn_register,,UKA00381,Scunthorpe Town,,,,no2,,,0,53.586340 -0.636811,UKA00381,Automatic Urban and Rural Monitoring Network (AURN); Heavy Metals; Non-Automatic Hydrocarbon Network; PAH Digitel (solid phase)
DUP000045,json,openaq,16400,768,DEFRA Scunthorpe Town,1512,5046,Scunthorpe Town,no2,12,2026-02-19 10:00:00+00,0.000,53.586340 -0.636811,,
DUP000045,json,uk_air_sos,2092,1111,Scunthorpe Town,545,440,Scunthorpe Town-Nitrogen dioxide (air),no2,,,0.000,53.586340 -0.636811,,
DUP000045,json,uk_air_sos,7715,7648,Scunthorpe Town,651,2297,Scunthorpe Town-Nitrogen dioxide (air),no2,-99,2026-02-19 19:00:00+00,0.000,53.586340 -0.636811,,
DUP000046,aurn,aurn_register,,UKA00396,Cambridge Roadside,,,,no2,,,0,52.202370 0.124456,UKA00396,Automatic Urban and Rural Monitoring Network (AURN); Non-Automatic Hydrocarbon Network
DUP000046,json,openaq,16477,2449,DEFRA Cambridge Roadside,1728,4688,Cambridge Roadside,no2,36,2026-02-19 19:00:00+00,0.000,52.202370 0.124456,,
DUP000046,json,uk_air_sos,7707,7621,Cambridge Roadside,642,1983,Cambridge Roadside-Nitrogen dioxide (air),no2,35.764,2026-02-19 19:00:00+00,0.000,52.202370 0.124456,,
DUP000046,json,uk_air_sos,467,808,Cambridge Roadside,665,116,Cambridge Roadside-Nitrogen dioxide (air),no2,,,0.000,52.202370 0.124456,,
DUP000047,aurn,aurn_register,,UKA00406,Wirral Tranmere,,,,no2,,,0,53.372870 -3.022722,UKA00406,Automatic Urban and Rural Monitoring Network (AURN)
DUP000047,json,openaq,16505,2533,EEA Wirral Tranmere - UKA00406,1836,5022,Wirral Tranmere - UKA00406,no2,29,2026-02-19 19:00:00+00,0.000,53.372870 -3.022722,,
DUP000047,json,uk_air_sos,2388,1167,Wirral Tranmere,557,499,Wirral Tranmere-Nitrogen dioxide (air),no2,26.966,2026-02-19 18:00:00+00,0.000,53.372870 -3.022722,,
DUP000048,aurn,aurn_register,,UKA00408,Preston,,,,no2,,,0,53.765590 -2.680353,UKA00408,Automatic Urban and Rural Monitoring Network (AURN); PAH Digitel (solid phase)
DUP000048,json,openaq,16499,2517,EEA Preston - UKA00408,1808,5093,Preston - UKA00408,no2,37,2026-02-19 19:00:00+00,0.000,53.765590 -2.680353,,
DUP000048,json,uk_air_sos,1939,1093,Preston,542,415,Preston-Nitrogen dioxide (air),no2,34.042,2026-02-19 18:00:00+00,0.000,53.765590 -2.680353,,
DUP000049,aurn,aurn_register,,UKA00409,Southend-on-Sea,,,,no2,,,0,51.544166 0.678331,UKA00409,Automatic Urban and Rural Monitoring Network (AURN)
DUP000049,json,openaq,16504,2530,EEA Southend-on-Sea - UKA00409,1832,5005,Southend-on-Sea - UKA00409,no2,18,2026-02-19 19:00:00+00,6.938,51.544206 0.678408,,
DUP000049,json,uk_air_sos,2161,1118,Southend-on-Sea,547,447,Southend-on-Sea-Nitrogen dioxide (air),no2,18.36,2026-02-19 18:00:00+00,0.000,51.544166 0.678331,,
DUP000050,aurn,aurn_register,,UKA00420,Grangemouth,,,,no2,,,0,56.010319 -3.704399,UKA00420,Automatic Urban and Rural Monitoring Network (AURN); Non-Automatic Hydrocarbon Network
DUP000050,json,openaq,16443,2356,DEFRA Grangemouth,1637,5079276,Grangemouth,no2,7,2026-02-19 19:00:00+00,0.000,56.010319 -3.704399,,
DUP000050,json,uk_air_sos,7700,7532,Grangemouth,633,2083,Grangemouth-Nitrogen dioxide (air),no2,6.694,2026-02-19 19:00:00+00,0.000,56.010319 -3.704399,,
DUP000050,json,uk_air_sos,910,905,Grangemouth,684,223,Grangemouth-Nitrogen dioxide (air),no2,,,0.000,56.010319 -3.704399,,
DUP000051,aurn,aurn_register,,UKA00421,Portsmouth,,,,no2,,,0,50.828810 -1.068583,UKA00421,Automatic Urban and Rural Monitoring Network (AURN); PAH Digitel (solid phase)
DUP000051,json,openaq,16502,2526,EEA Portsmouth - UKA00421,1822,5057,Portsmouth - UKA00421,no2,22,2026-02-19 19:00:00+00,0.000,50.828810 -1.068583,,
DUP000051,json,uk_air_sos,1898,1087,Portsmouth,541,411,Portsmouth-Nitrogen dioxide (air),no2,21.994,2026-02-19 19:00:00+00,0.000,50.828810 -1.068583,,
DUP000052,aurn,aurn_register,,UKA00428,Dumfries,,,,no2,,,0,55.070033 -3.614233,UKA00428,Automatic Urban and Rural Monitoring Network (AURN)
DUP000052,json,openaq,16462,2416,DEFRA Dumfries,1686,4530,Dumfries,no2,23,2026-02-19 19:00:00+00,0.000,55.070033 -3.614233,,
DUP000052,json,uk_air_sos,767,862,Dumfries,675,172,Dumfries-Nitrogen dioxide (air),no2,22.567,2026-02-19 19:00:00+00,0.000,55.070033 -3.614233,,
DUP000053,aurn,aurn_register,,UKA00429,Bournemouth,,,,no2,,,0,50.739570 -1.826744,UKA00429,Automatic Urban and Rural Monitoring Network (AURN)
DUP000053,json,openaq,16428,2310,DEFRA Bournemouth,1596,4192,Bournemouth,no2,17,2026-02-19 19:00:00+00,0.000,50.739570 -1.826744,,
DUP000053,json,uk_air_sos,410,789,Bournemouth,661,91,Bournemouth-Nitrogen dioxide (air),no2,17.212,2026-02-19 19:00:00+00,0.000,50.739570 -1.826744,,
DUP000054,aurn,aurn_register,,UKA00434,Inverness,,,,no2,,,0,57.481308 -4.241451,UKA00434,Automatic Urban and Rural Monitoring Network (AURN)
DUP000054,json,openaq,16410,968,DEFRA Inverness,1555,5079238,Inverness,no2,22,2026-02-19 19:00:00+00,0.000,57.481308 -4.241451,,
DUP000054,json,uk_air_sos,1180,952,Inverness,694,271,Inverness-Nitrogen dioxide (air),no2,21.802,2026-02-19 19:00:00+00,0.000,57.481308 -4.241451,,
DUP000055,aurn,aurn_register,,UKA00435,London Westminster,,,,no2,,,0,51.494670 -0.131931,UKA00435,Automatic Urban and Rural Monitoring Network (AURN); Heavy Metals
DUP000055,json,openaq,16387,159,DEFRA London Westminster,1468,258,London Westminster,no2,28,2026-02-19 19:00:00+00,0.000,51.494670 -0.131931,,
DUP000055,json,uk_air_sos,1591,933,London Westminster,691,255,London Westminster-Nitrogen dioxide (air),no2,29.835,2026-02-19 18:00:00+00,0.000,51.494670 -0.131931,,
DUP000056,aurn,aurn_register,,UKA00440,Wrexham,,,,no2,,,0,53.042282 -3.002829,UKA00440,Automatic Urban and Rural Monitoring Network (AURN)
DUP000056,json,openaq,16474,2442,EEA Wrexham - UKA00440,1720,4678,Wrexham - UKA00440,no2,22,2026-02-19 19:00:00+00,7.691,53.042220 -3.002778,,
DUP000056,json,uk_air_sos,2403,1183,Wrexham,561,519,Wrexham-Nitrogen dioxide (air),no2,26.775,2026-02-19 18:00:00+00,0.000,53.042282 -3.002829,,
DUP000057,aurn,aurn_register,,UKA00445,St Osyth,,,,no2,,,0,51.777874 1.049010,UKA00445,Automatic Urban and Rural Monitoring Network (AURN); Black Carbon
DUP000057,json,openaq,16417,1795,EEA St Osyth - UKA00445,1567,3171,St Osyth - UKA00445,no2,11,2026-02-19 19:00:00+00,11.875,51.777980 1.049031,,
DUP000057,json,uk_air_sos,2264,2722,St Osyth,571,388,St Osyth-Nitrogen dioxide (air),no2,11.284,2026-02-19 19:00:00+00,0.000,51.777874 1.049010,,
DUP000058,aurn,aurn_register,,UKA00450,Hull Freetown,,,,no2,,,0,53.748780 -0.341222,UKA00450,Automatic Urban and Rural Monitoring Network (AURN)
DUP000058,json,openaq,16494,2509,EEA Hull Freetown - UKA00450,1789,5076,Hull Freetown - UKA00450,no2,45,2026-02-19 19:00:00+00,0.000,53.748780 -0.341222,,
DUP000058,json,uk_air_sos,1161,945,Hull Freetown,693,263,Hull Freetown-Nitrogen dioxide (air),no2,35.381,2026-02-19 18:00:00+00,0.000,53.748780 -0.341222,,
DUP000059,aurn,aurn_register,,UKA00454,Edinburgh St Leonards,,,,no2,,,0,55.945589 -3.182186,UKA00454,Automatic Urban and Rural Monitoring Network (AURN); PAH Digitel (solid phase)
DUP000059,json,uk_air_sos,811,880,Edinburgh St Leonards,679,193,Edinburgh St Leonards-Nitrogen dioxide (air),no2,13.196,2026-02-19 19:00:00+00,0.000,55.945589 -3.182186,,
DUP000060,aurn,aurn_register,,UKA00462,Reading New Town,,,,no2,,,0,51.453090 -0.944067,UKA00462,Automatic Urban and Rural Monitoring Network (AURN)
DUP000060,json,openaq,16484,2479,DEFRA Reading New Town,1749,5264,Reading New Town,no2,23,2026-02-19 19:00:00+00,0.000,51.453090 -0.944067,,
DUP000060,json,openaq,16753,225778,LAQN Reading - New Town,2609,1304733,Reading - New Town,no2,,,29.693,51.452985 -0.944461,,
DUP000060,json,uk_air_sos,1951,1104,Reading New Town,544,427,Reading New Town-Nitrogen dioxide (air),no2,20.464,2026-02-19 18:00:00+00,0.000,51.453090 -0.944067,,
DUP000061,aurn,aurn_register,,UKA00472,London Harlington,,,,no2,,,0,51.488790 -0.441614,UKA00472,Automatic Urban and Rural Monitoring Network (AURN)
DUP000061,json,openaq,16373,141,EEA London Harlington - UKA00472,1416,237,London Harlington - UKA00472,no2,15.67925,2026-02-18 22:00:00+00,0.000,51.488790 -0.441614,,
DUP000061,json,uk_air_sos,1476,939,London Harlington,692,259,London Harlington-Nitrogen dioxide (air),no2,19.941,2026-02-19 19:00:00+00,0.000,51.488790 -0.441614,,
DUP000062,aurn,aurn_register,,UKA00482,Wigan Centre,,,,no2,,,0,53.549140 -2.638139,UKA00482,Automatic Urban and Rural Monitoring Network (AURN)
DUP000062,json,openaq,16422,2293,EEA Wigan Centre - UKA00482,1583,4144,Wigan Centre - UKA00482,no2,30,2026-02-19 19:00:00+00,0.000,53.549140 -2.638139,,
DUP000062,json,uk_air_sos,2380,1177,Wigan Centre,560,515,Wigan Centre-Nitrogen dioxide (air),no2,,,0.000,53.549140 -2.638139,,
DUP000062,json,uk_air_sos,7717,7655,Wigan Centre,653,2371,Wigan Centre-Nitrogen dioxide (air),no2,30.409,2026-02-19 18:00:00+00,0.000,53.549140 -2.638139,,
DUP000063,aurn,aurn_register,,UKA00483,Brighton Preston Park,,,,no2,,,0,50.840836 -0.147572,UKA00483,Automatic Urban and Rural Monitoring Network (AURN)
DUP000063,json,openaq,16444,2360,EEA Brighton Preston Park - UKA00483,1641,4339,Brighton Preston Park - UKA00483,no2,15,2026-02-19 19:00:00+00,0.000,50.840836 -0.147572,,
DUP000063,json,openaq,16691,225706,LAQN Brighton and Hove - Preston Park,2465,1304548,Brighton and Hove - Preston Park,no2,,,12.233,50.840726 -0.147575,,
DUP000063,json,uk_air_sos,421,800,Brighton Preston Park,663,103,Brighton Preston Park-Nitrogen dioxide (air),no2,15.109,2026-02-19 18:00:00+00,0.000,50.840836 -0.147572,,
DUP000064,aurn,aurn_register,,UKA00484,Sunderland Silksworth,,,,no2,,,0,54.883610 -1.406878,UKA00484,Automatic Urban and Rural Monitoring Network (AURN)
DUP000064,json,openaq,16519,2578,EEA Sunderland Silksworth - UKA00484,1886,5079319,Sunderland Silksworth - UKA00484,no2,24,2026-02-19 19:00:00+00,0.000,54.883610 -1.406878,,
DUP000064,json,uk_air_sos,2273,1149,Sunderland Silksworth,553,479,Sunderland Silksworth-Nitrogen dioxide (air),no2,,,0.000,54.883610 -1.406878,,
DUP000064,json,uk_air_sos,7716,7652,Sunderland Silksworth,652,2335,Sunderland Silksworth-Nitrogen dioxide (air),no2,21.611,2026-02-19 18:00:00+00,0.000,54.883610 -1.406878,,
DUP000065,aurn,aurn_register,,UKA00488,Blackpool Marton,,,,no2,,,0,53.804890 -3.007175,UKA00488,Automatic Urban and Rural Monitoring Network (AURN)
DUP000065,json,openaq,16437,2336,DEFRA Blackpool Marton,1617,4269,Blackpool Marton,no2,29,2026-02-19 19:00:00+00,0.000,53.804890 -3.007175,,
DUP000065,json,uk_air_sos,373,783,Blackpool Marton,660,85,Blackpool Marton-Nitrogen dioxide (air),no2,28.879,2026-02-19 19:00:00+00,0.000,53.804890 -3.007175,,
DUP000066,aurn,aurn_register,,UKA00489,Leominster,,,,no2,,,0,52.221593 -2.736840,UKA00489,Automatic Urban and Rural Monitoring Network (AURN)
DUP000066,json,openaq,16468,2427,EEA Leominster - UKA00489,1703,4628,Leominster - UKA00489,no2,13,2026-02-19 19:00:00+00,20.231,52.221740 -2.736665,,
DUP000066,json,uk_air_sos,1324,992,Leominster,701,308,Leominster-Nitrogen dioxide (air),no2,13.196,2026-02-19 19:00:00+00,0.000,52.221593 -2.736840,,
DUP000067,aurn,aurn_register,,UKA00494,Bristol St Paul's,,,,no2,,,0,51.462839 -2.584482,UKA00494,Automatic Urban and Rural Monitoring Network (AURN); PAH Digitel (solid phase)
DUP000067,json,openaq,16397,731,DEFRA Bristol St Paul's,1501,5079231,Bristol St Paul's,no2,27,2026-02-19 19:00:00+00,0.000,51.462839 -2.584482,,
DUP000067,json,uk_air_sos,434,794,Bristol St Paul's,662,99,Bristol St Paul's-Nitrogen dioxide (air),no2,27.349,2026-02-19 19:00:00+00,0.000,51.462839 -2.584482,,
DUP000068,aurn,aurn_register,,UKA00495,Fort William,,,,no2,,,0,56.822660 -5.101102,UKA00495,Automatic Urban and Rural Monitoring Network (AURN)
DUP000068,json,openaq,16473,2438,DEFRA Fort William,1718,4652,Fort William,no2,25,2026-02-19 19:00:00+00,0.000,56.822660 -5.101102,,
DUP000068,json,uk_air_sos,839,889,Fort William,681,204,Fort William-Nitrogen dioxide (air),no2,24.671,2026-02-19 19:00:00+00,0.000,56.822660 -5.101102,,
DUP000069,aurn,aurn_register,,UKA00497,Swansea Roadside,,,,no2,,,0,51.632696 -3.947374,UKA00497,Automatic Urban and Rural Monitoring Network (AURN)
DUP000069,json,openaq,16518,2577,EEA Swansea Roadside - UKA00497,1883,5289,Swansea Roadside - UKA00497,no2,30,2026-02-19 19:00:00+00,0.000,51.632696 -3.947374,,
DUP000069,json,uk_air_sos,2308,1154,Swansea Roadside,554,485,Swansea Roadside-Nitrogen dioxide (air),no2,30.409,2026-02-19 19:00:00+00,0.000,51.632696 -3.947374,,
DUP000070,aurn,aurn_register,,UKA00501,Port Talbot Margam,,,,no2,,,0,51.583950 -3.770822,UKA00501,Automatic Urban and Rural Monitoring Network (AURN); Heavy Metals; Non-Automatic Hydrocarbon Network; PAH Digitel (solid phase)
DUP000070,json,uk_air_sos,1928,1096,Port Talbot Margam,543,421,Port Talbot Margam-Nitrogen dioxide (air),no2,25.245,2026-02-19 18:00:00+00,0.000,51.583950 -3.770822,,
DUP000071,aurn,aurn_register,,UKA00503,Ballymena Ballykeel,,,,no2,,,0,54.861595 -6.250873,UKA00503,Automatic Urban and Rural Monitoring Network (AURN); Black Carbon; PAH Digitel (solid phase)
DUP000071,json,openaq,16396,726,EEA Ballymena Ballykeel - UKA00503,1499,5304,Ballymena Ballykeel - UKA00503,no2,25,2026-02-19 19:00:00+00,0.000,54.861595 -6.250873,,
DUP000071,json,uk_air_sos,221,4075,Ballymena Ballykeel,,,Ballymena Ballykeel-Nitrogen dioxide (air),no2,,,0.000,54.861595 -6.250873,,
DUP000071,json,uk_air_sos,7673,6433,Ballymena Ballykeel,603,3599,Ballymena Ballykeel-Nitrogen dioxide (air),no2,25.054,2026-02-19 19:00:00+00,0.000,54.861595 -6.250873,,
DUP000072,aurn,aurn_register,,UKA00511,Horley,,,,no2,,,0,51.165865 -0.167734,UKA00511,Automatic Urban and Rural Monitoring Network (AURN); Particle Concentrations and Numbers Network
DUP000072,json,openaq,16508,2541,DEFRA Horley,1847,5054,Horley,no2,15,2026-02-19 19:00:00+00,0.000,51.165865 -0.167734,,
DUP000072,json,uk_air_sos,1126,930,Horley,690,253,Horley-Nitrogen dioxide (air),no2,14.918,2026-02-19 19:00:00+00,0.000,51.165865 -0.167734,,
DUP000073,aurn,aurn_register,,UKA00515,Chepstow A48,,,,no2,,,0,51.638094 -2.678731,UKA00515,Automatic Urban and Rural Monitoring Network (AURN)
DUP000073,json,openaq,16513,2553,DEFRA Chepstow A48,1865,5160,Chepstow A48,no2,42,2026-02-19 19:00:00+00,0.000,51.638094 -2.678731,,
DUP000073,json,uk_air_sos,7708,7624,Chepstow A48,643,2006,Chepstow A48-Nitrogen dioxide (air),no2,41.884,2026-02-19 19:00:00+00,0.000,51.638094 -2.678731,,
DUP000073,json,uk_air_sos,568,828,Chepstow A48,671,139,Chepstow A48-Nitrogen dioxide (air),no2,,,0.000,51.638094 -2.678731,,
DUP000074,aurn,aurn_register,,UKA00518,Oxford St Ebbes,,,,no2,,,0,51.744806 -1.260278,UKA00518,Automatic Urban and Rural Monitoring Network (AURN); Non-Automatic Hydrocarbon Network
DUP000074,json,openaq,16482,2469,DEFRA Oxford St Ebbes,1742,4746,Oxford St Ebbes,no2,18,2026-02-19 19:00:00+00,0.000,51.744806 -1.260278,,
DUP000074,json,uk_air_sos,1865,1075,Oxford St Ebbes,538,394,Oxford St Ebbes-Nitrogen dioxide (air),no2,,,0.000,51.744806 -1.260278,,
DUP000074,json,uk_air_sos,7713,7643,Oxford St Ebbes,649,2251,Oxford St Ebbes-Nitrogen dioxide (air),no2,18.169,2026-02-19 19:00:00+00,0.000,51.744806 -1.260278,,
DUP000075,aurn,aurn_register,,UKA00523,York Bootham,,,,no2,,,0,53.967513 -1.086514,UKA00523,Automatic Urban and Rural Monitoring Network (AURN); Non-Automatic Hydrocarbon Network
DUP000075,json,openaq,16398,742,DEFRA York Bootham,1505,7823,York Bootham,no2,10,2026-02-19 19:00:00+00,0.000,53.967513 -1.086514,,
DUP000075,json,uk_air_sos,2433,785704,York Bootham,,,York Bootham-Nitrogen dioxide (air),no2,,,0.000,53.967513 -1.086514,,
DUP000075,json,uk_air_sos,7718,7658,York Bootham,654,4171,York Bootham-Nitrogen dioxide (air),no2,15.682,2026-02-19 18:00:00+00,0.000,53.967513 -1.086514,,
DUP000076,aurn,aurn_register,,UKA00524,York Fishergate,,,,no2,,,0,53.951889 -1.075861,UKA00524,Automatic Urban and Rural Monitoring Network (AURN); Non-Automatic Hydrocarbon Network
DUP000076,json,openaq,16509,2544,DEFRA York Fishergate,1850,5087,York Fishergate,no2,44,2026-02-19 19:00:00+00,0.000,53.951889 -1.075861,,
DUP000076,json,uk_air_sos,2444,1189,York Fishergate,562,525,York Fishergate-Nitrogen dioxide (air),no2,,,0.000,53.951889 -1.075861,,
DUP000076,json,uk_air_sos,7719,7661,York Fishergate,656,2381,York Fishergate-Nitrogen dioxide (air),no2,42.84,2026-02-19 18:00:00+00,0.000,53.951889 -1.075861,,
DUP000077,aurn,aurn_register,,UKA00525,Stanford-le-Hope Roadside,,,,no2,,,0,51.518167 0.439548,UKA00525,Automatic Urban and Rural Monitoring Network (AURN); UK Urban NO2 Network
DUP000077,json,openaq,16489,2489,DEFRA Stanford-le-Hope Roadside,1769,4802,Stanford-le-Hope Roadside,no2,25,2026-02-19 14:00:00+00,0.000,51.518167 0.439548,,
DUP000077,json,uk_air_sos,2198,925,Stanford-le-Hope Roadside,689,250,Stanford-le-Hope Roadside-Nitrogen dioxide (air),no2,-99,2026-02-19 19:00:00+00,0.000,51.518167 0.439548,,
DUP000078,aurn,aurn_register,,UKA00527,Leeds Headingley Kerbside,,,,no2,,,0,53.819972 -1.576361,UKA00527,Automatic Urban and Rural Monitoring Network (AURN); UK Urban NO2 Network
DUP000078,json,openaq,16414,1396,DEFRA Leeds Headingley Kerbside,1561,2500,Leeds Headingley Kerbside,no2,37,2026-02-19 18:00:00+00,0.000,53.819972 -1.576361,,
DUP000078,json,uk_air_sos,1276,974,Leeds Headingley Kerbside,698,298,Leeds Headingley Kerbside-Nitrogen dioxide (air),no2,34.616,2026-02-19 19:00:00+00,0.000,53.819972 -1.576361,,
DUP000079,aurn,aurn_register,,UKA00528,Newcastle Cradlewell Roadside,,,,no2,,,0,54.986405 -1.595362,UKA00528,Automatic Urban and Rural Monitoring Network (AURN); UK Urban NO2 Network
DUP000079,json,openaq,16439,2338,EEA Newcastle Cradlewell Roadside - UKA00528,1626,4274,Newcastle Cradlewell Roadside - UKA00528,no2,60,2026-02-19 19:00:00+00,0.000,54.986405 -1.595362,,
DUP000079,json,uk_air_sos,1768,1038,Newcastle Cradlewell Roadside,529,363,Newcastle Cradlewell Roadside-Nitrogen dioxide (air),no2,60.435,2026-02-19 19:00:00+00,0.000,54.986405 -1.595362,,
DUP000080,aurn,aurn_register,,UKA00529,Chesterfield Roadside,,,,no2,,,0,53.231751 -1.456928,UKA00529,Automatic Urban and Rural Monitoring Network (AURN); Non-Automatic Hydrocarbon Network; UK Urban NO2 Network
DUP000080,json,openaq,16406,865,DEFRA Chesterfield Roadside,1535,1557,Chesterfield Roadside,no2,22,2026-02-19 19:00:00+00,3.396,53.231722 -1.456944,,
DUP000080,json,uk_air_sos,592,836,Chesterfield Roadside,645,2010,Chesterfield Roadside-Nitrogen dioxide (air),no2,21.611,2026-02-19 19:00:00+00,0.000,53.231751 -1.456928,,
DUP000081,aurn,aurn_register,,UKA00535,Stockton-on-Tees Eaglescliffe,,,,no2,,,0,54.516667 -1.358547,UKA00535,Automatic Urban and Rural Monitoring Network (AURN); Non-Automatic Hydrocarbon Network
DUP000081,json,openaq,16392,414,EEA Stockton-on-Tees Eaglescliffe - UKA00535,1486,5320,Stockton-on-Tees Eaglescliffe - UKA00535,no2,32,2026-02-19 19:00:00+00,0.000,54.516667 -1.358547,,
DUP000081,json,uk_air_sos,2215,864,Stockton-on-Tees Eaglescliffe,676,176,Stockton-on-Tees Eaglescliffe-Nitrogen dioxide (air),no2,31.747,2026-02-19 19:00:00+00,0.000,54.516667 -1.358547,,
DUP000082,aurn,aurn_register,,UKA00537,Charlton Mackrell,,,,no2,,,0,51.056250 -2.683450,UKA00537,Automatic Urban and Rural Monitoring Network (AURN)
DUP000082,json,openaq,16453,2389,EEA Charlton Mackrell - UKA00537,1663,4444,Charlton Mackrell - UKA00537,no2,9,2026-02-19 19:00:00+00,0.000,51.056250 -2.683450,,
DUP000082,json,uk_air_sos,553,2715,Charlton Mackrell,570,334,Charlton Mackrell-Nitrogen dioxide (air),no2,9.371,2026-02-19 19:00:00+00,0.000,51.056250 -2.683450,,
DUP000083,aurn,aurn_register,,UKA00538,Warrington,,,,no2,,,0,53.389225 -2.615593,UKA00538,Automatic Urban and Rural Monitoring Network (AURN)
DUP000083,json,openaq,16483,2475,DEFRA Warrington,1746,4756,Warrington,no2,22,2026-02-19 19:00:00+00,16.741,53.389280 -2.615358,,
DUP000083,json,uk_air_sos,2354,1173,Warrington,559,507,Warrington-Nitrogen dioxide (air),no2,20.846,2026-02-19 18:00:00+00,0.000,53.389225 -2.615593,,
DUP000084,aurn,aurn_register,,UKA00541,Armagh Roadside,,,,no2,,,0,54.353728 -6.654558,UKA00541,Automatic Urban and Rural Monitoring Network (AURN); PAH Digitel (solid phase)
DUP000084,json,openaq,16452,2386,DEFRA Armagh Roadside,1661,5079288,Armagh Roadside,no2,62,2026-02-19 19:00:00+00,0.000,54.353728 -6.654558,,
DUP000084,json,uk_air_sos,24,748,Armagh Roadside,631,41,Armagh Roadside-Nitrogen dioxide (air),no2,,,0.000,54.353728 -6.654558,,
DUP000084,json,uk_air_sos,7704,7612,Armagh Roadside,639,1917,Armagh Roadside-Nitrogen dioxide (air),no2,62.156,2026-02-19 19:00:00+00,0.000,54.353728 -6.654558,,
DUP000085,aurn,aurn_register,,UKA00544,Grangemouth Moray,,,,no2,,,0,56.013142 -3.710833,UKA00544,Automatic Urban and Rural Monitoring Network (AURN)
DUP000085,json,openaq,16442,2355,DEFRA Grangemouth Moray,1636,4326,Grangemouth Moray,no2,15,2026-02-19 18:00:00+00,0.000,56.013142 -3.710833,,
DUP000085,json,uk_air_sos,907,903,Grangemouth Moray,683,220,Grangemouth Moray-Nitrogen dioxide (air),no2,-99,2026-02-19 19:00:00+00,0.000,56.013142 -3.710833,,
DUP000086,aurn,aurn_register,,UKA00546,Eastbourne,,,,no2,,,0,50.805778 0.271611,UKA00546,Automatic Urban and Rural Monitoring Network (AURN)
DUP000086,json,openaq,16500,2520,EEA Eastbourne - UKA00546,1812,5079300,Eastbourne - UKA00546,no2,13,2026-02-19 19:00:00+00,0.000,50.805778 0.271611,,
DUP000086,json,uk_air_sos,776,870,Eastbourne,677,184,Eastbourne-Nitrogen dioxide (air),no2,13.005,2026-02-19 19:00:00+00,0.000,50.805778 0.271611,,
DUP000087,aurn,aurn_register,,UKA00548,Storrington Roadside,,,,no2,,,0,50.916932 -0.449548,UKA00548,Automatic Urban and Rural Monitoring Network (AURN)
DUP000087,json,openaq,16401,794,DEFRA Storrington Roadside,1516,1373,Storrington Roadside,no2,32,2026-02-19 19:00:00+00,0.000,50.916932 -0.449548,,
DUP000087,json,uk_air_sos,2257,1147,Storrington Roadside,552,476,Storrington Roadside-Nitrogen dioxide (air),no2,33.086,2026-02-19 18:00:00+00,0.000,50.916932 -0.449548,,
DUP000088,aurn,aurn_register,,UKA00549,Norwich Lakenfields,,,,no2,,,0,52.614823 1.302686,UKA00549,Automatic Urban and Rural Monitoring Network (AURN); Non-Automatic Hydrocarbon Network
DUP000088,json,uk_air_sos,1819,1047,Norwich Lakenfields,531,371,Norwich Lakenfields-Nitrogen dioxide (air),no2,26.775,2026-02-19 19:00:00+00,0.000,52.614823 1.302686,,
DUP000089,aurn,aurn_register,,UKA00551,Peebles,,,,no2,,,0,55.657472 -3.196527,UKA00551,Automatic Urban and Rural Monitoring Network (AURN)
DUP000089,json,openaq,16426,2308,DEFRA Peebles,1591,4268,Peebles,no2,9,2026-02-19 19:00:00+00,0.000,55.657472 -3.196527,,
DUP000089,json,uk_air_sos,1875,1079,Peebles,539,397,Peebles-Nitrogen dioxide (air),no2,12.814,2026-02-19 18:00:00+00,0.000,55.657472 -3.196527,,
DUP000090,aurn,aurn_register,,UKA00553,Chatham Roadside,,,,no2,,,0,51.374264 0.547970,UKA00553,Automatic Urban and Rural Monitoring Network (AURN); Non-Automatic Hydrocarbon Network; UK Urban NO2 Network
DUP000090,json,openaq,16515,2560,DEFRA Chatham Roadside,1873,5079307,Chatham Roadside,no2,33,2026-02-19 19:00:00+00,0.000,51.374264 0.547970,,
DUP000090,json,uk_air_sos,560,824,Chatham Roadside,670,135,Chatham Roadside-Nitrogen dioxide (air),no2,33.469,2026-02-19 19:00:00+00,0.000,51.374264 0.547970,,
DUP000091,aurn,aurn_register,,UKA00555,Dumbarton Roadside,,,,no2,,,0,55.943197 -4.559730,UKA00555,Automatic Urban and Rural Monitoring Network (AURN)
DUP000091,json,openaq,16460,2413,DEFRA Dumbarton Roadside,1684,4527,Dumbarton Roadside,no2,8,2026-02-19 19:00:00+00,0.000,55.943197 -4.559730,,
DUP000091,json,uk_air_sos,7699,7526,Dumbarton Roadside,632,2034,Dumbarton Roadside-Nitrogen dioxide (air),no2,8.415,2026-02-19 19:00:00+00,0.000,55.943197 -4.559730,,
DUP000091,json,uk_air_sos,764,860,Dumbarton Roadside,674,170,Dumbarton Roadside-Nitrogen dioxide (air),no2,,,0.000,55.943197 -4.559730,,
DUP000092,aurn,aurn_register,,UKA00558,Southwark A2 Old Kent Road,,,,no2,,,0,51.480499 -0.059550,UKA00558,Automatic Urban and Rural Monitoring Network (AURN)
DUP000092,json,openaq,16374,146,DEFRA Southwark A2 Old Kent Road,1420,251,Southwark A2 Old Kent Road,no2,45,2026-02-19 19:00:00+00,0.000,51.480499 -0.059550,,
DUP000092,json,uk_air_sos,2192,1130,Southwark A2 Old Kent Road,549,460,Southwark A2 Old Kent Road-Nitrogen dioxide (air),no2,47.813,2026-02-19 18:00:00+00,0.000,51.480499 -0.059550,,
DUP000093,aurn,aurn_register,,UKA00561,Lincoln Canwick Road,,,,no2,,,0,53.221432 -0.534204,UKA00561,Automatic Urban and Rural Monitoring Network (AURN)
DUP000093,json,openaq,16456,2396,EEA Lincoln Canwick Road - UKA00561,1674,4477,Lincoln Canwick Road - UKA00561,no2,36.52875,2026-02-19 15:00:00+00,6.636,53.221373 -0.534189,,
DUP000093,json,uk_air_sos,1330,996,Lincoln Canwick Road,702,316,Lincoln Canwick Road-Nitrogen dioxide (air),no2,-99,2026-02-19 19:00:00+00,0.000,53.221432 -0.534204,,
DUP000094,aurn,aurn_register,,UKA00564,Leamington Spa Rugby Road,,,,no2,,,0,52.294884 -1.542911,UKA00564,Automatic Urban and Rural Monitoring Network (AURN); UK Urban NO2 Network
DUP000094,json,openaq,16506,2534,DEFRA Leamington Spa Rugby Road,1840,5030,Leamington Spa Rugby Road,no2,40,2026-02-19 19:00:00+00,0.000,52.294884 -1.542911,,
DUP000094,json,uk_air_sos,1255,972,Leamington Spa Rugby Road,697,290,Leamington Spa Rugby Road-Nitrogen dioxide (air),no2,34.616,2026-02-19 18:00:00+00,0.000,52.294884 -1.542911,,
DUP000095,aurn,aurn_register,,UKA00565,Walsall Woodlands,,,,no2,,,0,52.605641 -2.030371,UKA00565,Automatic Urban and Rural Monitoring Network (AURN)
DUP000095,json,openaq,16478,2450,DEFRA Walsall Woodlands,1729,4703,Walsall Woodlands,no2,24,2026-02-19 19:00:00+00,10.502,52.605621 -2.030523,,
DUP000095,json,uk_air_sos,2350,1169,Walsall Woodlands,558,503,Walsall Woodlands-Nitrogen dioxide (air),no2,25.628,2026-02-19 18:00:00+00,0.000,52.605641 -2.030371,,
DUP000096,aurn,aurn_register,,UKA00566,Honiton,,,,no2,,,0,50.792287 -3.196702,UKA00566,Automatic Urban and Rural Monitoring Network (AURN)
DUP000096,json,openaq,16440,2339,EEA Honiton - UKA00566,1629,4276,Honiton - UKA00566,no2,8,2026-02-19 13:00:00+00,0.000,50.792287 -3.196702,,
DUP000096,json,uk_air_sos,1120,922,Honiton,688,247,Honiton-Nitrogen dioxide (air),no2,-99,2026-02-19 19:00:00+00,0.000,50.792287 -3.196702,,
DUP000097,aurn,aurn_register,,UKA00568,London Haringey Priory Park South,,,,no2,,,0,51.584128 -0.125254,UKA00568,Automatic Urban and Rural Monitoring Network (AURN)
DUP000097,json,openaq,16378,150,EEA London Haringey Priory Park South - UKA00568,1434,231,London Haringey Priory Park South - UKA00568,no2,23,2026-02-19 19:00:00+00,0.000,51.584128 -0.125254,,
DUP000097,json,openaq,16752,225777,LAQN Haringey  - Priory Park South,2607,1304617,Haringey  - Priory Park South,no2,,,19.588,51.583977 -0.125400,,
DUP000097,json,uk_air_sos,1472,916,London Haringey Priory Park South,686,238,London Haringey Priory Park South-Nitrogen dioxide (air),no2,22.95,2026-02-19 19:00:00+00,0.000,51.584128 -0.125254,,
DUP000098,aurn,aurn_register,,UKA00573,Leicester University,,,,no2,,,0,52.619904 -1.127182,UKA00573,Automatic Urban and Rural Monitoring Network (AURN)
DUP000098,json,openaq,16498,2516,DEFRA Leicester University,1804,4932,Leicester University,no2,37,2026-02-19 19:00:00+00,12.528,52.619823 -1.127311,,
DUP000098,json,uk_air_sos,1318,3900,Leicester University,576,293,Leicester University-Nitrogen dioxide (air),no2,37.102,2026-02-19 19:00:00+00,0.000,52.619904 -1.127182,,
DUP000099,aurn,aurn_register,,UKA00575,Sheffield Devonshire Green,,,,no2,,,0,53.378622 -1.478096,UKA00575,Automatic Urban and Rural Monitoring Network (AURN); Heavy Metals; Non-Automatic Hydrocarbon Network
DUP000099,json,openaq,16493,2508,EEA Sheffield Devonshire Green - UKA00575,1785,5079297,Sheffield Devonshire Green - UKA00575,no2,30,2026-02-19 19:00:00+00,0.000,53.378622 -1.478096,,
DUP000099,json,uk_air_sos,2122,3905,Sheffield Devonshire Green,577,452,Sheffield Devonshire Green-Nitrogen dioxide (air),no2,29.644,2026-02-19 19:00:00+00,0.000,53.378622 -1.478096,,
DUP000100,aurn,aurn_register,,UKA00576,Glasgow Townhead,,,,no2,,,0,55.865782 -4.243631,UKA00576,Automatic Urban and Rural Monitoring Network (AURN); Black Carbon; PAH Digitel (solid phase)
DUP000100,json,openaq,16517,2574,DEFRA Glasgow Townhead,1879,5079315,Glasgow Townhead,no2,20,2026-02-19 19:00:00+00,0.000,55.865782 -4.243631,,
DUP000100,json,uk_air_sos,891,3911,Glasgow Townhead,578,216,Glasgow Townhead-Nitrogen dioxide (air),no2,19.89,2026-02-19 19:00:00+00,0.000,55.865782 -4.243631,,
DUP000101,aurn,aurn_register,,UKA00579,Shaw Crompton Way,,,,no2,,,0,53.579227 -2.093844,UKA00579,Automatic Urban and Rural Monitoring Network (AURN); UK Urban NO2 Network
DUP000101,json,openaq,16411,995,DEFRA Shaw Crompton Way,1558,1796,Shaw Crompton Way,no2,50,2026-02-19 19:00:00+00,7.310,53.579283 -2.093786,,
DUP000101,json,uk_air_sos,2101,780417,Shaw Crompton Way,,,Shaw Crompton Way-Nitrogen dioxide (air),no2,,,0.000,53.579227 -2.093844,,
DUP000101,json,uk_air_sos,7652,3948,Shaw Crompton Way,579,158,Shaw Crompton Way-Nitrogen dioxide (air),no2,50.108,2026-02-19 19:00:00+00,0.000,53.579227 -2.093844,,
DUP000102,aurn,aurn_register,,UKA00590,Blackburn Accrington Road,,,,no2,,,0,53.747763 -2.452680,UKA00590,Automatic Urban and Rural Monitoring Network (AURN); UK Urban NO2 Network
DUP000102,json,openaq,16436,2335,EEA Blackburn Accrington Road - UKA00590,1616,4266,Blackburn Accrington Road - UKA00590,no2,47,2026-02-19 19:00:00+00,3.186,53.747751 -2.452724,,
DUP000102,json,uk_air_sos,365,780422,Blackburn Accrington Road,,,Blackburn Accrington Road-Nitrogen dioxide (air),no2,,,0.000,53.747763 -2.452680,,
DUP000102,json,uk_air_sos,7653,3953,Blackburn Accrington Road,580,83,Blackburn Accrington Road-Nitrogen dioxide (air),no2,47.047,2026-02-19 19:00:00+00,0.000,53.747763 -2.452680,,
DUP000103,aurn,aurn_register,,UKA00591,Ealing Horn Lane,,,,no2,,,0,51.518950 -0.265617,UKA00591,Automatic Urban and Rural Monitoring Network (AURN)
DUP000103,json,openaq,16377,149,DEFRA Ealing Horn Lane,1432,1304579,Ealing Horn Lane,no2,,,0.000,51.518950 -0.265617,,
DUP000104,aurn,aurn_register,,UKA00592,Coventry Allesley,,,,no2,,,0,52.411628 -1.560189,UKA00592,Automatic Urban and Rural Monitoring Network (AURN)
DUP000104,json,openaq,16491,2494,EEA Coventry Allesley - UKA00592,1776,4822,Coventry Allesley - UKA00592,no2,37,2026-02-19 19:00:00+00,7.697,52.411563 -1.560228,,
DUP000104,json,uk_air_sos,655,780424,Coventry Allesley,581,154,Coventry Allesley-Nitrogen dioxide (air),no2,36.72,2026-02-19 19:00:00+00,0.000,52.411628 -1.560189,,
DUP000105,aurn,aurn_register,,UKA00593,Glasgow Great Western Road,,,,no2,,,0,55.872038 -4.270936,UKA00593,Automatic Urban and Rural Monitoring Network (AURN)
DUP000105,json,openaq,16448,2372,EEA Glasgow Great Western Road - UKA00593,1653,4384,Glasgow Great Western Road - UKA00593,no2,41,2026-02-19 19:00:00+00,0.000,55.872038 -4.270936,,
DUP000105,json,uk_air_sos,851,780431,Glasgow Great Western Road,,,Glasgow Great Western Road-Nitrogen dioxide (air),no2,,,0.000,55.872038 -4.270936,,
DUP000105,json,uk_air_sos,7654,3962,Glasgow Great Western Road,582,208,Glasgow Great Western Road-Nitrogen dioxide (air),no2,41.31,2026-02-19 19:00:00+00,0.000,55.872038 -4.270936,,
DUP000106,aurn,aurn_register,,UKA00594,Belfast Stockman's Lane,,,,no2,,,0,54.572586 -5.974944,UKA00594,Automatic Urban and Rural Monitoring Network (AURN)
DUP000106,json,openaq,16423,2296,DEFRA Belfast Stockman's Lane,1587,4149,Belfast Stockman's Lane,no2,55,2026-02-19 19:00:00+00,0.000,54.572586 -5.974944,,
DUP000106,json,uk_air_sos,288,780432,Belfast Stockman's Lane,,,Belfast Stockman's Lane-Nitrogen dioxide (air),no2,,,0.000,54.572586 -5.974944,,
DUP000106,json,uk_air_sos,7655,3963,Belfast Stockman's Lane,583,57,Belfast Stockman's Lane-Nitrogen dioxide (air),no2,79.369,2026-02-19 18:00:00+00,0.000,54.572586 -5.974944,,
DUP000107,aurn,aurn_register,,UKA00595,Oldbury Birmingham Road,,,,no2,,,0,52.502436 -2.003497,UKA00595,Automatic Urban and Rural Monitoring Network (AURN); UK Urban NO2 Network
DUP000107,json,openaq,16391,406,DEFRA Oldbury Birmingham Road,1483,709,Oldbury Birmingham Road,no2,44,2026-02-19 19:00:00+00,0.000,52.502436 -2.003497,,
DUP000107,json,uk_air_sos,1855,780437,Oldbury Birmingham Road,,,Oldbury Birmingham Road-Nitrogen dioxide (air),no2,,,0.000,52.502436 -2.003497,,
DUP000107,json,uk_air_sos,7656,3968,Oldbury Birmingham Road,584,89,Oldbury Birmingham Road-Nitrogen dioxide (air),no2,45.135,2026-02-19 18:00:00+00,0.000,52.502436 -2.003497,,
DUP000108,aurn,aurn_register,,UKA00598,Bury Whitefield Roadside,,,,no2,,,0,53.559029 -2.293772,UKA00598,Automatic Urban and Rural Monitoring Network (AURN); Non-Automatic Hydrocarbon Network; UK Urban NO2 Network
DUP000108,json,openaq,16476,2444,DEFRA Bury Whitefield Roadside,1726,4677,Bury Whitefield Roadside,no2,40,2026-02-19 19:00:00+00,0.000,53.559029 -2.293772,,
DUP000108,json,uk_air_sos,456,785141,Bury Whitefield Roadside,,,Bury Whitefield Roadside-Nitrogen dioxide (air),no2,,,0.000,53.559029 -2.293772,,
DUP000108,json,uk_air_sos,7661,5754,Bury Whitefield Roadside,590,109,Bury Whitefield Roadside-Nitrogen dioxide (air),no2,39.589,2026-02-19 19:00:00+00,0.000,53.559029 -2.293772,,
DUP000109,aurn,aurn_register,,UKA00599,Stockton-on-Tees A1305 Roadside,,,,no2,,,0,54.565819 -1.315900,UKA00599,Automatic Urban and Rural Monitoring Network (AURN)
DUP000109,json,openaq,16447,2368,DEFRA Stockton-on-Tees A1305 Roadside,1651,5079283,Stockton-on-Tees A1305 Roadside,no2,32,2026-02-19 19:00:00+00,0.000,54.565819 -1.315900,,
DUP000109,json,uk_air_sos,2208,784359,Stockton-on-Tees A1305 Roadside,,,Stockton-on-Tees A1305 Roadside-Nitrogen dioxide (air),no2,,,0.000,54.565819 -1.315900,,
DUP000109,json,uk_air_sos,7658,5690,Stockton-on-Tees A1305 Roadside,586,2394,Stockton-on-Tees A1305 Roadside-Nitrogen dioxide (air),no2,48.004,2026-02-19 18:00:00+00,0.000,54.565819 -1.315900,,
DUP000110,aurn,aurn_register,,UKA00600,Hull Holderness Road,,,,no2,,,0,53.759013 -0.305678,UKA00600,Automatic Urban and Rural Monitoring Network (AURN)
DUP000110,json,openaq,16467,2425,EEA Hull Holderness Road - UKA00600,1700,4679,Hull Holderness Road - UKA00600,no2,37,2026-02-19 19:00:00+00,6.603,53.758971 -0.305749,,
DUP000110,json,uk_air_sos,1168,785132,Hull Holderness Road,587,269,Hull Holderness Road-Nitrogen dioxide (air),no2,29.07,2026-02-19 18:00:00+00,0.000,53.759013 -0.305678,,
DUP000111,aurn,aurn_register,,UKA00601,Sunderland Wessington Way,,,,no2,,,0,54.918390 -1.408391,UKA00601,Automatic Urban and Rural Monitoring Network (AURN); UK Urban NO2 Network
DUP000111,json,openaq,16416,1731,DEFRA Sunderland Wessington Way,1565,3053,Sunderland Wessington Way,no2,21,2026-02-19 19:00:00+00,0.000,54.918390 -1.408391,,
DUP000111,json,uk_air_sos,2282,785135,Sunderland Wessington Way,,,Sunderland Wessington Way-Nitrogen dioxide (air),no2,,,0.000,54.918390 -1.408391,,
DUP000111,json,uk_air_sos,7659,5748,Sunderland Wessington Way,588,1271,Sunderland Wessington Way-Nitrogen dioxide (air),no2,21.42,2026-02-19 19:00:00+00,0.000,54.918390 -1.408391,,
DUP000112,aurn,aurn_register,,UKA00602,Glasgow High Street,,,,no2,,,0,55.860936 -4.238214,UKA00602,Automatic Urban and Rural Monitoring Network (AURN); Black Carbon; UK Urban NO2 Network
DUP000112,json,openaq,16516,2571,EEA Glasgow High Street - UKA00602,1876,5238,Glasgow High Street - UKA00602,no2,22,2026-02-19 19:00:00+00,0.000,55.860936 -4.238214,,
DUP000112,json,uk_air_sos,854,785137,Glasgow High Street,,,Glasgow High Street-Nitrogen dioxide (air),no2,,,0.000,55.860936 -4.238214,,
DUP000112,json,uk_air_sos,7660,5750,Glasgow High Street,589,1268,Glasgow High Street-Nitrogen dioxide (air),no2,21.994,2026-02-19 19:00:00+00,0.000,55.860936 -4.238214,,
DUP000113,aurn,aurn_register,,UKA00603,Widnes Milton Road,,,,no2,,,0,53.365391 -2.731680,UKA00603,Automatic Urban and Rural Monitoring Network (AURN); UK Urban NO2 Network
DUP000113,json,openaq,16433,2322,EEA Widnes Milton Road - UKA00603,1607,4229,Widnes Milton Road - UKA00603,no2,37,2026-02-19 19:00:00+00,0.000,53.365391 -2.731680,,
DUP000113,json,uk_air_sos,2377,785144,Widnes Milton Road,,,Widnes Milton Road-Nitrogen dioxide (air),no2,,,0.000,53.365391 -2.731680,,
DUP000113,json,uk_air_sos,7662,5757,Widnes Milton Road,591,1273,Widnes Milton Road-Nitrogen dioxide (air),no2,35.381,2026-02-19 18:00:00+00,0.000,53.365391 -2.731680,,
DUP000114,aurn,aurn_register,,UKA00604,Chesterfield Loundsley Green,,,,no2,,,0,53.244131 -1.454946,UKA00604,Automatic Urban and Rural Monitoring Network (AURN); Heavy Metals
DUP000114,json,openaq,16512,2551,DEFRA Chesterfield Loundsley Green,1861,5152,Chesterfield Loundsley Green,no2,20,2026-02-19 19:00:00+00,0.000,53.244131 -1.454946,,
DUP000114,json,uk_air_sos,577,785146,Chesterfield Loundsley Green,,,Chesterfield Loundsley Green-Nitrogen dioxide (air),no2,,,0.000,53.244131 -1.454946,,
DUP000114,json,uk_air_sos,7709,7627,Chesterfield Loundsley Green,644,1287,Chesterfield Loundsley Green-Nitrogen dioxide (air),no2,-99,2026-02-19 19:00:00+00,0.000,53.244131 -1.454946,,
DUP000115,aurn,aurn_register,,UKA00605,Luton A505 Roadside,,,,no2,,,0,51.892293 -0.462110,UKA00605,Automatic Urban and Rural Monitoring Network (AURN)
DUP000115,json,openaq,16479,2452,EEA Luton A505 Roadside - UKA00605,1731,4694,Luton A505 Roadside - UKA00605,no2,46,2026-02-19 19:00:00+00,0.000,51.892293 -0.462110,,
DUP000115,json,uk_air_sos,1617,785150,Luton A505 Roadside,,,Luton A505 Roadside-Nitrogen dioxide (air),no2,,,0.000,51.892293 -0.462110,,
DUP000115,json,uk_air_sos,7663,5763,Luton A505 Roadside,592,1289,Luton A505 Roadside-Nitrogen dioxide (air),no2,45.517,2026-02-19 19:00:00+00,0.000,51.892293 -0.462110,,
DUP000116,aurn,aurn_register,,UKA00609,Leicester A594 Roadside,,,,no2,,,0,52.638742 -1.124267,UKA00609,Automatic Urban and Rural Monitoring Network (AURN); UK Urban NO2 Network
DUP000116,json,openaq,16441,2343,EEA Leicester A594 Roadside - UKA00609,1633,4292,Leicester A594 Roadside - UKA00609,no2,55,2026-02-19 19:00:00+00,7.692,52.638677 -1.124228,,
DUP000116,json,uk_air_sos,1303,785152,Leicester A594 Roadside,593,1404,Leicester A594 Roadside-Nitrogen dioxide (air),no2,55.271,2026-02-19 19:00:00+00,0.000,52.638742 -1.124267,,
DUP000117,aurn,aurn_register,,UKA00610,Stoke-on-Trent A50 Roadside,,,,no2,,,0,52.980436 -2.111898,UKA00610,Automatic Urban and Rural Monitoring Network (AURN); UK Urban NO2 Network
DUP000117,json,openaq,16465,2423,EEA Stoke-on-Trent A50 Roadside - UKA00610,1692,4575,Stoke-on-Trent A50 Roadside - UKA00610,no2,50,2026-02-19 19:00:00+00,0.000,52.980436 -2.111898,,
DUP000117,json,uk_air_sos,2242,785155,Stoke-on-Trent A50 Roadside,,,Stoke-on-Trent A50 Roadside-Nitrogen dioxide (air),no2,,,0.000,52.980436 -2.111898,,
DUP000117,json,uk_air_sos,7664,5768,Stoke-on-Trent A50 Roadside,594,1407,Stoke-on-Trent A50 Roadside-Nitrogen dioxide (air),no2,50.49,2026-02-19 19:00:00+00,0.000,52.980436 -2.111898,,
DUP000118,aurn,aurn_register,,UKA00611,Bradford Mayo Avenue,,,,no2,,,0,53.771245 -1.759774,UKA00611,Automatic Urban and Rural Monitoring Network (AURN); UK Urban NO2 Network
DUP000118,json,openaq,16425,2301,DEFRA Bradford Mayo Avenue,1590,5079259,Bradford Mayo Avenue,no2,63,2026-02-19 18:00:00+00,0.000,53.771245 -1.759774,,
DUP000118,json,uk_air_sos,416,785158,Bradford Mayo Avenue,,,Bradford Mayo Avenue-Nitrogen dioxide (air),no2,,,0.000,53.771245 -1.759774,,
DUP000118,json,uk_air_sos,7706,7618,Bradford Mayo Avenue,641,1893,Bradford Mayo Avenue-Nitrogen dioxide (air),no2,-99,2026-02-19 19:00:00+00,0.000,53.771245 -1.759774,,
DUP000119,aurn,aurn_register,,UKA00612,Doncaster A630 Cleveland Street,,,,no2,,,0,53.518383 -1.138060,UKA00612,Automatic Urban and Rural Monitoring Network (AURN); UK Urban NO2 Network
DUP000119,json,openaq,16893,2659926,EEA Doncaster A630 Cleveland Street - UKA00612,3058,8622312,Doncaster A630 Cleveland Street - UKA00612,no2,,,15.902,53.518240 -1.138057,,
DUP000119,json,openaq,16894,2659927,EEA Doncaster A630 Cleveland Street - UKA00612,3059,8622618,Doncaster A630 Cleveland Street - UKA00612,no2,36.91125,2026-02-19 15:00:00+00,15.902,53.518240 -1.138057,,
DUP000119,json,uk_air_sos,760,785160,Doncaster A630 Cleveland Street,,,Doncaster A630 Cleveland Street-Nitrogen dioxide (air),no2,,,0.000,53.518383 -1.138060,,
DUP000119,json,uk_air_sos,7665,5773,Doncaster A630 Cleveland Street,595,1895,Doncaster A630 Cleveland Street-Nitrogen dioxide (air),no2,45.326,2026-02-19 19:00:00+00,0.000,53.518383 -1.138060,,
DUP000120,aurn,aurn_register,,UKA00613,Southampton A33,,,,no2,,,0,50.920265 -1.463484,UKA00613,Automatic Urban and Rural Monitoring Network (AURN); UK Urban NO2 Network
DUP000120,json,openaq,16446,2365,EEA Southampton A33 - UKA00613,1648,4351,Southampton A33 - UKA00613,no2,28,2026-02-19 19:00:00+00,0.000,50.920265 -1.463484,,
DUP000120,json,uk_air_sos,2143,4056,Southampton A33,,,Southampton A33-Nitrogen dioxide (air),no2,,,0.000,50.920265 -1.463484,,
DUP000120,json,uk_air_sos,7670,6326,Southampton A33,600,3471,Southampton A33-Nitrogen dioxide (air),no2,28.496,2026-02-19 19:00:00+00,0.000,50.920265 -1.463484,,
DUP000121,aurn,aurn_register,,UKA00614,Chilbolton Observatory,,,,no2,,,0,51.149617 -1.438228,UKA00614,Automatic Hydrocarbon Network; Automatic Urban and Rural Monitoring Network (AURN); Black Carbon; Heavy Metals; PAH Deposition; PAH Digitel (solid phase); Particle Concentrations and Numbers Network; Rural Automatic Mercury network; UKEAP: Acid Gases & Aerosol Network; UKEAP: MARGA Network; UKEAP: National Ammonia Monitoring Network; UKEAP: Precip-Net; UKEAP: Precip-Net; UKEAP: Rural NO2
DUP000121,json,openaq,16466,2424,EEA Chilbolton Observatory - UKA00614,1695,4576,Chilbolton Observatory - UKA00614,no2,11,2026-02-19 19:00:00+00,0.000,51.149617 -1.438228,,
DUP000121,json,uk_air_sos,622,4072,Chilbolton Observatory,,,Chilbolton Observatory-Nitrogen dioxide (air),no2,,,0.000,51.149617 -1.438228,,
DUP000121,json,uk_air_sos,7671,6429,Chilbolton Observatory,601,3455,Chilbolton Observatory-Nitrogen dioxide (air),no2,10.901,2026-02-19 19:00:00+00,0.000,51.149617 -1.438228,,
DUP000122,aurn,aurn_register,,UKA00615,Aberdeen Wellington Road,,,,no2,,,0,57.133888 -2.094198,UKA00615,Automatic Urban and Rural Monitoring Network (AURN); UK Urban NO2 Network
DUP000122,json,openaq,16413,1234,EEA Aberdeen Wellington Road - UKA00615,1560,2218,Aberdeen Wellington Road - UKA00615,no2,10,2026-02-19 19:00:00+00,0.000,57.133888 -2.094198,,
DUP000122,json,uk_air_sos,21,3988,Aberdeen Wellington Road,,,Aberdeen Wellington Road-Nitrogen dioxide (air),no2,,,0.000,57.133888 -2.094198,,
DUP000122,json,uk_air_sos,7666,6258,Aberdeen Wellington Road,596,3526,Aberdeen Wellington Road-Nitrogen dioxide (air),no2,10.328,2026-02-19 19:00:00+00,0.000,57.133888 -2.094198,,
DUP000123,aurn,aurn_register,,UKA00617,Manchester Sharston,,,,no2,,,0,53.371722 -2.238917,UKA00617,Automatic Urban and Rural Monitoring Network (AURN)
DUP000123,json,uk_air_sos,1655,4038,Manchester Sharston,,,Manchester Sharston-Nitrogen dioxide (air),no2,,,0.000,53.371722 -2.238917,,
DUP000123,json,uk_air_sos,7668,6308,Manchester Sharston,598,3518,Manchester Sharston-Nitrogen dioxide (air),no2,63.304,2026-02-19 19:00:00+00,0.000,53.371722 -2.238917,,
DUP000124,aurn,aurn_register,,UKA00618,Nottingham Western Boulevard,,,,no2,,,0,52.969377 -1.188851,UKA00618,Automatic Urban and Rural Monitoring Network (AURN); UK Urban NO2 Network
DUP000124,json,openaq,16469,2428,DEFRA Nottingham Western Boulevard,1705,4665,Nottingham Western Boulevard,no2,42,2026-02-19 19:00:00+00,0.000,52.969377 -1.188851,,
DUP000124,json,uk_air_sos,1848,4044,Nottingham Western Boulevard,,,Nottingham Western Boulevard-Nitrogen dioxide (air),no2,,,0.000,52.969377 -1.188851,,
DUP000124,json,uk_air_sos,7669,6314,Nottingham Western Boulevard,599,3522,Nottingham Western Boulevard-Nitrogen dioxide (air),no2,41.693,2026-02-19 19:00:00+00,0.000,52.969377 -1.188851,,
DUP000125,aurn,aurn_register,,UKA00619,Derry Rosemount,,,,no2,,,0,55.002818 -7.331179,UKA00619,Automatic Urban and Rural Monitoring Network (AURN)
DUP000125,json,openaq,16510,2545,EEA Derry Rosemount - UKA00619,1853,5101,Derry Rosemount - UKA00619,no2,19,2026-02-19 19:00:00+00,0.000,55.002818 -7.331179,,
DUP000125,json,uk_air_sos,731,4010,Derry Rosemount,,,Derry Rosemount-Nitrogen dioxide (air),no2,,,0.000,55.002818 -7.331179,,
DUP000125,json,uk_air_sos,7667,6280,Derry Rosemount,597,3553,Derry Rosemount-Nitrogen dioxide (air),no2,18.934,2026-02-19 19:00:00+00,0.000,55.002818 -7.331179,,
DUP000126,aurn,aurn_register,,UKA00620,Reading London Road,,,,no2,,,0,51.454896 -0.940382,UKA00620,Automatic Urban and Rural Monitoring Network (AURN); UK Urban NO2 Network
DUP000126,json,openaq,16459,2410,EEA Reading London Road - UKA00620,1682,4659,Reading London Road - UKA00620,no2,,,0.000,51.454896 -0.940382,,
DUP000126,json,uk_air_sos,1947,4046,Reading London Road,,,Reading London Road-Nitrogen dioxide (air),no2,,,0.000,51.454896 -0.940382,,
DUP000126,json,uk_air_sos,7702,7557,Reading London Road,636,3562,Reading London Road-Nitrogen dioxide (air),no2,29.07,2026-02-19 19:00:00+00,0.000,51.454896 -0.940382,,
DUP000127,aurn,aurn_register,,UKA00621,Greenock A8 Roadside,,,,no2,,,0,55.944079 -4.734421,UKA00621,Automatic Urban and Rural Monitoring Network (AURN)
DUP000127,json,uk_air_sos,921,4073,Greenock A8 Roadside,,,Greenock A8 Roadside-Nitrogen dioxide (air),no2,,,0.000,55.944079 -4.734421,,
DUP000127,json,uk_air_sos,7672,6431,Greenock A8 Roadside,602,3983,Greenock A8 Roadside-Nitrogen dioxide (air),no2,43.605,2026-02-19 18:00:00+00,0.000,55.944079 -4.734421,,
DUP000128,aurn,aurn_register,,UKA00622,Sheffield Barnsley Road,,,,no2,,,0,53.404950 -1.455815,UKA00622,Automatic Urban and Rural Monitoring Network (AURN); UK Urban NO2 Network
DUP000128,json,openaq,16526,3527,EEA Sheffield Barnsley Road - UKA00622,1909,7819,Sheffield Barnsley Road - UKA00622,no2,50,2026-02-19 19:00:00+00,0.000,53.404950 -1.455815,,
DUP000128,json,uk_air_sos,2104,785701,Sheffield Barnsley Road,,,Sheffield Barnsley Road-Nitrogen dioxide (air),no2,,,0.000,53.404950 -1.455815,,
DUP000128,json,uk_air_sos,7677,6458,Sheffield Barnsley Road,607,4133,Sheffield Barnsley Road-Nitrogen dioxide (air),no2,49.725,2026-02-19 19:00:00+00,0.000,53.404950 -1.455815,,
DUP000129,aurn,aurn_register,,UKA00623,Cannock A5190 Roadside,,,,no2,,,0,52.687298 -1.980821,UKA00623,Automatic Urban and Rural Monitoring Network (AURN)
DUP000129,json,openaq,16528,3529,EEA Cannock A5190 Roadside - UKA00623,1912,5079341,Cannock A5190 Roadside - UKA00623,no2,30,2026-02-19 19:00:00+00,0.000,52.687298 -1.980821,,
DUP000129,json,uk_air_sos,480,4101,Cannock A5190 Roadside,,,Cannock A5190 Roadside-Nitrogen dioxide (air),no2,,,0.000,52.687298 -1.980821,,
DUP000129,json,uk_air_sos,7678,6464,Cannock A5190 Roadside,608,4446,Cannock A5190 Roadside-Nitrogen dioxide (air),no2,30.026,2026-02-19 19:00:00+00,0.000,52.687298 -1.980821,,
DUP000130,aurn,aurn_register,,UKA00624,Christchurch Barrack Road,,,,no2,,,0,50.735454 -1.780888,UKA00624,Automatic Urban and Rural Monitoring Network (AURN); UK Urban NO2 Network
DUP000130,json,openaq,16529,3530,EEA Christchurch Barrack Road - UKA00624,1914,7822,Christchurch Barrack Road - UKA00624,no2,30,2026-02-19 19:00:00+00,0.000,50.735454 -1.780888,,
DUP000130,json,uk_air_sos,641,4087,Christchurch Barrack Road,,,Christchurch Barrack Road-Nitrogen dioxide (air),no2,,,0.000,50.735454 -1.780888,,
DUP000130,json,uk_air_sos,7674,6444,Christchurch Barrack Road,604,4148,Christchurch Barrack Road-Nitrogen dioxide (air),no2,29.835,2026-02-19 19:00:00+00,0.000,50.735454 -1.780888,,
DUP000131,aurn,aurn_register,,UKA00625,Birkenhead Borough Road,,,,no2,,,0,53.388624 -3.024942,UKA00625,Automatic Urban and Rural Monitoring Network (AURN); UK Urban NO2 Network
DUP000131,json,openaq,16525,3526,EEA Birkenhead Borough Road - UKA00625,1907,7818,Birkenhead Borough Road - UKA00625,no2,34,2026-02-19 19:00:00+00,13.442,53.388511 -3.025014,,
DUP000131,json,uk_air_sos,294,4090,Birkenhead Borough Road,,,Birkenhead Borough Road-Nitrogen dioxide (air),no2,,,0.000,53.388624 -3.024942,,
DUP000131,json,uk_air_sos,7675,6447,Birkenhead Borough Road,605,4158,Birkenhead Borough Road-Nitrogen dioxide (air),no2,34.425,2026-02-19 19:00:00+00,0.000,53.388624 -3.024942,,
DUP000132,aurn,aurn_register,,UKA00626,Birmingham A4540 Roadside,,,,no2,,,0,52.476145 -1.874978,UKA00626,Automatic Urban and Rural Monitoring Network (AURN); Black Carbon; Non-Automatic Hydrocarbon Network; UK Urban NO2 Network
DUP000132,json,openaq,16524,3525,EEA Birmingham A4540 Roadside - UKA00626,1903,7817,Birmingham A4540 Roadside - UKA00626,no2,49,2026-02-19 19:00:00+00,6.864,52.476090 -1.875024,,
DUP000132,json,uk_air_sos,298,4093,Birmingham A4540 Roadside,,,Birmingham A4540 Roadside-Nitrogen dioxide (air),no2,,,0.000,52.476145 -1.874978,,
DUP000132,json,uk_air_sos,7676,6450,Birmingham A4540 Roadside,606,4162,Birmingham A4540 Roadside-Nitrogen dioxide (air),no2,48.769,2026-02-19 19:00:00+00,0.000,52.476145 -1.874978,,
DUP000133,aurn,aurn_register,,UKA00627,St Helens Linkway,,,,no2,,,0,53.451826 -2.742134,UKA00627,Automatic Urban and Rural Monitoring Network (AURN); UK Urban NO2 Network
DUP000133,json,openaq,16530,3531,DEFRA St Helens Linkway,1916,7824,St Helens Linkway,no2,50,2026-02-19 19:00:00+00,0.000,53.451826 -2.742134,,
DUP000133,json,uk_air_sos,2204,785732,St Helens Linkway,,,St Helens Linkway-Nitrogen dioxide (air),no2,,,0.000,53.451826 -2.742134,,
DUP000133,json,uk_air_sos,7679,6483,St Helens Linkway,609,4454,St Helens Linkway-Nitrogen dioxide (air),no2,-99,2026-02-19 18:00:00+00,0.000,53.451826 -2.742134,,
DUP000134,aurn,aurn_register,,UKA00628,Worthing A27 Roadside,,,,no2,,,0,50.832947 -0.379916,UKA00628,Automatic Urban and Rural Monitoring Network (AURN)
DUP000134,json,openaq,16522,3522,EEA Worthing A27 Roadside - UKA00628,1899,7810,Worthing A27 Roadside - UKA00628,no2,24,2026-02-19 19:00:00+00,0.000,50.832947 -0.379916,,
DUP000134,json,uk_air_sos,2397,785748,Worthing A27 Roadside,,,Worthing A27 Roadside-Nitrogen dioxide (air),no2,,,0.000,50.832947 -0.379916,,
DUP000134,json,uk_air_sos,7680,6486,Worthing A27 Roadside,610,4456,Worthing A27 Roadside-Nitrogen dioxide (air),no2,26.01,2026-02-19 18:00:00+00,0.000,50.832947 -0.379916,,
DUP000135,aurn,aurn_register,,UKA00629,Plymouth Tavistock Road,,,,no2,,,0,50.411058 -4.130288,UKA00629,Automatic Urban and Rural Monitoring Network (AURN); UK Urban NO2 Network
DUP000135,json,openaq,16527,3528,EEA Plymouth Tavistock Road - UKA00629,1911,7820,Plymouth Tavistock Road - UKA00629,no2,39.97125,2026-02-18 22:00:00+00,0.000,50.411058 -4.130288,,
DUP000135,json,uk_air_sos,1891,785826,Plymouth Tavistock Road,,,Plymouth Tavistock Road-Nitrogen dioxide (air),no2,,,0.000,50.411058 -4.130288,,
DUP000135,json,uk_air_sos,7687,6825,Plymouth Tavistock Road,617,4472,Plymouth Tavistock Road-Nitrogen dioxide (air),no2,-99,2026-02-19 19:00:00+00,0.000,50.411058 -4.130288,,
DUP000136,aurn,aurn_register,,UKA00630,Derby St Alkmund's Way,,,,no2,,,0,52.922983 -1.469507,UKA00630,Automatic Urban and Rural Monitoring Network (AURN); UK Urban NO2 Network
DUP000136,json,openaq,16523,3523,DEFRA Derby St Alkmund's Way,1901,7811,Derby St Alkmund's Way,no2,37,2026-02-19 19:00:00+00,0.000,52.922983 -1.469507,,
DUP000136,json,uk_air_sos,697,785813,Derby St Alkmund's Way,,,Derby St Alkmund's Way-Nitrogen dioxide (air),no2,,,0.000,52.922983 -1.469507,,
DUP000136,json,uk_air_sos,7684,6812,Derby St Alkmund's Way,614,4485,Derby St Alkmund's Way-Nitrogen dioxide (air),no2,36.529,2026-02-19 19:00:00+00,0.000,52.922983 -1.469507,,
DUP000137,aurn,aurn_register,,UKA00631,Bristol Temple Way,,,,no2,,,0,51.457968 -2.583975,UKA00631,Automatic Urban and Rural Monitoring Network (AURN); UK Urban NO2 Network
DUP000137,json,openaq,16886,2659912,EEA Bristol Temple Way - UKA00631,3048,8622232,Bristol Temple Way - UKA00631,no2,25.43625,2026-02-19 15:00:00+00,0.000,51.457968 -2.583975,,
DUP000137,json,uk_air_sos,445,785806,Bristol Temple Way,,,Bristol Temple Way-Nitrogen dioxide (air),no2,,,0.000,51.457968 -2.583975,,
DUP000137,json,uk_air_sos,7682,6805,Bristol Temple Way,612,4633,Bristol Temple Way-Nitrogen dioxide (air),no2,33.66,2026-02-19 19:00:00+00,0.000,51.457968 -2.583975,,
DUP000138,aurn,aurn_register,,UKA00632,Northampton Spring Park,,,,no2,,,0,52.272257 -0.916605,UKA00632,Automatic Urban and Rural Monitoring Network (AURN)
DUP000138,json,openaq,16901,2659936,EEA Northampton Spring Park - UKA00632,3066,8622255,Northampton Spring Park - UKA00632,no2,9.75375,2026-02-19 15:00:00+00,0.000,52.272257 -0.916605,,
DUP000138,json,uk_air_sos,1812,785821,Northampton Spring Park,,,Northampton Spring Park-Nitrogen dioxide (air),no2,,,0.000,52.272257 -0.916605,,
DUP000138,json,uk_air_sos,7686,6820,Northampton Spring Park,616,4511,Northampton Spring Park-Nitrogen dioxide (air),no2,18.169,2026-02-19 19:00:00+00,0.000,52.272257 -0.916605,,
DUP000139,aurn,aurn_register,,UKA00633,Ballymena Antrim Road,,,,no2,,,0,54.851491 -6.274961,UKA00633,Automatic Urban and Rural Monitoring Network (AURN)
DUP000139,json,openaq,16881,2659904,EEA Ballymena Antrim Road - UKA00633,3039,8622320,Ballymena Antrim Road - UKA00633,no2,23.14125,2026-02-19 15:00:00+00,0.000,54.851491 -6.274961,,
DUP000139,json,uk_air_sos,195,785803,Ballymena Antrim Road,,,Ballymena Antrim Road-Nitrogen dioxide (air),no2,,,0.000,54.851491 -6.274961,,
DUP000139,json,uk_air_sos,7681,6802,Ballymena Antrim Road,611,4551,Ballymena Antrim Road-Nitrogen dioxide (air),no2,30.409,2026-02-19 19:00:00+00,0.000,54.851491 -6.274961,,
DUP000140,aurn,aurn_register,,UKA00634,Coventry Binley Road,,,,no2,,,0,52.407708 -1.490082,UKA00634,Automatic Urban and Rural Monitoring Network (AURN); UK Urban NO2 Network
DUP000140,json,openaq,16889,2659918,EEA Coventry Binley Road - UKA00634,3053,8622263,Coventry Binley Road - UKA00634,no2,23.3325,2026-02-19 15:00:00+00,0.000,52.407708 -1.490082,,
DUP000140,json,uk_air_sos,663,785810,Coventry Binley Road,,,Coventry Binley Road-Nitrogen dioxide (air),no2,,,0.000,52.407708 -1.490082,,
DUP000140,json,uk_air_sos,7683,6809,Coventry Binley Road,613,4529,Coventry Binley Road-Nitrogen dioxide (air),no2,36.911,2026-02-19 19:00:00+00,0.000,52.407708 -1.490082,,
DUP000141,aurn,aurn_register,,UKA00643,Dundee Mains Loan,,,,no2,,,0,56.475434 -2.959861,UKA00643,Automatic Urban and Rural Monitoring Network (AURN)
DUP000141,json,openaq,16895,2659928,EEA Dundee Mains Loan - UKA00643,3060,8622258,Dundee Mains Loan - UKA00643,no2,,,0.000,56.475434 -2.959861,,
DUP000141,json,uk_air_sos,770,785816,Dundee Mains Loan,,,Dundee Mains Loan-Nitrogen dioxide (air),no2,,,0.000,56.475434 -2.959861,,
DUP000141,json,uk_air_sos,7685,6815,Dundee Mains Loan,615,4554,Dundee Mains Loan-Nitrogen dioxide (air),no2,-99,2026-02-19 18:00:00+00,0.000,56.475434 -2.959861,,
DUP000142,aurn,aurn_register,,UKA00644,Borehamwood Meadow Park,,,,no2,,,0,51.661229 -0.270550,UKA00644,Automatic Urban and Rural Monitoring Network (AURN)
DUP000142,json,openaq,16885,2659910,EEA Borehamwood Meadow Park - UKA00644,3047,8622236,Borehamwood Meadow Park - UKA00644,no2,13.3875,2026-02-19 15:00:00+00,8.346,51.661229 -0.270671,,
DUP000142,json,uk_air_sos,404,785876,Borehamwood Meadow Park,,,Borehamwood Meadow Park-Nitrogen dioxide (air),no2,,,0.000,51.661229 -0.270550,,
DUP000142,json,uk_air_sos,7688,6875,Borehamwood Meadow Park,618,4565,Borehamwood Meadow Park-Nitrogen dioxide (air),no2,19.699,2026-02-19 19:00:00+00,0.000,51.661229 -0.270550,,
DUP000143,aurn,aurn_register,,UKA00645,Hartlepool St Abbs Walk,,,,no2,,,0,54.683242 -1.203838,UKA00645,Automatic Urban and Rural Monitoring Network (AURN)
DUP000143,json,openaq,16897,2659932,EEA Hartlepool St Abbs Walk - UKA00645,3062,8622299,Hartlepool St Abbs Walk - UKA00645,no2,,,0.000,54.683242 -1.203838,,
DUP000143,json,openaq,16898,2659933,EEA Hartlepool St Abbs Walk - UKA00645,3063,9909573,Hartlepool St Abbs Walk - UKA00645,no2,4.39875,2026-02-19 15:00:00+00,0.000,54.683242 -1.203838,,
DUP000143,json,uk_air_sos,939,785882,Hartlepool St Abbs Walk,,,Hartlepool St Abbs Walk-Nitrogen dioxide (air),no2,,,0.000,54.683242 -1.203838,,
DUP000143,json,uk_air_sos,7689,6881,Hartlepool St Abbs Walk,619,4582,Hartlepool St Abbs Walk-Nitrogen dioxide (air),no2,20.081,2026-02-19 19:00:00+00,0.000,54.683242 -1.203838,,
DUP000144,aurn,aurn_register,,UKA00647,Immingham Woodlands Avenue,,,,no2,,,0,53.619241 -0.213324,UKA00647,Automatic Urban and Rural Monitoring Network (AURN)
DUP000144,json,openaq,16899,2659934,EEA Immingham Woodlands Avenue - UKA00647,3064,8622214,Immingham Woodlands Avenue - UKA00647,no2,,,0.000,53.619241 -0.213324,,
DUP000144,json,openaq,16900,2659935,EEA Immingham Woodlands Avenue - UKA00647,3065,9909574,Immingham Woodlands Avenue - UKA00647,no2,19.89,2026-02-19 15:00:00+00,0.000,53.619241 -0.213324,,
DUP000144,json,uk_air_sos,1174,785885,Immingham Woodlands Avenue,,,Immingham Woodlands Avenue-Nitrogen dioxide (air),no2,,,0.000,53.619241 -0.213324,,
DUP000144,json,uk_air_sos,7690,6884,Immingham Woodlands Avenue,620,4609,Immingham Woodlands Avenue-Nitrogen dioxide (air),no2,25.819,2026-02-19 19:00:00+00,0.000,53.619241 -0.213324,,
DUP000145,aurn,aurn_register,,UKA00648,Telford Hollinswood,,,,no2,,,0,52.673471 -2.436692,UKA00648,Automatic Urban and Rural Monitoring Network (AURN)
DUP000145,json,openaq,16904,2659942,EEA Telford Hollinswood - UKA00648,3072,8622268,Telford Hollinswood - UKA00648,no2,21.61125,2026-02-19 15:00:00+00,0.000,52.673471 -2.436692,,
DUP000145,json,uk_air_sos,2323,785889,Telford Hollinswood,,,Telford Hollinswood-Nitrogen dioxide (air),no2,,,0.000,52.673471 -2.436692,,
DUP000145,json,uk_air_sos,7691,6888,Telford Hollinswood,621,4624,Telford Hollinswood-Nitrogen dioxide (air),no2,21.802,2026-02-19 19:00:00+00,0.000,52.673471 -2.436692,,
DUP000146,aurn,aurn_register,,UKA00649,Edinburgh Nicolson Street,,,,no2,,,0,55.944760 -3.183991,UKA00649,Automatic Urban and Rural Monitoring Network (AURN); UK Urban NO2 Network
DUP000146,json,openaq,16896,2659930,EEA Edinburgh Nicolson Street - UKA00649,3061,8622317,Edinburgh Nicolson Street - UKA00649,no2,35.955,2026-02-19 15:00:00+00,0.000,55.944760 -3.183991,,
DUP000146,json,uk_air_sos,786,786036,Edinburgh Nicolson Street,,,Edinburgh Nicolson Street-Nitrogen dioxide (air),no2,,,0.000,55.944760 -3.183991,,
DUP000146,json,uk_air_sos,7692,7035,Edinburgh Nicolson Street,622,4652,Edinburgh Nicolson Street-Nitrogen dioxide (air),no2,33.469,2026-02-19 18:00:00+00,0.000,55.944760 -3.183991,,
DUP000147,aurn,aurn_register,,UKA00650,Swindon Walcot,,,,no2,,,0,51.558061 -1.765678,UKA00650,Automatic Urban and Rural Monitoring Network (AURN)
DUP000147,json,openaq,16903,2659940,EEA Swindon Walcot - UKA00650,3071,8622310,Swindon Walcot - UKA00650,no2,21.22875,2026-02-19 15:00:00+00,0.000,51.558061 -1.765678,,
DUP000147,json,uk_air_sos,2313,786081,Swindon Walcot,,,Swindon Walcot-Nitrogen dioxide (air),no2,,,0.000,51.558061 -1.765678,,
DUP000147,json,uk_air_sos,7698,7100,Swindon Walcot,628,4673,Swindon Walcot-Nitrogen dioxide (air),no2,25.245,2026-02-19 19:00:00+00,0.000,51.558061 -1.765678,,
DUP000148,aurn,aurn_register,,UKA00651,Portsmouth Anglesea Road,,,,no2,,,0,50.798339 -1.095558,UKA00651,Automatic Urban and Rural Monitoring Network (AURN); UK Urban NO2 Network
DUP000148,json,openaq,16902,2659938,EEA Portsmouth Anglesea Road - UKA00651,3069,8622274,Portsmouth Anglesea Road - UKA00651,no2,29.07,2026-02-19 15:00:00+00,0.000,50.798339 -1.095558,,
DUP000148,json,uk_air_sos,1894,786077,Portsmouth Anglesea Road,,,Portsmouth Anglesea Road-Nitrogen dioxide (air),no2,,,0.000,50.798339 -1.095558,,
DUP000148,json,uk_air_sos,7697,7096,Portsmouth Anglesea Road,627,4668,Portsmouth Anglesea Road-Nitrogen dioxide (air),no2,-99,2026-02-19 19:00:00+00,0.000,50.798339 -1.095558,,
DUP000149,aurn,aurn_register,,UKA00652,Burton-on-Trent Horninglow,,,,no2,,,0,52.821050 -1.635718,UKA00652,Automatic Urban and Rural Monitoring Network (AURN)
DUP000149,json,openaq,16887,2659914,EEA Burton-on-Trent Horninglow - UKA00652,3050,8622277,Burton-on-Trent Horninglow - UKA00652,no2,16.83,2026-02-19 15:00:00+00,0.000,52.821050 -1.635718,,
DUP000149,json,uk_air_sos,449,786063,Burton-on-Trent Horninglow,,,Burton-on-Trent Horninglow-Nitrogen dioxide (air),no2,,,0.000,52.821050 -1.635718,,
DUP000149,json,uk_air_sos,7694,7082,Burton-on-Trent Horninglow,624,4671,Burton-on-Trent Horninglow-Nitrogen dioxide (air),no2,33.086,2026-02-19 19:00:00+00,0.000,52.821050 -1.635718,,
DUP000150,aurn,aurn_register,,UKA00653,Cardiff Newport Road,,,,no2,,,0,51.490960 -3.152305,UKA00653,Automatic Urban and Rural Monitoring Network (AURN); UK Urban NO2 Network
DUP000150,json,openaq,16888,2659916,EEA Cardiff Newport Road - UKA00653,3051,8622323,Cardiff Newport Road - UKA00653,no2,12.81375,2026-02-19 15:00:00+00,0.000,51.490960 -3.152305,,
DUP000150,json,uk_air_sos,534,786066,Cardiff Newport Road,,,Cardiff Newport Road-Nitrogen dioxide (air),no2,,,0.000,51.490960 -3.152305,,
DUP000150,json,uk_air_sos,7695,7085,Cardiff Newport Road,625,4687,Cardiff Newport Road-Nitrogen dioxide (air),no2,29.07,2026-02-19 19:00:00+00,0.000,51.490960 -3.152305,,
DUP000151,aurn,aurn_register,,UKA00654,Dewsbury Ashworth Grange,,,,no2,,,0,53.693104 -1.637111,UKA00654,Automatic Urban and Rural Monitoring Network (AURN)
DUP000151,json,openaq,16892,2659924,EEA Dewsbury Ashworth Grove - UKA00654,3057,8622322,Dewsbury Ashworth Grove - UKA00654,no2,17.9775,2026-02-18 10:00:00+00,0.000,53.693104 -1.637111,,
DUP000151,json,uk_air_sos,754,786070,Dewsbury Ashworth Grange,,,Dewsbury Ashworth Grange-Nitrogen dioxide (air),no2,,,0.000,53.693104 -1.637111,,
DUP000151,json,uk_air_sos,7696,7089,Dewsbury Ashworth Grange,626,4700,Dewsbury Ashworth Grange-Nitrogen dioxide (air),no2,43.031,2026-02-19 19:00:00+00,0.000,53.693104 -1.637111,,
DUP000152,aurn,aurn_register,,UKA00655,Birmingham Ladywood,,,,no2,,,0,52.481346 -1.918235,UKA00655,Automatic Urban and Rural Monitoring Network (AURN); Black Carbon; Non-Automatic Hydrocarbon Network; PAH Digitel (solid phase)
DUP000152,json,openaq,16883,2659908,EEA Birmingham Ladywood - UKA00655,3041,8622287,Birmingham Ladywood - UKA00655,no2,,,0.000,52.481346 -1.918235,,
DUP000152,json,openaq,16884,2659909,EEA Birmingham Ladywood - UKA00655,3044,8622638,Birmingham Ladywood - UKA00655,no2,21.42,2026-02-19 15:00:00+00,0.000,52.481346 -1.918235,,
DUP000152,json,uk_air_sos,317,786057,Birmingham Ladywood,,,Birmingham Ladywood-Nitrogen dioxide (air),no2,,,0.000,52.481346 -1.918235,,
DUP000152,json,uk_air_sos,7693,7076,Birmingham Ladywood,623,4730,Birmingham Ladywood-Nitrogen dioxide (air),no2,40.928,2026-02-19 18:00:00+00,0.000,52.481346 -1.918235,,
DUP000153,aurn,aurn_register,,UKA00656,London Honor Oak Park,,,,no2,,,0,51.449674 -0.037418,UKA00656,Automatic Hydrocarbon Network; Automatic Urban and Rural Monitoring Network (AURN); Black Carbon; Particle Size Composition
DUP000153,json,openaq,16776,225803,EEA London Honor Oak Park - UKA00656,2670,1304885,London Honor Oak Park - UKA00656,no2,28.1,2026-02-19 17:00:00+00,0.000,51.449674 -0.037418,,
DUP000154,aurn,aurn_register,,UKA00658,West Bromwich Kenrick Park,,,,no2,,,0,52.508342 -1.986070,UKA00658,Automatic Urban and Rural Monitoring Network (AURN)
DUP000154,json,openaq,16905,2659944,EEA West Bromwich Kenrick Park - UKA00658,3073,8622290,West Bromwich Kenrick Park - UKA00658,no2,,,4.233,52.508337 -1.986008,,
DUP000154,json,openaq,16906,2659945,EEA West Bromwich Kenrick Park - UKA00658,3074,8622635,West Bromwich Kenrick Park - UKA00658,no2,26.775,2026-02-19 15:00:00+00,4.233,52.508337 -1.986008,,
DUP000154,json,uk_air_sos,2363,786292,West Bromwich Kenrick Park,,,West Bromwich Kenrick Park-Nitrogen dioxide (air),no2,,,0.000,52.508342 -1.986070,,
DUP000154,json,uk_air_sos,7703,7571,West Bromwich Kenrick Park,637,4755,West Bromwich Kenrick Park-Nitrogen dioxide (air),no2,-99,2026-02-19 18:00:00+00,0.000,52.508342 -1.986070,,
DUP000155,aurn,aurn_register,,UKA00659,Crewe Coppenhall,,,,no2,,,0,53.115941 -2.453492,UKA00659,Automatic Urban and Rural Monitoring Network (AURN)
DUP000155,json,openaq,16890,2659920,EEA Crewe Coppenhall - UKA00659,3054,8622221,Crewe Coppenhall - UKA00659,no2,15.10875,2026-02-19 15:00:00+00,0.000,53.115941 -2.453492,,
DUP000155,json,uk_air_sos,673,786376,Crewe Coppenhall,,,Crewe Coppenhall-Nitrogen dioxide (air),no2,,,0.000,53.115941 -2.453492,,
DUP000155,json,uk_air_sos,7720,7717,Crewe Coppenhall,658,4813,Crewe Coppenhall-Nitrogen dioxide (air),no2,27.349,2026-02-19 19:00:00+00,0.000,53.115941 -2.453492,,
DUP000156,aurn,aurn_register,,UKA00660,Bath A4 Roadside,,,,no2,,,0,51.390922 -2.355030,UKA00660,Automatic Urban and Rural Monitoring Network (AURN); Non-Automatic Hydrocarbon Network; UK Urban NO2 Network
DUP000156,json,openaq,16882,2659906,EEA Bath A4 Roadside - UKA00660,3040,8622303,Bath A4 Roadside - UKA00660,no2,26.96625,2026-02-19 15:00:00+00,0.000,51.390922 -2.355030,,
DUP000156,json,uk_air_sos,252,786297,Bath A4 Roadside,,,Bath A4 Roadside-Nitrogen dioxide (air),no2,,,0.000,51.390922 -2.355030,,
DUP000156,json,uk_air_sos,7705,7615,Bath A4 Roadside,640,4828,Bath A4 Roadside-Nitrogen dioxide (air),no2,46.474,2026-02-19 19:00:00+00,0.000,51.390922 -2.355030,,
DUP000157,aurn,aurn_register,,UKA00819,Cwmbran Crownbridge,,,,no2,,,0,51.653819 -3.006370,UKA00819,Automatic Urban and Rural Monitoring Network (AURN)
DUP000157,json,openaq,16891,2659922,EEA Cwmbran Crownbridge - UKA00819,3055,8622264,Cwmbran Crownbridge - UKA00819,no2,5.7375,2026-02-19 15:00:00+00,0.000,51.653819 -3.006370,,
DUP000157,json,uk_air_sos,679,786380,Cwmbran Crownbridge,,,Cwmbran Crownbridge-Nitrogen dioxide (air),no2,,,0.000,51.653819 -3.006370,,
DUP000157,json,uk_air_sos,7721,7804,Cwmbran Crownbridge,659,4863,Cwmbran Crownbridge-Nitrogen dioxide (air),no2,12.623,2026-02-19 19:00:00+00,0.000,51.653819 -3.006370,,
DUP000158,aurn,aurn_register,,UKA00932,Carlisle Morton A595,,,,no2,,,0,54.885823 -2.964955,UKA00932,Automatic Urban and Rural Monitoring Network (AURN); Non-Automatic Hydrocarbon Network
DUP000158,json,uk_air_sos,538,786703,Carlisle Morton A595,,,Carlisle Morton A595-Nitrogen dioxide (air),no2,,,0.000,54.885823 -2.964955,,
DUP000158,json,uk_air_sos,7723,8129,Carlisle Morton A595,668,4869,Carlisle Morton A595-Nitrogen dioxide (air),no2,20.655,2026-02-19 19:00:00+00,0.000,54.885823 -2.964955,,
DUP000159,aurn,aurn_register,,UKA00933,Aberdeen Erroll Park,,,,no2,,,0,57.157400 -2.094770,UKA00933,Automatic Urban and Rural Monitoring Network (AURN)
DUP000159,json,uk_air_sos,1,786698,Aberdeen Erroll Park,,,Aberdeen Erroll Park-Nitrogen dioxide (air),no2,,,0.000,57.157400 -2.094770,,
DUP000159,json,uk_air_sos,7722,8124,Aberdeen Erroll Park,667,4886,Aberdeen Erroll Park-Nitrogen dioxide (air),no2,14.152,2026-02-19 19:00:00+00,0.000,57.157400 -2.094770,,
DUP000160,aurn,aurn_register,,UKA01026,Toft Newton,,,,no2,,,0,53.374133 -0.449788,UKA01026,Automatic Urban and Rural Monitoring Network (AURN)
DUP000160,json,uk_air_sos,2338,788037,Toft Newton,,,Toft Newton-Nitrogen dioxide (air),no2,,,0.000,53.374133 -0.449788,,
DUP000160,json,uk_air_sos,7649,10528,Toft Newton,532,5127,Toft Newton-Nitrogen dioxide (air),no2,5.546,2026-02-19 18:00:00+00,0.000,53.374133 -0.449788,,
DUP000161,aurn,aurn_register,,UKA01037,Hafod-yr-ynys Hill Roadside,,,,no2,,,0,51.680493 -3.133516,UKA01037,Automatic Urban and Rural Monitoring Network (AURN); UK Urban NO2 Network
DUP000161,json,openaq,16461,2414,DEFRA Hafod-yr-ynys Roadside,1685,5079290,Hafod-yr-ynys Roadside,no2,,,9.579,51.680579 -3.133508,,
DUP000161,json,uk_air_sos,926,787423,Hafod-yr-ynys Hill Roadside,,,Hafod-yr-ynys Hill Roadside-Nitrogen dioxide (air),no2,,,0.000,51.680493 -3.133516,,
DUP000161,json,uk_air_sos,7724,9911,Hafod-yr-ynys Hill Roadside,700,5114,Hafod-yr-ynys Hill Roadside-Nitrogen dioxide (air),no2,-99,2026-02-19 19:00:00+00,0.000,51.680493 -3.133516,,
DUP000161,json,uk_air_sos,929,784139,Hafod-yr-ynys Roadside,,,Hafod-yr-ynys Roadside-Nitrogen dioxide (air),no2,,,9.579,51.680579 -3.133508,,
DUP000161,json,uk_air_sos,7657,5673,Hafod-yr-ynys Roadside,585,2396,Hafod-yr-ynys Roadside-Nitrogen dioxide (air),no2,,,9.579,51.680579 -3.133508,,
DUP000162,aurn,aurn_register,,UKA01048,Nottingham Kenmore Gardens,,,,no2,,,0,52.959441 -1.138650,UKA01048,Automatic Urban and Rural Monitoring Network (AURN); Non-Automatic Hydrocarbon Network; PAH Digitel (solid phase)
DUP000162,json,uk_air_sos,1841,788049,Nottingham Kenmore Gardens,,,Nottingham Kenmore Gardens-Nitrogen dioxide (air),no2,,,0.000,52.959441 -1.138650,,
DUP000162,json,uk_air_sos,7650,10542,Nottingham Kenmore Gardens,533,5176,Nottingham Kenmore Gardens-Nitrogen dioxide (air),no2,28.496,2026-02-19 18:00:00+00,0.000,52.959441 -1.138650,,
DUP000163,aurn,aurn_register,,UKA01062,Birmingham Hall Green,,,,no2,,,0,52.437553 -1.830956,UKA01062,Automatic Urban and Rural Monitoring Network (AURN)
DUP000163,json,uk_air_sos,311,788115,Birmingham Hall Green,,,Birmingham Hall Green-Nitrogen dioxide (air),no2,,,0.000,52.437553 -1.830956,,
DUP000163,json,uk_air_sos,7651,10637,Birmingham Hall Green,536,5230,Birmingham Hall Green-Nitrogen dioxide (air),no2,41.31,2026-02-19 18:00:00+00,0.000,52.437553 -1.830956,,
DUP000164,aurn,aurn_register,,UKA01104,London Farringdon Street,,,,no2,,,0,51.514741 -0.104522,UKA01104,Automatic Urban and Rural Monitoring Network (AURN); Non-Automatic Hydrocarbon Network
DUP000164,json,openaq,16651,223778,london stationary Farringdon Street,2320,1296215,Farringdon Street,no2,,,0.355,51.514743 -0.104526,,
DUP000165,json,openaq,16375,147,LAQN Greenwich - Eltham,1423,233,Greenwich - Eltham,no2,,,0,51.452580 0.070766,,
DUP000165,json,uk_air_sos,1455,999,London Eltham,703,320,London Eltham-Nitrogen dioxide (air),no2,,,0.000,51.452580 0.070766,,
DUP000166,json,openaq,16379,151,LAQN Tower Hamlets - Mile End Road,1438,234,Tower Hamlets - Mile End Road,no2,23.5,2026-02-19 18:00:00+00,0,51.522529 -0.042155,,
DUP000166,json,uk_air_sos,2345,1158,Tower Hamlets Roadside,555,492,Tower Hamlets Roadside-Nitrogen dioxide (air),no2,,,0.111,51.522530 -0.042155,,
DUP000167,json,openaq,16384,156,DEFRA London Teddington,1459,250,London Teddington,no2,,,0,51.420990 -0.339647,,
DUP000167,json,uk_air_sos,1587,2738,London Teddington,,,London Teddington-Nitrogen dioxide in air,no2,,,0.000,51.420990 -0.339647,,
DUP000168,json,openaq,16388,160,DEFRA Derry,1471,262,Derry,no2,,,0,55.001225 -7.329115,,
DUP000168,json,uk_air_sos,726,855,Derry,,,Derry-Nitrogen dioxide in air,no2,,,0.000,55.001225 -7.329115,,
DUP000169,json,openaq,16389,269,DEFRA Northampton Kingsthorpe,1476,452,Northampton Kingsthorpe,no2,,,0,52.271886 -0.879898,,
DUP000169,json,uk_air_sos,1804,1063,Northampton Kingsthorpe,,,Northampton Kingsthorpe-Nitrogen dioxide in air,no2,,,0.000,52.271886 -0.879898,,
DUP000170,json,openaq,16390,337,DEFRA Birmingham Tyburn,1478,579,Birmingham Tyburn,no2,,,0,52.511722 -1.830583,,
DUP000170,json,uk_air_sos,347,772,Birmingham Tyburn,,,Birmingham Tyburn-Nitrogen dioxide in air,no2,,,0.000,52.511722 -1.830583,,
DUP000171,json,openaq,16402,800,DEFRA Aberdeen,1519,4468,Aberdeen,no2,,,0,57.157360 -2.094278,,
DUP000171,json,uk_air_sos,7,735,Aberdeen,,,Aberdeen-Nitrogen dioxide in air,no2,,,0.000,57.157360 -2.094278,,
DUP000172,json,openaq,16407,938,DEFRA Nottingham Centre,1538,3787,Nottingham Centre,no2,,,0,52.954730 -1.146447,,
DUP000172,json,uk_air_sos,1831,1054,Nottingham Centre,534,376,Nottingham Centre-Nitrogen dioxide (air),no2,,,0.000,52.954730 -1.146447,,
DUP000173,json,openaq,16412,1233,EEA Aberdeen Union Street Roadside - UKA00513,1559,2217,Aberdeen Union Street Roadside - UKA00513,no2,,,0,57.144555 -2.106472,,
DUP000173,json,uk_air_sos,16,740,Aberdeen Union Street Roadside,629,11,Aberdeen Union Street Roadside-Nitrogen dioxide (air),no2,,,0.000,57.144555 -2.106472,,
DUP000174,json,openaq,16415,1495,DEFRA Bath Roadside,1564,2642,Bath Roadside,no2,,,0,51.391127 -2.354155,,
DUP000174,json,uk_air_sos,256,756,Bath Roadside,,,Bath Roadside-Nitrogen dioxide in air,no2,,,0.000,51.391127 -2.354155,,
DUP000175,json,openaq,16424,2300,EEA Billingham - UKA00153,1589,4160,Billingham - UKA00153,no2,,,0,54.605370 -1.275039,,
DUP000175,json,uk_air_sos,292,770,Billingham,657,70,Billingham-Nitrogen dioxide (air),no2,,,0.000,54.605370 -1.275039,,
DUP000176,json,openaq,16451,2382,EEA Canterbury - UKA00424,1657,4426,Canterbury - UKA00424,no2,,,0,51.273990 1.098061,,
DUP000176,json,uk_air_sos,486,810,Canterbury,666,120,Canterbury-Nitrogen dioxide (air),no2,,,0.000,51.273990 1.098061,,
DUP000177,json,openaq,16458,2401,DEFRA Cwmbran,1680,4494,Cwmbran,no2,,,0,51.653800 -3.006953,,
DUP000177,json,uk_air_sos,683,851,Cwmbran,,,Cwmbran-Nitrogen dioxide in air,no2,,,0.000,51.653800 -3.006953,,
DUP000178,json,openaq,16470,2430,DEFRA Market Harborough,1708,4596,Market Harborough,no2,,,0,52.554444 -0.772222,,
DUP000178,json,uk_air_sos,1672,2718,Market Harborough,,,Market Harborough-Nitrogen dioxide in air,no2,,,0.000,52.554444 -0.772222,,
DUP000179,json,openaq,16485,2480,EEA Sandy Roadside - UKA00533,1753,5079293,Sandy Roadside - UKA00533,no2,,,0,52.132417 -0.300306,,
DUP000179,json,uk_air_sos,2044,1113,Sandy Roadside,546,444,Sandy Roadside-Nitrogen dioxide (air),no2,,,0.000,52.132417 -0.300306,,
DUP000180,json,openaq,16487,2486,DEFRA Carlisle Roadside,1762,4790,Carlisle Roadside,no2,,,0,54.894834 -2.945307,,
DUP000180,json,uk_air_sos,544,820,Carlisle Roadside,,,Carlisle Roadside-Nitrogen dioxide in air,no2,,,0.000,54.894834 -2.945307,,
DUP000181,json,openaq,16496,2513,DEFRA Birmingham Acocks Green,1796,4889,Birmingham Acocks Green,no2,,,0,52.437165 -1.829999,,
DUP000181,json,uk_air_sos,305,742,Birmingham Acocks Green,630,33,Birmingham Acocks Green-Nitrogen dioxide (air),no2,,,0.000,52.437165 -1.829999,,
DUP000182,json,openaq,16497,2514,DEFRA Birmingham Tyburn Roadside,1800,4896,Birmingham Tyburn Roadside,no2,,,0,52.512194 -1.830861,,
DUP000182,json,uk_air_sos,357,778,Birmingham Tyburn Roadside,,,Birmingham Tyburn Roadside-Nitrogen dioxide in air,no2,,,0.000,52.512194 -1.830861,,
DUP000183,json,openaq,16768,225793,LAQN Southwark - Elephant and Castle,2646,1304685,Southwark - Elephant and Castle,no2,,,0,51.493156 -0.101527,,
DUP000183,json,openaq,16559,223686,london stationary Brook Drive,2006,1295901,Brook Drive,no2,,,6.714,51.493213 -0.101559,,
DUP000184,json,openaq,17080,4990521,LAQN Dartford - Town Centre,3739,13537392,Dartford - Town Centre,no2,34.8,2026-02-19 18:00:00+00,0,51.442558 0.215950,,
DUP000184,json,openaq,16724,225746,LAQN Dartford Roadside 2 - Town Centre,2533,1304590,Dartford Roadside 2 - Town Centre,no2,,,20.558,51.442670 0.216186,,
DUP000185,json,openaq,16823,927171,LAQN Regent Street (The Crown Estate),2767,5111975,Regent Street (The Crown Estate),no2,50.7,2026-02-19 18:00:00+00,0,51.511315 -0.139323,,
DUP000185,json,openaq,16815,270694,LAQN Regent Street facade (The Crown Estate),2753,1561903,Regent Street facade (The Crown Estate),no2,,,20.686,51.511182 -0.139114,,
DUP000186,json,openaq,16846,2162803,EEA Dublin Tallaght Old Bawn Road,2890,13109425,Dublin Tallaght Old Bawn Road,no2,8.96,2026-02-18 10:00:00+00,0,53.280541 -6.358842,,
DUP000186,json,openaq,16854,2162812,EEA Dublin Tallaght Old Bawn Road,2913,13109128,Dublin Tallaght Old Bawn Road,no2,13.34,2026-02-18 09:00:00+00,0.000,53.280541 -6.358842,,
DUP000187,json,openaq,16847,2162804,EEA Dublin Kilmainham St. John's Road West,2894,7773538,Dublin Kilmainham St. John's Road West,no2,50.79,2026-02-19 15:00:00+00,0,53.345840 -6.294795,,
DUP000187,json,openaq,16856,2162814,EEA Dublin Kilmainham St. John's Road West,2920,8613684,Dublin Kilmainham St. John's Road West,no2,50.79,2026-02-19 15:00:00+00,0.000,53.345840 -6.294795,,
DUP000188,json,openaq,17005,3394242,LAQN Richmond Upon Thames - Richmond,3462,12151632,Richmond Upon Thames - Richmond,no2,23.7,2026-02-19 18:00:00+00,0,51.463898 -0.301685,,
DUP000188,json,openaq,17006,3394243,LAQN Richmond Upon Thames - Richmond,3465,12630851,Richmond Upon Thames - Richmond,no2,,,0.000,51.463898 -0.301685,,
DUP000189,json,openaq,17097,5738875,LAQN Kensington and Chelsea - Station Walk,3821,14084832,Kensington and Chelsea - Station Walk,no2,23.1,2026-02-19 18:00:00+00,0,51.514052 -0.216519,,
DUP000189,json,openaq,17098,5738876,LAQN Kensington and Chelsea - Station Walk,3824,14124220,Kensington and Chelsea - Station Walk,no2,,,0.969,51.514052 -0.216533,,
DUP000190,aurn,aurn_register,,UKA00259,Camden Kerbside,,,,no,,,0,51.544233 -0.175228,UKA00259,Automatic Urban and Rural Monitoring Network (AURN)
DUP000190,json,openaq,16663,223790,london stationary Finchley Road,2364,1296260,Finchley Road,no,,,0.466,51.544237 -0.175230,,
DUP000190,json,uk_air_sos,472,1223,Camden Kerbside,,,Camden Kerbside-Nitrogen monoxide (air),no,,,0.000,51.544233 -0.175228,,
DUP000191,aurn,aurn_register,,UKA01104,London Farringdon Street,,,,no,,,0,51.514741 -0.104522,UKA01104,Automatic Urban and Rural Monitoring Network (AURN); Non-Automatic Hydrocarbon Network
DUP000191,json,openaq,16615,223742,london stationary Farringdon Street,2192,1296087,Farringdon Street,no,,,0.355,51.514743 -0.104526,,
DUP000192,json,openaq,16563,223690,london stationary Parkside,2016,1295913,Parkside,no,,,0,51.426126 -0.222013,,
DUP000192,json,openaq,16633,223760,london stationary Parkside,2253,1296148,Parkside,no,,,0.000,51.426126 -0.222013,,
DUP000193,json,openaq,16573,223700,london stationary Garrett Lane,2053,1295948,Garrett Lane,no,,,0,51.440399 -0.186775,,
DUP000193,json,openaq,16667,223794,london stationary Garrett Lane,2379,1296276,Garrett Lane,no,,,0.000,51.440399 -0.186775,,
DUP000194,json,openaq,16585,223712,london stationary Holloway Road,2090,1295985,Holloway Road,no,,,0,51.555387 -0.116092,,
DUP000194,json,openaq,16644,223771,london stationary Holloway Road,2295,1296192,Holloway Road,no,,,0.000,51.555387 -0.116092,,
DUP000194,json,openaq,16673,223800,london stationary Holloway Road,2402,1296297,Holloway Road,no,,,0.000,51.555387 -0.116092,,
DUP000194,json,openaq,16674,223801,london stationary Holloway Road,2406,1296301,Holloway Road,no,,,0.000,51.555387 -0.116092,,
DUP000195,json,openaq,16588,223715,london stationary Broomhill Road,2101,1295996,Broomhill Road,no,,,0,51.379382 0.100759,,
DUP000195,json,openaq,16652,223779,london stationary Broomhill Road,2322,1296217,Broomhill Road,no,,,0.000,51.379382 0.100759,,
DUP000196,json,openaq,16609,223736,london stationary Romford Road,2174,1296069,Romford Road,no,,,0,51.554615 0.058982,,
DUP000196,json,openaq,16654,223781,london stationary Romford Road,2329,1296226,Romford Road,no,,,0.000,51.554615 0.058982,,
DUP000197,aurn,aurn_register,,UKA00012,Sibton,,,,o3,,,0,52.294400 1.463497,UKA00012,Automatic Urban and Rural Monitoring Network (AURN); UKEAP: National Ammonia Monitoring Network
DUP000197,json,openaq,16427,2309,DEFRA Sibton,1593,4184,Sibton,o3,39,2026-02-19 19:00:00+00,0.000,52.294400 1.463497,,
DUP000197,json,uk_air_sos,2140,2735,Sibton,464,458,Sibton-Ozone (air),o3,33.328,2026-02-19 19:00:00+00,0.000,52.294400 1.463497,,
DUP000198,aurn,aurn_register,,UKA00128,Bush Estate,,,,o3,,,0,55.862281 -3.205782,UKA00128,Automatic Urban and Rural Monitoring Network (AURN); UKEAP: Acid Gases & Aerosol Network; UKEAP: National Ammonia Monitoring Network
DUP000198,json,uk_air_sos,465,2683,Bush Estate,452,113,Bush Estate-Ozone (air),o3,64.86,2026-02-19 19:00:00+00,0.000,55.862281 -3.205782,,
DUP000199,aurn,aurn_register,,UKA00130,Eskdalemuir,,,,o3,,,0,55.315310 -3.206111,UKA00130,Automatic Urban and Rural Monitoring Network (AURN); Heavy Metals; UKEAP: Acid Gases & Aerosol Network; UKEAP: National Ammonia Monitoring Network; UKEAP: Precip-Net; UKEAP: Rural NO2
DUP000199,json,uk_air_sos,831,2686,Eskdalemuir,453,200,Eskdalemuir-Ozone (air),o3,51.888,2026-02-19 19:00:00+00,0.000,55.315310 -3.206111,,
DUP000200,aurn,aurn_register,,UKA00137,Aston Hill,,,,o3,,,0,52.503850 -3.034178,UKA00137,Automatic Urban and Rural Monitoring Network (AURN)
DUP000200,json,uk_air_sos,31,2679,Aston Hill,451,39,Aston Hill-Ozone (air),o3,43.905,2026-02-19 19:00:00+00,0.000,52.503850 -3.034178,,
DUP000201,aurn,aurn_register,,UKA00152,Lullington Heath,,,,o3,,,0,50.793700 0.181250,UKA00152,Automatic Urban and Rural Monitoring Network (AURN); UKEAP: Acid Gases & Aerosol Network; UKEAP: National Ammonia Monitoring Network; UKEAP: Precip-Net; UKEAP: Rural NO2
DUP000201,json,uk_air_sos,1613,2709,Lullington Heath,458,314,Lullington Heath-Ozone (air),o3,40.912,2026-02-19 19:00:00+00,0.000,50.793700 0.181250,,
DUP000202,aurn,aurn_register,,UKA00162,Strathvaich,,,,o3,,,0,57.734456 -4.776583,UKA00162,Automatic Urban and Rural Monitoring Network (AURN); UKEAP: Acid Gases & Aerosol Network; UKEAP: National Ammonia Monitoring Network; UKEAP: Precip-Net; UKEAP: Rural NO2
DUP000202,json,openaq,16393,425,EEA Strathvaich - UKA00162,1489,738,Strathvaich - UKA00162,o3,82,2026-02-19 19:00:00+00,0.000,57.734456 -4.776583,,
DUP000202,json,uk_air_sos,2271,2736,Strathvaich,465,483,Strathvaich-Ozone (air),o3,73.043,2026-02-19 19:00:00+00,0.000,57.734456 -4.776583,,
DUP000203,aurn,aurn_register,,UKA00166,Lough Navar,,,,o3,,,0,54.439510 -7.900328,UKA00166,Automatic Urban and Rural Monitoring Network (AURN); Heavy Metals; UKEAP: Acid Gases & Aerosol Network; UKEAP: National Ammonia Monitoring Network; UKEAP: Precip-Net; UKEAP: Rural NO2
DUP000203,json,openaq,16445,2361,DEFRA Lough Navar,1645,4347,Lough Navar,o3,59,2026-02-19 19:00:00+00,0.000,54.439510 -7.900328,,
DUP000203,json,uk_air_sos,1605,2713,Lough Navar,459,319,Lough Navar-Ozone (air),o3,35.523,2026-02-19 19:00:00+00,0.000,54.439510 -7.900328,,
DUP000204,aurn,aurn_register,,UKA00168,Yarner Wood,,,,o3,,,0,50.597600 -3.716510,UKA00168,Automatic Urban and Rural Monitoring Network (AURN); Heavy Metals; UKEAP: Acid Gases & Aerosol Network; UKEAP: National Ammonia Monitoring Network; UKEAP: Precip-Net; UKEAP: Rural NO2
DUP000204,json,uk_air_sos,2429,2746,Yarner Wood,468,530,Yarner Wood-Ozone (air),o3,62.665,2026-02-19 19:00:00+00,0.000,50.597600 -3.716510,,
DUP000205,aurn,aurn_register,,UKA00169,High Muffles,,,,o3,,,0,54.334497 -0.808820,UKA00169,Automatic Urban and Rural Monitoring Network (AURN); PAH Digitel (solid phase); TOMPs; UKEAP: Acid Gases & Aerosol Network; UKEAP: National Ammonia Monitoring Network; UKEAP: Precip-Net; UKEAP: Rural NO2
DUP000205,json,uk_air_sos,1116,2701,High Muffles,455,246,High Muffles-Ozone (air),o3,52.686,2026-02-19 19:00:00+00,0.000,54.334497 -0.808820,,
DUP000206,aurn,aurn_register,,UKA00170,Glazebury,,,,o3,,,0,53.460080 -2.472056,UKA00170,Automatic Urban and Rural Monitoring Network (AURN); Black Carbon
DUP000206,json,uk_air_sos,901,2690,Glazebury,454,214,Glazebury-Ozone (air),o3,23.948,2026-02-19 19:00:00+00,0.000,53.460080 -2.472056,,
DUP000207,aurn,aurn_register,,UKA00171,Ladybower,,,,o3,,,0,53.403370 -1.752006,UKA00171,Automatic Urban and Rural Monitoring Network (AURN); Black Carbon; UKEAP: Acid Gases & Aerosol Network; UKEAP: National Ammonia Monitoring Network
DUP000207,json,uk_air_sos,1242,2704,Ladybower,456,282,Ladybower-Ozone (air),o3,38.317,2026-02-19 19:00:00+00,0.000,53.403370 -1.752006,,
DUP000208,aurn,aurn_register,,UKA00181,Sheffield Tinsley,,,,o3,,,0,53.410580 -1.396139,UKA00181,Automatic Urban and Rural Monitoring Network (AURN); Heavy Metals; PAH Digitel (solid phase)
DUP000208,json,uk_air_sos,2135,787434,Sheffield Tinsley,,,Sheffield Tinsley-Ozone (air),o3,,,0.000,53.410580 -1.396139,,
DUP000208,json,uk_air_sos,7644,9924,Sheffield Tinsley,517,5047,Sheffield Tinsley-Ozone (air),o3,14.768,2026-02-19 18:00:00+00,0.000,53.410580 -1.396139,,
DUP000209,aurn,aurn_register,,UKA00211,London Bloomsbury,,,,o3,,,0,51.522290 -0.125889,UKA00211,Automatic Urban and Rural Monitoring Network (AURN); Non-Automatic Hydrocarbon Network
DUP000209,json,uk_air_sos,1384,840,London Bloomsbury,492,150,London Bloomsbury-Ozone (air),o3,13.571,2026-02-19 19:00:00+00,0.000,51.522290 -0.125889,,
DUP000210,aurn,aurn_register,,UKA00212,Belfast Centre,,,,o3,,,0,54.599650 -5.928833,UKA00212,Automatic Urban and Rural Monitoring Network (AURN); Black Carbon; Heavy Metals; Non-Automatic Hydrocarbon Network; UKEAP: National Ammonia Monitoring Network
DUP000210,json,uk_air_sos,281,758,Belfast Centre,482,63,Belfast Centre-Ozone (air),o3,37.519,2026-02-19 18:00:00+00,0.000,54.599650 -5.928833,,
DUP000211,aurn,aurn_register,,UKA00213,Newcastle Centre,,,,o3,,,0,54.978250 -1.610528,UKA00213,Automatic Urban and Rural Monitoring Network (AURN); Black Carbon; Non-Automatic Hydrocarbon Network; PAH Digitel (solid phase)
DUP000211,json,uk_air_sos,1763,1040,Newcastle Centre,427,368,Newcastle Centre-Ozone (air),o3,54.483,2026-02-19 19:00:00+00,0.000,54.978250 -1.610528,,
DUP000212,aurn,aurn_register,,UKA00217,Cardiff Centre,,,,o3,,,0,51.481780 -3.176250,UKA00217,Automatic Urban and Rural Monitoring Network (AURN); Black Carbon
DUP000212,json,uk_air_sos,500,813,Cardiff Centre,491,127,Cardiff Centre-Ozone (air),o3,46.5,2026-02-19 19:00:00+00,0.000,51.481780 -3.176250,,
DUP000213,aurn,aurn_register,,UKA00220,Middlesbrough,,,,o3,,,0,54.569297 -1.220874,UKA00220,Automatic Urban and Rural Monitoring Network (AURN); Non-Automatic Hydrocarbon Network; PAH Digitel (solid phase)
DUP000213,json,uk_air_sos,1704,1019,Middlesbrough,425,348,Middlesbrough-Ozone (air),o3,59.671,2026-02-19 19:00:00+00,0.000,54.569297 -1.220874,,
DUP000214,aurn,aurn_register,,UKA00222,Leeds Centre,,,,o3,,,0,53.803780 -1.546472,UKA00222,Automatic Urban and Rural Monitoring Network (AURN); Non-Automatic Hydrocarbon Network
DUP000214,json,uk_air_sos,1272,978,Leeds Centre,502,305,Leeds Centre-Ozone (air),o3,31.931,2026-02-19 18:00:00+00,0.000,53.803780 -1.546472,,
DUP000215,aurn,aurn_register,,UKA00235,Southampton Centre,,,,o3,,,0,50.908173 -1.395757,UKA00235,Automatic Urban and Rural Monitoring Network (AURN); Non-Automatic Hydrocarbon Network; PAH Digitel (solid phase)
DUP000215,json,uk_air_sos,2155,1133,Southampton Centre,443,467,Southampton Centre-Ozone (air),o3,34.725,2026-02-19 19:00:00+00,0.000,50.908173 -1.395757,,
DUP000216,aurn,aurn_register,,UKA00247,Liverpool Speke,,,,o3,,,0,53.346330 -2.844333,UKA00247,Automatic Urban and Rural Monitoring Network (AURN); Non-Automatic Hydrocarbon Network; PAH Digitel (solid phase)
DUP000216,json,uk_air_sos,1363,1006,Liverpool Speke,423,331,Liverpool Speke-Ozone (air),o3,16.564,2026-02-19 19:00:00+00,0.000,53.346330 -2.844333,,
DUP000217,aurn,aurn_register,,UKA00248,Manchester Piccadilly,,,,o3,,,0,53.481520 -2.237881,UKA00248,Automatic Urban and Rural Monitoring Network (AURN); Non-Automatic Hydrocarbon Network
DUP000217,json,uk_air_sos,1650,1011,Manchester Piccadilly,424,339,Manchester Piccadilly-Ozone (air),o3,17.961,2026-02-19 19:00:00+00,0.000,53.481520 -2.237881,,
DUP000218,aurn,aurn_register,,UKA00251,Rochester Stoke,,,,o3,,,0,51.456170 0.634889,UKA00251,Automatic Urban and Rural Monitoring Network (AURN)
DUP000218,json,uk_air_sos,1967,2729,Rochester Stoke,463,434,Rochester Stoke-Ozone (air),o3,32.53,2026-02-19 19:00:00+00,0.000,51.456170 0.634889,,
DUP000219,aurn,aurn_register,,UKA00253,London N. Kensington,,,,o3,,,0,51.521050 -0.213419,UKA00253,Automatic Urban and Rural Monitoring Network (AURN); Black Carbon
DUP000219,json,uk_air_sos,1573,956,London N. Kensington,500,277,London N. Kensington-Ozone (air),o3,28.339,2026-02-19 19:00:00+00,0.000,51.521050 -0.213419,,
DUP000220,aurn,aurn_register,,UKA00263,Exeter Roadside,,,,o3,,,0,50.725083 -3.532465,UKA00263,Automatic Urban and Rural Monitoring Network (AURN)
DUP000220,json,uk_air_sos,836,886,Exeter Roadside,494,203,Exeter Roadside-Ozone (air),o3,38.317,2026-02-19 19:00:00+00,0.000,50.725083 -3.532465,,
DUP000221,aurn,aurn_register,,UKA00265,Leamington Spa,,,,o3,,,0,52.288810 -1.533119,UKA00265,Automatic Urban and Rural Monitoring Network (AURN); Non-Automatic Hydrocarbon Network
DUP000221,json,uk_air_sos,7627,7635,Leamington Spa,483,2144,Leamington Spa-Ozone (air),o3,8.781,2026-02-19 19:00:00+00,0.000,52.288810 -1.533119,,
DUP000221,json,uk_air_sos,1252,964,Leamington Spa,501,287,Leamington Spa-Ozone (air),o3,,,0.000,52.288810 -1.533119,,
DUP000222,aurn,aurn_register,,UKA00266,London Hillingdon,,,,o3,,,0,51.496330 -0.460861,UKA00266,Automatic Urban and Rural Monitoring Network (AURN)
DUP000222,json,uk_air_sos,1494,920,London Hillingdon,497,243,London Hillingdon-Ozone (air),o3,28.139,2026-02-19 18:00:00+00,0.000,51.496330 -0.460861,,
DUP000223,aurn,aurn_register,,UKA00272,Thurrock,,,,o3,,,0,51.477070 0.317969,UKA00272,Automatic Urban and Rural Monitoring Network (AURN)
DUP000223,json,uk_air_sos,2333,1161,Thurrock,446,497,Thurrock-Ozone (air),o3,22.352,2026-02-19 19:00:00+00,0.000,51.477070 0.317969,,
DUP000224,aurn,aurn_register,,UKA00315,London Marylebone Road,,,,o3,,,0,51.522530 -0.154611,UKA00315,Automatic Hydrocarbon Network; Automatic Urban and Rural Monitoring Network (AURN); Black Carbon; Heavy Metals; PAH Digitel (solid phase); Particle Concentrations and Numbers Network; UK Urban NO2 Network
DUP000224,json,uk_air_sos,1552,1028,London Marylebone Road,426,358,London Marylebone Road-Ozone (air),o3,18.56,2026-02-19 19:00:00+00,0.000,51.522530 -0.154611,,
DUP000225,aurn,aurn_register,,UKA00323,Narberth,,,,o3,,,0,51.782616 -4.692370,UKA00323,Automatic Urban and Rural Monitoring Network (AURN); UKEAP: Acid Gases & Aerosol Network; UKEAP: National Ammonia Monitoring Network
DUP000225,json,uk_air_sos,1732,2724,Narberth,462,403,Narberth-Ozone (air),o3,50.292,2026-02-19 19:00:00+00,0.000,51.782616 -4.692370,,
DUP000226,aurn,aurn_register,,UKA00337,Stoke-on-Trent Centre,,,,o3,,,0,53.028210 -2.175133,UKA00337,Automatic Urban and Rural Monitoring Network (AURN); Non-Automatic Hydrocarbon Network
DUP000226,json,uk_air_sos,2253,1140,Stoke-on-Trent Centre,444,473,Stoke-on-Trent Centre-Ozone (air),o3,17.961,2026-02-19 19:00:00+00,0.000,53.028210 -2.175133,,
DUP000227,aurn,aurn_register,,UKA00339,Salford Eccles,,,,o3,,,0,53.484810 -2.334139,UKA00339,Automatic Urban and Rural Monitoring Network (AURN); PAH Digitel (solid phase)
DUP000227,json,uk_air_sos,2031,872,Salford Eccles,,,Salford Eccles-Ozone (air),o3,,,0.000,53.484810 -2.334139,,
DUP000227,json,uk_air_sos,7643,9923,Salford Eccles,516,1285,Salford Eccles-Ozone (air),o3,9.18,2026-02-19 19:00:00+00,0.000,53.484810 -2.334139,,
DUP000228,aurn,aurn_register,,UKA00353,Barnsley Gawber,,,,o3,,,0,53.562920 -1.510436,UKA00353,Automatic Urban and Rural Monitoring Network (AURN); Black Carbon; Non-Automatic Hydrocarbon Network
DUP000228,json,uk_air_sos,241,752,Barnsley Gawber,481,46,Barnsley Gawber-Ozone (air),o3,32.929,2026-02-19 19:00:00+00,0.000,53.562920 -1.510436,,
DUP000229,aurn,aurn_register,,UKA00360,Plymouth Centre,,,,o3,,,0,50.371670 -4.142361,UKA00360,Automatic Urban and Rural Monitoring Network (AURN); PAH Digitel (solid phase)
DUP000229,json,uk_air_sos,1888,1082,Plymouth Centre,437,408,Plymouth Centre-Ozone (air),o3,47.897,2026-02-19 19:00:00+00,0.000,50.371670 -4.142361,,
DUP000230,aurn,aurn_register,,UKA00362,Wicken Fen,,,,o3,,,0,52.298500 0.290917,UKA00362,Automatic Urban and Rural Monitoring Network (AURN); Black Carbon
DUP000230,json,uk_air_sos,2373,2742,Wicken Fen,467,513,Wicken Fen-Ozone (air),o3,31.332,2026-02-19 19:00:00+00,0.000,52.298500 0.290917,,
DUP000231,aurn,aurn_register,,UKA00406,Wirral Tranmere,,,,o3,,,0,53.372870 -3.022722,UKA00406,Automatic Urban and Rural Monitoring Network (AURN)
DUP000231,json,uk_air_sos,2391,1166,Wirral Tranmere,447,501,Wirral Tranmere-Ozone (air),o3,28.339,2026-02-19 19:00:00+00,0.000,53.372870 -3.022722,,
DUP000232,aurn,aurn_register,,UKA00408,Preston,,,,o3,,,0,53.765590 -2.680353,UKA00408,Automatic Urban and Rural Monitoring Network (AURN); PAH Digitel (solid phase)
DUP000232,json,uk_air_sos,1943,1092,Preston,439,417,Preston-Ozone (air),o3,19.358,2026-02-19 19:00:00+00,0.000,53.765590 -2.680353,,
DUP000233,aurn,aurn_register,,UKA00409,Southend-on-Sea,,,,o3,,,0,51.544166 0.678331,UKA00409,Automatic Urban and Rural Monitoring Network (AURN)
DUP000233,json,uk_air_sos,2164,1117,Southend-on-Sea,442,449,Southend-on-Sea-Ozone (air),o3,24.747,2026-02-19 19:00:00+00,0.000,51.544166 0.678331,,
DUP000234,aurn,aurn_register,,UKA00421,Portsmouth,,,,o3,,,0,50.828810 -1.068583,UKA00421,Automatic Urban and Rural Monitoring Network (AURN); PAH Digitel (solid phase)
DUP000234,json,uk_air_sos,1902,1089,Portsmouth,438,413,Portsmouth-Ozone (air),o3,34.925,2026-02-19 19:00:00+00,0.000,50.828810 -1.068583,,
DUP000235,aurn,aurn_register,,UKA00429,Bournemouth,,,,o3,,,0,50.739570 -1.826744,UKA00429,Automatic Urban and Rural Monitoring Network (AURN)
DUP000235,json,uk_air_sos,413,790,Bournemouth,486,94,Bournemouth-Ozone (air),o3,-99,2026-02-19 18:00:00+00,0.000,50.739570 -1.826744,,
DUP000236,aurn,aurn_register,,UKA00433,Weybourne,,,,o3,,,0,52.950490 1.122017,UKA00433,Automatic Urban and Rural Monitoring Network (AURN); Ozone / UV; TOMPs
DUP000236,json,openaq,16435,2333,EEA Weybourne - UKA00433,1613,4262,Weybourne - UKA00433,o3,52,2026-02-19 19:00:00+00,0.000,52.950490 1.122017,,
DUP000236,json,uk_air_sos,2367,2741,Weybourne,466,510,Weybourne-Ozone (air),o3,49.094,2026-02-19 19:00:00+00,0.000,52.950490 1.122017,,
DUP000237,aurn,aurn_register,,UKA00435,London Westminster,,,,o3,,,0,51.494670 -0.131931,UKA00435,Automatic Urban and Rural Monitoring Network (AURN); Heavy Metals
DUP000237,json,uk_air_sos,1594,932,London Westminster,,,London Westminster-Ozone (air),o3,,,0.000,51.494670 -0.131931,,
DUP000237,json,uk_air_sos,7641,9921,London Westminster,514,1296,London Westminster-Ozone (air),o3,21.753,2026-02-19 18:00:00+00,0.000,51.494670 -0.131931,,
DUP000238,aurn,aurn_register,,UKA00445,St Osyth,,,,o3,,,0,51.777874 1.049010,UKA00445,Automatic Urban and Rural Monitoring Network (AURN); Black Carbon
DUP000238,json,uk_air_sos,2267,2721,St Osyth,461,390,St Osyth-Ozone (air),o3,36.521,2026-02-19 19:00:00+00,0.000,51.777874 1.049010,,
DUP000239,aurn,aurn_register,,UKA00450,Hull Freetown,,,,o3,,,0,53.748780 -0.341222,UKA00450,Automatic Urban and Rural Monitoring Network (AURN)
DUP000239,json,uk_air_sos,1164,946,Hull Freetown,499,265,Hull Freetown-Ozone (air),o3,25.944,2026-02-19 19:00:00+00,0.000,53.748780 -0.341222,,
DUP000240,aurn,aurn_register,,UKA00451,Auchencorth Moss,,,,o3,,,0,55.792160 -3.242900,UKA00451,Automatic Hydrocarbon Network; Automatic Urban and Rural Monitoring Network (AURN); Black Carbon; Heavy Metals; PAH Deposition; PAH Digitel (solid phase); Particle Size Composition; Rural Automatic Mercury network; TOMPs; UKEAP: Acid Gases & Aerosol Network; UKEAP: MARGA Network; UKEAP: National Ammonia Monitoring Network; UKEAP: Precip-Net; UKEAP: Precip-Net; UKEAP: Rural NO2
DUP000240,json,openaq,16511,2550,DEFRA Auchencorth Moss,1858,5149,Auchencorth Moss,o3,61,2026-02-19 19:00:00+00,0.000,55.792160 -3.242900,,
DUP000240,json,uk_air_sos,169,2674,Auchencorth Moss,450,24,Auchencorth Moss-Ozone (air),o3,52.088,2026-02-19 19:00:00+00,0.000,55.792160 -3.242900,,
DUP000241,aurn,aurn_register,,UKA00454,Edinburgh St Leonards,,,,o3,,,0,55.945589 -3.182186,UKA00454,Automatic Urban and Rural Monitoring Network (AURN); PAH Digitel (solid phase)
DUP000241,json,uk_air_sos,816,881,Edinburgh St Leonards,493,195,Edinburgh St Leonards-Ozone (air),o3,55.48,2026-02-19 19:00:00+00,0.000,55.945589 -3.182186,,
DUP000242,aurn,aurn_register,,UKA00462,Reading New Town,,,,o3,,,0,51.453090 -0.944067,UKA00462,Automatic Urban and Rural Monitoring Network (AURN)
DUP000242,json,uk_air_sos,1956,1105,Reading New Town,441,429,Reading New Town-Ozone (air),o3,21.354,2026-02-19 19:00:00+00,0.000,51.453090 -0.944067,,
DUP000243,aurn,aurn_register,,UKA00472,London Harlington,,,,o3,,,0,51.488790 -0.441614,UKA00472,Automatic Urban and Rural Monitoring Network (AURN)
DUP000243,json,uk_air_sos,1481,940,London Harlington,498,261,London Harlington-Ozone (air),o3,26.243,2026-02-19 19:00:00+00,0.000,51.488790 -0.441614,,
DUP000244,aurn,aurn_register,,UKA00482,Wigan Centre,,,,o3,,,0,53.549140 -2.638139,UKA00482,Automatic Urban and Rural Monitoring Network (AURN)
DUP000244,json,uk_air_sos,2384,1178,Wigan Centre,449,517,Wigan Centre-Ozone (air),o3,20.755,2026-02-19 19:00:00+00,0.000,53.549140 -2.638139,,
DUP000245,aurn,aurn_register,,UKA00483,Brighton Preston Park,,,,o3,,,0,50.840836 -0.147572,UKA00483,Automatic Urban and Rural Monitoring Network (AURN)
DUP000245,json,uk_air_sos,424,801,Brighton Preston Park,488,105,Brighton Preston Park-Ozone (air),o3,28.738,2026-02-19 19:00:00+00,0.000,50.840836 -0.147572,,
DUP000246,aurn,aurn_register,,UKA00484,Sunderland Silksworth,,,,o3,,,0,54.883610 -1.406878,UKA00484,Automatic Urban and Rural Monitoring Network (AURN)
DUP000246,json,uk_air_sos,2277,1150,Sunderland Silksworth,445,481,Sunderland Silksworth-Ozone (air),o3,54.682,2026-02-19 19:00:00+00,0.000,54.883610 -1.406878,,
DUP000247,aurn,aurn_register,,UKA00486,Lerwick,,,,o3,,,0,60.139220 -1.185319,UKA00486,Automatic Urban and Rural Monitoring Network (AURN); Ozone / UV
DUP000247,json,openaq,16463,2417,DEFRA Lerwick,1687,4542,Lerwick,o3,90,2026-02-19 19:00:00+00,0.000,60.139220 -1.185319,,
DUP000247,json,uk_air_sos,1329,2708,Lerwick,457,311,Lerwick-Ozone (air),o3,90.405,2026-02-19 19:00:00+00,0.000,60.139220 -1.185319,,
DUP000248,aurn,aurn_register,,UKA00488,Blackpool Marton,,,,o3,,,0,53.804890 -3.007175,UKA00488,Automatic Urban and Rural Monitoring Network (AURN)
DUP000248,json,uk_air_sos,377,784,Blackpool Marton,485,87,Blackpool Marton-Ozone (air),o3,34.925,2026-02-19 18:00:00+00,0.000,53.804890 -3.007175,,
DUP000249,aurn,aurn_register,,UKA00489,Leominster,,,,o3,,,0,52.221593 -2.736840,UKA00489,Automatic Urban and Rural Monitoring Network (AURN)
DUP000249,json,uk_air_sos,1327,993,Leominster,522,310,Leominster-Ozone (air),o3,21.554,2026-02-19 19:00:00+00,0.000,52.221593 -2.736840,,
DUP000250,aurn,aurn_register,,UKA00494,Bristol St Paul's,,,,o3,,,0,51.462839 -2.584482,UKA00494,Automatic Urban and Rural Monitoring Network (AURN); PAH Digitel (solid phase)
DUP000250,json,uk_air_sos,439,795,Bristol St Paul's,487,101,Bristol St Paul's-Ozone (air),o3,26.343,2026-02-19 19:00:00+00,0.000,51.462839 -2.584482,,
DUP000251,aurn,aurn_register,,UKA00495,Fort William,,,,o3,,,0,56.822660 -5.101102,UKA00495,Automatic Urban and Rural Monitoring Network (AURN)
DUP000251,json,uk_air_sos,842,890,Fort William,495,206,Fort William-Ozone (air),o3,63.862,2026-02-19 18:00:00+00,0.000,56.822660 -5.101102,,
DUP000252,aurn,aurn_register,,UKA00501,Port Talbot Margam,,,,o3,,,0,51.583950 -3.770822,UKA00501,Automatic Urban and Rural Monitoring Network (AURN); Heavy Metals; Non-Automatic Hydrocarbon Network; PAH Digitel (solid phase)
DUP000252,json,uk_air_sos,1932,1097,Port Talbot Margam,440,423,Port Talbot Margam-Ozone (air),o3,23.35,2026-02-19 19:00:00+00,0.000,51.583950 -3.770822,,
DUP000253,aurn,aurn_register,,UKA00518,Oxford St Ebbes,,,,o3,,,0,51.744806 -1.260278,UKA00518,Automatic Urban and Rural Monitoring Network (AURN); Non-Automatic Hydrocarbon Network
DUP000253,json,uk_air_sos,1870,787433,Oxford St Ebbes,,,Oxford St Ebbes-Ozone (air),o3,,,0.000,51.744806 -1.260278,,
DUP000253,json,uk_air_sos,7642,9922,Oxford St Ebbes,515,5088,Oxford St Ebbes-Ozone (air),o3,25.345,2026-02-19 18:00:00+00,0.000,51.744806 -1.260278,,
DUP000254,aurn,aurn_register,,UKA00523,York Bootham,,,,o3,,,0,53.967513 -1.086514,UKA00523,Automatic Urban and Rural Monitoring Network (AURN); Non-Automatic Hydrocarbon Network
DUP000254,json,uk_air_sos,2438,787438,York Bootham,,,York Bootham-Ozone (air),o3,,,0.000,53.967513 -1.086514,,
DUP000254,json,uk_air_sos,7648,9928,York Bootham,521,5089,York Bootham-Ozone (air),o3,32.33,2026-02-19 18:00:00+00,0.000,53.967513 -1.086514,,
DUP000255,aurn,aurn_register,,UKA00537,Charlton Mackrell,,,,o3,,,0,51.056250 -2.683450,UKA00537,Automatic Urban and Rural Monitoring Network (AURN)
DUP000255,json,uk_air_sos,556,2717,Charlton Mackrell,460,336,Charlton Mackrell-Ozone (air),o3,,,0.000,51.056250 -2.683450,,
DUP000255,json,uk_air_sos,7626,7489,Charlton Mackrell,480,2193,Charlton Mackrell-Ozone (air),o3,42.109,2026-02-19 18:00:00+00,0.000,51.056250 -2.683450,,
DUP000256,aurn,aurn_register,,UKA00546,Eastbourne,,,,o3,,,0,50.805778 0.271611,UKA00546,Automatic Urban and Rural Monitoring Network (AURN)
DUP000256,json,uk_air_sos,781,787429,Eastbourne,,,Eastbourne-Ozone (air),o3,,,0.000,50.805778 0.271611,,
DUP000256,json,uk_air_sos,7637,9917,Eastbourne,510,5131,Eastbourne-Ozone (air),o3,34.725,2026-02-19 18:00:00+00,0.000,50.805778 0.271611,,
DUP000257,aurn,aurn_register,,UKA00549,Norwich Lakenfields,,,,o3,,,0,52.614823 1.302686,UKA00549,Automatic Urban and Rural Monitoring Network (AURN); Non-Automatic Hydrocarbon Network
DUP000257,json,uk_air_sos,1824,1048,Norwich Lakenfields,428,373,Norwich Lakenfields-Ozone (air),o3,21.554,2026-02-19 19:00:00+00,0.000,52.614823 1.302686,,
DUP000258,aurn,aurn_register,,UKA00551,Peebles,,,,o3,,,0,55.657472 -3.196527,UKA00551,Automatic Urban and Rural Monitoring Network (AURN)
DUP000258,json,uk_air_sos,1878,1080,Peebles,436,399,Peebles-Ozone (air),o3,53.285,2026-02-19 19:00:00+00,0.000,55.657472 -3.196527,,
DUP000259,aurn,aurn_register,,UKA00565,Walsall Woodlands,,,,o3,,,0,52.605641 -2.030371,UKA00565,Automatic Urban and Rural Monitoring Network (AURN)
DUP000259,json,uk_air_sos,2353,1171,Walsall Woodlands,448,505,Walsall Woodlands-Ozone (air),o3,21.354,2026-02-19 19:00:00+00,0.000,52.605641 -2.030371,,
DUP000260,aurn,aurn_register,,UKA00566,Honiton,,,,o3,,,0,50.792287 -3.196702,UKA00566,Automatic Urban and Rural Monitoring Network (AURN)
DUP000260,json,uk_air_sos,1123,787431,Honiton,,,Honiton-Ozone (air),o3,,,0.000,50.792287 -3.196702,,
DUP000260,json,uk_air_sos,7639,9919,Honiton,512,5078,Honiton-Ozone (air),o3,-99,2026-02-19 19:00:00+00,0.000,50.792287 -3.196702,,
DUP000261,aurn,aurn_register,,UKA00568,London Haringey Priory Park South,,,,o3,,,0,51.584128 -0.125254,UKA00568,Automatic Urban and Rural Monitoring Network (AURN)
DUP000261,json,uk_air_sos,1475,918,London Haringey Priory Park South,496,240,London Haringey Priory Park South-Ozone (air),o3,25.345,2026-02-19 18:00:00+00,0.000,51.584128 -0.125254,,
DUP000262,aurn,aurn_register,,UKA00573,Leicester University,,,,o3,,,0,52.619904 -1.127182,UKA00573,Automatic Urban and Rural Monitoring Network (AURN)
DUP000262,json,uk_air_sos,1321,3899,Leicester University,469,295,Leicester University-Ozone (air),o3,10.976,2026-02-19 19:00:00+00,0.000,52.619904 -1.127182,,
DUP000263,aurn,aurn_register,,UKA00575,Sheffield Devonshire Green,,,,o3,,,0,53.378622 -1.478096,UKA00575,Automatic Urban and Rural Monitoring Network (AURN); Heavy Metals; Non-Automatic Hydrocarbon Network
DUP000263,json,uk_air_sos,2127,3904,Sheffield Devonshire Green,470,454,Sheffield Devonshire Green-Ozone (air),o3,25.545,2026-02-19 19:00:00+00,0.000,53.378622 -1.478096,,
DUP000264,aurn,aurn_register,,UKA00576,Glasgow Townhead,,,,o3,,,0,55.865782 -4.243631,UKA00576,Automatic Urban and Rural Monitoring Network (AURN); Black Carbon; PAH Digitel (solid phase)
DUP000264,json,uk_air_sos,894,3910,Glasgow Townhead,471,218,Glasgow Townhead-Ozone (air),o3,53.884,2026-02-19 19:00:00+00,0.000,55.865782 -4.243631,,
DUP000265,aurn,aurn_register,,UKA00592,Coventry Allesley,,,,o3,,,0,52.411628 -1.560189,UKA00592,Automatic Urban and Rural Monitoring Network (AURN)
DUP000265,json,uk_air_sos,659,780427,Coventry Allesley,472,156,Coventry Allesley-Ozone (air),o3,12.972,2026-02-19 19:00:00+00,0.000,52.411628 -1.560189,,
DUP000266,aurn,aurn_register,,UKA00604,Chesterfield Loundsley Green,,,,o3,,,0,53.244131 -1.454946,UKA00604,Automatic Urban and Rural Monitoring Network (AURN); Heavy Metals
DUP000266,json,uk_air_sos,582,787426,Chesterfield Loundsley Green,,,Chesterfield Loundsley Green-Ozone (air),o3,,,0.000,53.244131 -1.454946,,
DUP000266,json,uk_air_sos,7634,9914,Chesterfield Loundsley Green,507,5043,Chesterfield Loundsley Green-Ozone (air),o3,35.324,2026-02-19 18:00:00+00,0.000,53.244131 -1.454946,,
DUP000267,aurn,aurn_register,,UKA00614,Chilbolton Observatory,,,,o3,,,0,51.149617 -1.438228,UKA00614,Automatic Hydrocarbon Network; Automatic Urban and Rural Monitoring Network (AURN); Black Carbon; Heavy Metals; PAH Deposition; PAH Digitel (solid phase); Particle Concentrations and Numbers Network; Rural Automatic Mercury network; UKEAP: Acid Gases & Aerosol Network; UKEAP: MARGA Network; UKEAP: National Ammonia Monitoring Network; UKEAP: Precip-Net; UKEAP: Precip-Net; UKEAP: Rural NO2
DUP000267,json,uk_air_sos,630,785629,Chilbolton Observatory,,,Chilbolton Observatory-Ozone (air),o3,,,0.000,51.149617 -1.438228,,
DUP000267,json,uk_air_sos,7620,6242,Chilbolton Observatory,473,3457,Chilbolton Observatory-Ozone (air),o3,43.706,2026-02-19 19:00:00+00,0.000,51.149617 -1.438228,,
DUP000268,aurn,aurn_register,,UKA00617,Manchester Sharston,,,,o3,,,0,53.371722 -2.238917,UKA00617,Automatic Urban and Rural Monitoring Network (AURN)
DUP000268,json,uk_air_sos,1658,4040,Manchester Sharston,,,Manchester Sharston-Ozone (air),o3,,,0.000,53.371722 -2.238917,,
DUP000268,json,uk_air_sos,7622,6310,Manchester Sharston,475,3520,Manchester Sharston-Ozone (air),o3,3.393,2026-02-19 19:00:00+00,0.000,53.371722 -2.238917,,
DUP000269,aurn,aurn_register,,UKA00619,Derry Rosemount,,,,o3,,,0,55.002818 -7.331179,UKA00619,Automatic Urban and Rural Monitoring Network (AURN)
DUP000269,json,uk_air_sos,736,4007,Derry Rosemount,,,Derry Rosemount-Ozone (air),o3,,,0.000,55.002818 -7.331179,,
DUP000269,json,uk_air_sos,7621,6277,Derry Rosemount,474,3557,Derry Rosemount-Ozone (air),o3,62.465,2026-02-19 18:00:00+00,0.000,55.002818 -7.331179,,
DUP000270,aurn,aurn_register,,UKA00626,Birmingham A4540 Roadside,,,,o3,,,0,52.476145 -1.874978,UKA00626,Automatic Urban and Rural Monitoring Network (AURN); Black Carbon; Non-Automatic Hydrocarbon Network; UK Urban NO2 Network
DUP000270,json,uk_air_sos,301,4095,Birmingham A4540 Roadside,,,Birmingham A4540 Roadside-Ozone (air),o3,,,0.000,52.476145 -1.874978,,
DUP000270,json,uk_air_sos,7623,6452,Birmingham A4540 Roadside,476,4166,Birmingham A4540 Roadside-Ozone (air),o3,8.781,2026-02-19 19:00:00+00,0.000,52.476145 -1.874978,,
DUP000271,aurn,aurn_register,,UKA00632,Northampton Spring Park,,,,o3,,,0,52.272257 -0.916605,UKA00632,Automatic Urban and Rural Monitoring Network (AURN)
DUP000271,json,uk_air_sos,1815,785823,Northampton Spring Park,,,Northampton Spring Park-Ozone (air),o3,,,0.000,52.272257 -0.916605,,
DUP000271,json,uk_air_sos,7624,6822,Northampton Spring Park,477,4513,Northampton Spring Park-Ozone (air),o3,29.936,2026-02-19 19:00:00+00,0.000,52.272257 -0.916605,,
DUP000272,aurn,aurn_register,,UKA00645,Hartlepool St Abbs Walk,,,,o3,,,0,54.683242 -1.203838,UKA00645,Automatic Urban and Rural Monitoring Network (AURN)
DUP000272,json,uk_air_sos,942,787430,Hartlepool St Abbs Walk,,,Hartlepool St Abbs Walk-Ozone (air),o3,,,0.000,54.683242 -1.203838,,
DUP000272,json,uk_air_sos,7638,9918,Hartlepool St Abbs Walk,511,5045,Hartlepool St Abbs Walk-Ozone (air),o3,55.48,2026-02-19 19:00:00+00,0.000,54.683242 -1.203838,,
DUP000273,aurn,aurn_register,,UKA00647,Immingham Woodlands Avenue,,,,o3,,,0,53.619241 -0.213324,UKA00647,Automatic Urban and Rural Monitoring Network (AURN)
DUP000273,json,uk_air_sos,1177,787432,Immingham Woodlands Avenue,,,Immingham Woodlands Avenue-Ozone (air),o3,,,0.000,53.619241 -0.213324,,
DUP000273,json,uk_air_sos,7640,9920,Immingham Woodlands Avenue,513,5046,Immingham Woodlands Avenue-Ozone (air),o3,55.68,2026-02-19 18:00:00+00,0.000,53.619241 -0.213324,,
DUP000274,aurn,aurn_register,,UKA00648,Telford Hollinswood,,,,o3,,,0,52.673471 -2.436692,UKA00648,Automatic Urban and Rural Monitoring Network (AURN)
DUP000274,json,uk_air_sos,2326,787436,Telford Hollinswood,,,Telford Hollinswood-Ozone (air),o3,,,0.000,52.673471 -2.436692,,
DUP000274,json,uk_air_sos,7646,9926,Telford Hollinswood,519,5048,Telford Hollinswood-Ozone (air),o3,23.749,2026-02-19 18:00:00+00,0.000,52.673471 -2.436692,,
DUP000275,aurn,aurn_register,,UKA00650,Swindon Walcot,,,,o3,,,0,51.558061 -1.765678,UKA00650,Automatic Urban and Rural Monitoring Network (AURN)
DUP000275,json,uk_air_sos,2316,787435,Swindon Walcot,,,Swindon Walcot-Ozone (air),o3,,,0.000,51.558061 -1.765678,,
DUP000275,json,uk_air_sos,7645,9925,Swindon Walcot,518,5050,Swindon Walcot-Ozone (air),o3,27.74,2026-02-19 18:00:00+00,0.000,51.558061 -1.765678,,
DUP000276,aurn,aurn_register,,UKA00652,Burton-on-Trent Horninglow,,,,o3,,,0,52.821050 -1.635718,UKA00652,Automatic Urban and Rural Monitoring Network (AURN)
DUP000276,json,uk_air_sos,452,787425,Burton-on-Trent Horninglow,,,Burton-on-Trent Horninglow-Ozone (air),o3,,,0.000,52.821050 -1.635718,,
DUP000276,json,uk_air_sos,7633,9913,Burton-on-Trent Horninglow,506,5042,Burton-on-Trent Horninglow-Ozone (air),o3,19.558,2026-02-19 18:00:00+00,0.000,52.821050 -1.635718,,
DUP000277,aurn,aurn_register,,UKA00654,Dewsbury Ashworth Grange,,,,o3,,,0,53.693104 -1.637111,UKA00654,Automatic Urban and Rural Monitoring Network (AURN)
DUP000277,json,uk_air_sos,757,787428,Dewsbury Ashworth Grange,,,Dewsbury Ashworth Grange-Ozone (air),o3,,,0.000,53.693104 -1.637111,,
DUP000277,json,uk_air_sos,7636,9916,Dewsbury Ashworth Grange,509,5044,Dewsbury Ashworth Grange-Ozone (air),o3,1.796,2026-02-19 19:00:00+00,0.000,53.693104 -1.637111,,
DUP000278,aurn,aurn_register,,UKA00655,Birmingham Ladywood,,,,o3,,,0,52.481346 -1.918235,UKA00655,Automatic Urban and Rural Monitoring Network (AURN); Black Carbon; Non-Automatic Hydrocarbon Network; PAH Digitel (solid phase)
DUP000278,json,uk_air_sos,320,786055,Birmingham Ladywood,,,Birmingham Ladywood-Ozone (air),o3,,,0.000,52.481346 -1.918235,,
DUP000278,json,uk_air_sos,7625,7074,Birmingham Ladywood,478,4732,Birmingham Ladywood-Ozone (air),o3,16.963,2026-02-19 19:00:00+00,0.000,52.481346 -1.918235,,
DUP000279,aurn,aurn_register,,UKA00656,London Honor Oak Park,,,,o3,,,0,51.449674 -0.037418,UKA00656,Automatic Hydrocarbon Network; Automatic Urban and Rural Monitoring Network (AURN); Black Carbon; Particle Size Composition
DUP000279,json,uk_air_sos,1497,788122,London Honor Oak Park,,,London Honor Oak Park-Ozone (air),o3,,,0.000,51.449674 -0.037418,,
DUP000279,json,uk_air_sos,7617,10644,London Honor Oak Park,433,5205,London Honor Oak Park-Ozone (air),o3,-99,2026-02-19 19:00:00+00,0.000,51.449674 -0.037418,,
DUP000280,aurn,aurn_register,,UKA00658,West Bromwich Kenrick Park,,,,o3,,,0,52.508342 -1.986070,UKA00658,Automatic Urban and Rural Monitoring Network (AURN)
DUP000280,json,uk_air_sos,2366,787437,West Bromwich Kenrick Park,,,West Bromwich Kenrick Park-Ozone (air),o3,,,0.000,52.508342 -1.986070,,
DUP000280,json,uk_air_sos,7647,9927,West Bromwich Kenrick Park,520,5049,West Bromwich Kenrick Park-Ozone (air),o3,-99,2026-02-19 18:00:00+00,0.000,52.508342 -1.986070,,
DUP000281,aurn,aurn_register,,UKA00659,Crewe Coppenhall,,,,o3,,,0,53.115941 -2.453492,UKA00659,Automatic Urban and Rural Monitoring Network (AURN)
DUP000281,json,uk_air_sos,676,787427,Crewe Coppenhall,,,Crewe Coppenhall-Ozone (air),o3,,,0.000,53.115941 -2.453492,,
DUP000281,json,uk_air_sos,7635,9915,Crewe Coppenhall,508,5035,Crewe Coppenhall-Ozone (air),o3,20.356,2026-02-19 18:00:00+00,0.000,53.115941 -2.453492,,
DUP000282,aurn,aurn_register,,UKA00819,Cwmbran Crownbridge,,,,o3,,,0,51.653819 -3.006370,UKA00819,Automatic Urban and Rural Monitoring Network (AURN)
DUP000282,json,uk_air_sos,682,786382,Cwmbran Crownbridge,,,Cwmbran Crownbridge-Ozone (air),o3,,,0.000,51.653819 -3.006370,,
DUP000282,json,uk_air_sos,7628,7806,Cwmbran Crownbridge,484,4862,Cwmbran Crownbridge-Ozone (air),o3,50.292,2026-02-19 19:00:00+00,0.000,51.653819 -3.006370,,
DUP000283,aurn,aurn_register,,UKA00933,Aberdeen Erroll Park,,,,o3,,,0,57.157400 -2.094770,UKA00933,Automatic Urban and Rural Monitoring Network (AURN)
DUP000283,json,uk_air_sos,4,786696,Aberdeen Erroll Park,,,Aberdeen Erroll Park-Ozone (air),o3,,,0.000,57.157400 -2.094770,,
DUP000283,json,uk_air_sos,7629,8122,Aberdeen Erroll Park,490,4888,Aberdeen Erroll Park-Ozone (air),o3,80.626,2026-02-19 19:00:00+00,0.000,57.157400 -2.094770,,
DUP000284,aurn,aurn_register,,UKA00963,Milton Keynes Civic Centre,,,,o3,,,0,52.044076 -0.761013,UKA00963,Automatic Urban and Rural Monitoring Network (AURN)
DUP000284,json,uk_air_sos,1712,787415,Milton Keynes Civic Centre,,,Milton Keynes Civic Centre-Ozone (air),o3,,,0.000,52.044076 -0.761013,,
DUP000284,json,uk_air_sos,7630,9903,Milton Keynes Civic Centre,503,5062,Milton Keynes Civic Centre-Ozone (air),o3,19.957,2026-02-19 18:00:00+00,0.000,52.044076 -0.761013,,
DUP000285,aurn,aurn_register,,UKA01025,Blackburn Audley Park,,,,o3,,,0,53.746730 -2.467873,UKA01025,Automatic Urban and Rural Monitoring Network (AURN); Black Carbon
DUP000285,json,uk_air_sos,368,787421,Blackburn Audley Park,,,Blackburn Audley Park-Ozone (air),o3,,,0.000,53.746730 -2.467873,,
DUP000285,json,uk_air_sos,7632,9909,Blackburn Audley Park,505,5098,Blackburn Audley Park-Ozone (air),o3,30.335,2026-02-19 19:00:00+00,0.000,53.746730 -2.467873,,
DUP000286,aurn,aurn_register,,UKA01026,Toft Newton,,,,o3,,,0,53.374133 -0.449788,UKA01026,Automatic Urban and Rural Monitoring Network (AURN)
DUP000286,json,uk_air_sos,2341,788039,Toft Newton,,,Toft Newton-Ozone (air),o3,,,0.000,53.374133 -0.449788,,
DUP000286,json,uk_air_sos,7614,10530,Toft Newton,429,5129,Toft Newton-Ozone (air),o3,53.285,2026-02-19 19:00:00+00,0.000,53.374133 -0.449788,,
DUP000287,aurn,aurn_register,,UKA01027,Derby Stockbrook Park,,,,o3,,,0,52.916059 -1.492166,UKA01027,Automatic Urban and Rural Monitoring Network (AURN); Black Carbon
DUP000287,json,uk_air_sos,701,787418,Derby Stockbrook Park,,,Derby Stockbrook Park-Ozone (air),o3,,,0.000,52.916059 -1.492166,,
DUP000287,json,uk_air_sos,7631,9906,Derby Stockbrook Park,504,5140,Derby Stockbrook Park-Ozone (air),o3,22.951,2026-02-19 18:00:00+00,0.000,52.916059 -1.492166,,
DUP000288,aurn,aurn_register,,UKA01038,Tallington,,,,o3,,,0,52.656308 -0.381000,UKA01038,Automatic Urban and Rural Monitoring Network (AURN)
DUP000288,json,uk_air_sos,2319,788042,Tallington,,,Tallington-Ozone (air),o3,,,0.000,52.656308 -0.381000,,
DUP000288,json,uk_air_sos,7618,10646,Tallington,434,5158,Tallington-Ozone (air),o3,43.107,2026-02-19 19:00:00+00,0.000,52.656308 -0.381000,,
DUP000289,aurn,aurn_register,,UKA01048,Nottingham Kenmore Gardens,,,,o3,,,0,52.959441 -1.138650,UKA01048,Automatic Urban and Rural Monitoring Network (AURN); Non-Automatic Hydrocarbon Network; PAH Digitel (solid phase)
DUP000289,json,uk_air_sos,1844,788051,Nottingham Kenmore Gardens,,,Nottingham Kenmore Gardens-Ozone (air),o3,,,0.000,52.959441 -1.138650,,
DUP000289,json,uk_air_sos,7615,10544,Nottingham Kenmore Gardens,431,5178,Nottingham Kenmore Gardens-Ozone (air),o3,16.365,2026-02-19 19:00:00+00,0.000,52.959441 -1.138650,,
DUP000290,aurn,aurn_register,,UKA01062,Birmingham Hall Green,,,,o3,,,0,52.437553 -1.830956,UKA01062,Automatic Urban and Rural Monitoring Network (AURN)
DUP000290,json,uk_air_sos,314,788119,Birmingham Hall Green,,,Birmingham Hall Green-Ozone (air),o3,,,0.000,52.437553 -1.830956,,
DUP000290,json,uk_air_sos,7616,10641,Birmingham Hall Green,432,5232,Birmingham Hall Green-Ozone (air),o3,16.365,2026-02-19 18:00:00+00,0.000,52.437553 -1.830956,,
DUP000291,aurn,aurn_register,,UKA01085,Kielder Water,,,,o3,,,0,55.181580 -2.453170,UKA01085,Automatic Urban and Rural Monitoring Network (AURN)
DUP000291,json,uk_air_sos,1191,788165,Kielder Water,,,Kielder Water-Ozone (air),o3,,,0.000,55.181580 -2.453170,,
DUP000291,json,uk_air_sos,7619,10690,Kielder Water,435,5410,Kielder Water-Ozone (air),o3,48.895,2026-02-19 19:00:00+00,0.000,55.181580 -2.453170,,
DUP000292,json,openaq,16430,2317,DEFRA Bottesford,1604,4208,Bottesford,o3,,,0,52.930280 -0.814722,,
DUP000292,json,uk_air_sos,409,2682,Bottesford,,,Bottesford-Ozone in air,o3,,,0.000,52.930280 -0.814722,,
DUP000293,json,openaq,16449,2373,DEFRA Great Dun Fell,1654,4386,Great Dun Fell,o3,,,0,54.684233 -2.450799,,
DUP000293,json,uk_air_sos,920,2689,Great Dun Fell,,,Great Dun Fell-Ozone in air,o3,,,0.000,54.684233 -2.450799,,
DUP000294,json,openaq,16850,2162808,EEA Dublin Clonskeagh Road Richview,2901,7775103,Dublin Clonskeagh Road Richview,o3,24.14,2026-02-19 13:00:00+00,0,53.311839 -6.235316,,
DUP000294,json,openaq,16858,2162819,EEA Dublin Clonskeagh Road Richview,2927,8613464,Dublin Clonskeagh Road Richview,o3,24.14,2026-02-19 13:00:00+00,0.000,53.311839 -6.235316,,
DUP000295,aurn,aurn_register,,UKA00012,Sibton,,,,pm10,,,0,52.294400 1.463497,UKA00012,Automatic Urban and Rural Monitoring Network (AURN); UKEAP: National Ammonia Monitoring Network
DUP000295,json,uk_air_sos,7372,10915,Sibton,38,5172,Sibton-Particulate matter less than 10 micro m (aerosol),pm10,13.9,2026-02-19 19:00:00+00,0.000,52.294400 1.463497,,
DUP000296,aurn,aurn_register,,UKA00152,Lullington Heath,,,,pm10,,,0,50.793700 0.181250,UKA00152,Automatic Urban and Rural Monitoring Network (AURN); UKEAP: Acid Gases & Aerosol Network; UKEAP: National Ammonia Monitoring Network; UKEAP: Precip-Net; UKEAP: Rural NO2
DUP000296,json,uk_air_sos,7465,8780,Lullington Heath,169,4944,Lullington Heath-Particulate matter less than 10 micro m (aerosol),pm10,6.8,2026-02-19 19:00:00+00,0.000,50.793700 0.181250,,
DUP000297,aurn,aurn_register,,UKA00166,Lough Navar,,,,pm10,,,0,54.439510 -7.900328,UKA00166,Automatic Urban and Rural Monitoring Network (AURN); Heavy Metals; UKEAP: Acid Gases & Aerosol Network; UKEAP: National Ammonia Monitoring Network; UKEAP: Precip-Net; UKEAP: Rural NO2
DUP000297,json,uk_air_sos,1609,785337,Lough Navar,,,Lough Navar-Volatile PM10,pm10,,,0.000,54.439510 -7.900328,,
DUP000297,json,uk_air_sos,7400,7153,Lough Navar,85,2175,Lough Navar-Particulate matter less than 10 micro m (aerosol),pm10,6.9,2026-02-19 19:00:00+00,0.000,54.439510 -7.900328,,
DUP000297,json,uk_air_sos,1604,785336,Lough Navar-Non,,,Lough Navar-Non-volatile PM10,pm10,,,0.000,54.439510 -7.900328,,
DUP000298,aurn,aurn_register,,UKA00168,Yarner Wood,,,,pm10,,,0,50.597600 -3.716510,UKA00168,Automatic Urban and Rural Monitoring Network (AURN); Heavy Metals; UKEAP: Acid Gases & Aerosol Network; UKEAP: National Ammonia Monitoring Network; UKEAP: Precip-Net; UKEAP: Rural NO2
DUP000298,json,uk_air_sos,7468,8786,Yarner Wood,172,4971,Yarner Wood-Particulate matter less than 10 micro m (aerosol),pm10,7.1,2026-02-19 18:00:00+00,0.000,50.597600 -3.716510,,
DUP000299,aurn,aurn_register,,UKA00169,High Muffles,,,,pm10,,,0,54.334497 -0.808820,UKA00169,Automatic Urban and Rural Monitoring Network (AURN); PAH Digitel (solid phase); TOMPs; UKEAP: Acid Gases & Aerosol Network; UKEAP: National Ammonia Monitoring Network; UKEAP: Precip-Net; UKEAP: Rural NO2
DUP000299,json,uk_air_sos,1117,787087,High Muffles,168,4942,High Muffles-Particulate matter less than 10 micro m (aerosol),pm10,10.1,2026-02-19 19:00:00+00,0.000,54.334497 -0.808820,,
DUP000300,aurn,aurn_register,,UKA00170,Glazebury,,,,pm10,,,0,53.460080 -2.472056,UKA00170,Automatic Urban and Rural Monitoring Network (AURN); Black Carbon
DUP000300,json,uk_air_sos,7464,8776,Glazebury,167,4940,Glazebury-Particulate matter less than 10 micro m (aerosol),pm10,17.7,2026-02-19 18:00:00+00,0.000,53.460080 -2.472056,,
DUP000301,aurn,aurn_register,,UKA00171,Ladybower,,,,pm10,,,0,53.403370 -1.752006,UKA00171,Automatic Urban and Rural Monitoring Network (AURN); Black Carbon; UKEAP: Acid Gases & Aerosol Network; UKEAP: National Ammonia Monitoring Network
DUP000301,json,uk_air_sos,7373,10925,Ladybower,39,5192,Ladybower-Particulate matter less than 10 micro m (aerosol),pm10,8.5,2026-02-19 19:00:00+00,0.000,53.403370 -1.752006,,
DUP000302,aurn,aurn_register,,UKA00181,Sheffield Tinsley,,,,pm10,,,0,53.410580 -1.396139,UKA00181,Automatic Urban and Rural Monitoring Network (AURN); Heavy Metals; PAH Digitel (solid phase)
DUP000302,json,uk_air_sos,7460,8768,Sheffield Tinsley,162,4912,Sheffield Tinsley-Particulate matter less than 10 micro m (aerosol),pm10,21.3,2026-02-19 19:00:00+00,0.000,53.410580 -1.396139,,
DUP000303,aurn,aurn_register,,UKA00211,London Bloomsbury,,,,pm10,,,0,51.522290 -0.125889,UKA00211,Automatic Urban and Rural Monitoring Network (AURN); Non-Automatic Hydrocarbon Network
DUP000303,json,uk_air_sos,1388,785228,London Bloomsbury,,,London Bloomsbury-Volatile PM10,pm10,,,0.000,51.522290 -0.125889,,
DUP000303,json,uk_air_sos,7440,7595,London Bloomsbury,131,2013,London Bloomsbury-Particulate matter less than 10 micro m (aerosol),pm10,8.2,2026-02-19 18:00:00+00,0.000,51.522290 -0.125889,,
DUP000303,json,uk_air_sos,1385,844,London Bloomsbury,151,147,London Bloomsbury-Particulate matter less than 10 micro m (aerosol),pm10,,,0.000,51.522290 -0.125889,,
DUP000303,json,uk_air_sos,1382,785227,London Bloomsbury-Non,,,London Bloomsbury-Non-volatile PM10,pm10,,,0.000,51.522290 -0.125889,,
DUP000304,aurn,aurn_register,,UKA00212,Belfast Centre,,,,pm10,,,0,54.599650 -5.928833,UKA00212,Automatic Urban and Rural Monitoring Network (AURN); Black Carbon; Heavy Metals; Non-Automatic Hydrocarbon Network; UKEAP: National Ammonia Monitoring Network
DUP000304,json,uk_air_sos,268,1,Belfast Centre,,,Belfast Centre-Arsenic in PM10 in aerosol,pm10,,,0.000,54.599650 -5.928833,,
DUP000304,json,uk_air_sos,271,29,Belfast Centre,,,Belfast Centre-Cadmium in PM10 in aerosol,pm10,,,0.000,54.599650 -5.928833,,
DUP000304,json,uk_air_sos,273,266,Belfast Centre,,,Belfast Centre-Lead in PM10 in aerosol,pm10,,,0.000,54.599650 -5.928833,,
DUP000304,json,uk_air_sos,274,167,Belfast Centre,,,Belfast Centre-Mercury in PM10 in aerosol,pm10,,,0.000,54.599650 -5.928833,,
DUP000304,json,uk_air_sos,275,238,Belfast Centre,,,Belfast Centre-Nickel in PM10 in aerosol,pm10,,,0.000,54.599650 -5.928833,,
DUP000304,json,uk_air_sos,286,785209,Belfast Centre,,,Belfast Centre-Volatile PM10,pm10,,,0.000,54.599650 -5.928833,,
DUP000304,json,uk_air_sos,7413,7502,Belfast Centre,101,1930,Belfast Centre-Particulate matter less than 10 micro m (aerosol),pm10,10,2026-02-19 19:00:00+00,0.000,54.599650 -5.928833,,
DUP000304,json,uk_air_sos,282,762,Belfast Centre,136,60,Belfast Centre-Particulate matter less than 10 micro m (aerosol),pm10,,,0.000,54.599650 -5.928833,,
DUP000304,json,uk_air_sos,279,785208,Belfast Centre-Non,,,Belfast Centre-Non-volatile PM10,pm10,,,0.000,54.599650 -5.928833,,
DUP000305,aurn,aurn_register,,UKA00213,Newcastle Centre,,,,pm10,,,0,54.978250 -1.610528,UKA00213,Automatic Urban and Rural Monitoring Network (AURN); Black Carbon; Non-Automatic Hydrocarbon Network; PAH Digitel (solid phase)
DUP000305,json,uk_air_sos,1738,2101,Newcastle Centre,,,Newcastle Centre-Anthanthrene in PM10 in aerosol,pm10,,,0.000,54.978250 -1.610528,,
DUP000305,json,uk_air_sos,1740,2087,Newcastle Centre,,,Newcastle Centre-Benzoin aanthracene in PM10 in aerosol,pm10,,,0.000,54.978250 -1.610528,,
DUP000305,json,uk_air_sos,1741,2095,Newcastle Centre,,,Newcastle Centre-Benzoin apyrene in PM10 in aerosol,pm10,,,0.000,54.978250 -1.610528,,
DUP000305,json,uk_air_sos,1742,2091,Newcastle Centre,,,Newcastle Centre-Benzoin bfluoranthene in PM10 in aerosol,pm10,,,0.000,54.978250 -1.610528,,
DUP000305,json,uk_air_sos,1744,2086,Newcastle Centre,,,Newcastle Centre-Benzoin cphenanthrene in PM10 in aerosol,pm10,,,0.000,54.978250 -1.610528,,
DUP000305,json,uk_air_sos,1745,2094,Newcastle Centre,,,Newcastle Centre-Benzoin epyrene in PM10 in aerosol,pm10,,,0.000,54.978250 -1.610528,,
DUP000305,json,uk_air_sos,1746,2100,Newcastle Centre,,,Newcastle Centre-Benzoin ghiperylene in PM10 in aerosol,pm10,,,0.000,54.978250 -1.610528,,
DUP000305,json,uk_air_sos,1747,2093,Newcastle Centre,,,Newcastle Centre-Benzoin jfluoranthene in PM10 in aerosol,pm10,,,0.000,54.978250 -1.610528,,
DUP000305,json,uk_air_sos,1748,2092,Newcastle Centre,,,Newcastle Centre-Benzoin kfluoranthene in PM10 in aerosol,pm10,,,0.000,54.978250 -1.610528,,
DUP000305,json,uk_air_sos,1750,2089,Newcastle Centre,,,Newcastle Centre-Chrysene in PM10 in aerosol,pm10,,,0.000,54.978250 -1.610528,,
DUP000305,json,uk_air_sos,1751,2104,Newcastle Centre,,,Newcastle Centre-Coronene in PM10 in aerosol,pm10,,,0.000,54.978250 -1.610528,,
DUP000305,json,uk_air_sos,1753,2098,Newcastle Centre,,,Newcastle Centre-Dibenzoin acanthracene in PM10 in aerosol,pm10,,,0.000,54.978250 -1.610528,,
DUP000305,json,uk_air_sos,1754,2103,Newcastle Centre,,,Newcastle Centre-Dibenzoin aepyrene in PM10 in aerosol,pm10,,,0.000,54.978250 -1.610528,,
DUP000305,json,uk_air_sos,1755,2099,Newcastle Centre,,,Newcastle Centre-Dibenzoin ahanthracene in PM10 in aerosol,pm10,,,0.000,54.978250 -1.610528,,
DUP000305,json,uk_air_sos,1756,2106,Newcastle Centre,,,Newcastle Centre-Dibenzoin ahpyrene in PM10 in aerosol,pm10,,,0.000,54.978250 -1.610528,,
DUP000305,json,uk_air_sos,1757,2105,Newcastle Centre,,,Newcastle Centre-Dibenzoin aipyrene in PM10 in aerosol,pm10,,,0.000,54.978250 -1.610528,,
DUP000305,json,uk_air_sos,1758,2102,Newcastle Centre,,,Newcastle Centre-Dibenzoin alpyrene in PM10 in aerosol,pm10,,,0.000,54.978250 -1.610528,,
DUP000305,json,uk_air_sos,1759,2097,Newcastle Centre,,,Newcastle Centre-indeno_123cd_pyrene in PM10 in aerosol,pm10,,,0.000,54.978250 -1.610528,,
DUP000305,json,uk_air_sos,1766,2096,Newcastle Centre,,,Newcastle Centre-Perylene in PM10 in aerosol,pm10,,,0.000,54.978250 -1.610528,,
DUP000305,json,uk_air_sos,7442,7601,Newcastle Centre,133,2222,Newcastle Centre-Particulate matter less than 10 micro m (aerosol),pm10,-99,2026-02-19 19:00:00+00,0.000,54.978250 -1.610528,,
DUP000305,json,uk_air_sos,1764,1044,Newcastle Centre,4,365,Newcastle Centre-Particulate matter less than 10 micro m (aerosol),pm10,,,0.000,54.978250 -1.610528,,
DUP000305,json,uk_air_sos,1737,2090,Newcastle Centre-5,,,Newcastle Centre-5-Methyl Chrysene in PM10 in aerosol,pm10,,,0.000,54.978250 -1.610528,,
DUP000305,json,uk_air_sos,1743,2085,Newcastle Centre-Benzoin bnaphthoin 2,,,"Newcastle Centre-Benzoin bnaphthoin 2,1-dthiophene in PM10 in aerosol",pm10,,,0.000,54.978250 -1.610528,,
DUP000305,json,uk_air_sos,1752,2088,Newcastle Centre-Cyclopentain c,,,"Newcastle Centre-Cyclopentain c,dpyrene in PM10 in aerosol",pm10,,,0.000,54.978250 -1.610528,,
DUP000306,aurn,aurn_register,,UKA00217,Cardiff Centre,,,,pm10,,,0,51.481780 -3.176250,UKA00217,Automatic Urban and Rural Monitoring Network (AURN); Black Carbon
DUP000306,json,uk_air_sos,504,785169,Cardiff Centre,,,Cardiff Centre-Volatile PM10,pm10,,,0.000,51.481780 -3.176250,,
DUP000306,json,uk_air_sos,7444,7799,Cardiff Centre,138,1991,Cardiff Centre-Particulate matter less than 10 micro m (aerosol),pm10,6.763,2026-02-19 19:00:00+00,0.000,51.481780 -3.176250,,
DUP000306,json,uk_air_sos,501,817,Cardiff Centre,148,124,Cardiff Centre-Particulate matter less than 10 micro m (aerosol),pm10,,,0.000,51.481780 -3.176250,,
DUP000306,json,uk_air_sos,498,785168,Cardiff Centre-Non,,,Cardiff Centre-Non-volatile PM10,pm10,,,0.000,51.481780 -3.176250,,
DUP000307,aurn,aurn_register,,UKA00220,Middlesbrough,,,,pm10,,,0,54.569297 -1.220874,UKA00220,Automatic Urban and Rural Monitoring Network (AURN); Non-Automatic Hydrocarbon Network; PAH Digitel (solid phase)
DUP000307,json,uk_air_sos,1677,2078,Middlesbrough,,,Middlesbrough-Anthanthrene in PM10 in aerosol,pm10,,,0.000,54.569297 -1.220874,,
DUP000307,json,uk_air_sos,1679,2064,Middlesbrough,,,Middlesbrough-Benzoin aanthracene in PM10 in aerosol,pm10,,,0.000,54.569297 -1.220874,,
DUP000307,json,uk_air_sos,1680,2072,Middlesbrough,,,Middlesbrough-Benzoin apyrene in PM10 in aerosol,pm10,,,0.000,54.569297 -1.220874,,
DUP000307,json,uk_air_sos,1681,2068,Middlesbrough,,,Middlesbrough-Benzoin bfluoranthene in PM10 in aerosol,pm10,,,0.000,54.569297 -1.220874,,
DUP000307,json,uk_air_sos,1683,2063,Middlesbrough,,,Middlesbrough-Benzoin cphenanthrene in PM10 in aerosol,pm10,,,0.000,54.569297 -1.220874,,
DUP000307,json,uk_air_sos,1684,2071,Middlesbrough,,,Middlesbrough-Benzoin epyrene in PM10 in aerosol,pm10,,,0.000,54.569297 -1.220874,,
DUP000307,json,uk_air_sos,1685,2077,Middlesbrough,,,Middlesbrough-Benzoin ghiperylene in PM10 in aerosol,pm10,,,0.000,54.569297 -1.220874,,
DUP000307,json,uk_air_sos,1686,2070,Middlesbrough,,,Middlesbrough-Benzoin jfluoranthene in PM10 in aerosol,pm10,,,0.000,54.569297 -1.220874,,
DUP000307,json,uk_air_sos,1687,2069,Middlesbrough,,,Middlesbrough-Benzoin kfluoranthene in PM10 in aerosol,pm10,,,0.000,54.569297 -1.220874,,
DUP000307,json,uk_air_sos,1689,2066,Middlesbrough,,,Middlesbrough-Chrysene in PM10 in aerosol,pm10,,,0.000,54.569297 -1.220874,,
DUP000307,json,uk_air_sos,1690,2081,Middlesbrough,,,Middlesbrough-Coronene in PM10 in aerosol,pm10,,,0.000,54.569297 -1.220874,,
DUP000307,json,uk_air_sos,1692,2075,Middlesbrough,,,Middlesbrough-Dibenzoin acanthracene in PM10 in aerosol,pm10,,,0.000,54.569297 -1.220874,,
DUP000307,json,uk_air_sos,1693,2080,Middlesbrough,,,Middlesbrough-Dibenzoin aepyrene in PM10 in aerosol,pm10,,,0.000,54.569297 -1.220874,,
DUP000307,json,uk_air_sos,1694,2076,Middlesbrough,,,Middlesbrough-Dibenzoin ahanthracene in PM10 in aerosol,pm10,,,0.000,54.569297 -1.220874,,
DUP000307,json,uk_air_sos,1695,2083,Middlesbrough,,,Middlesbrough-Dibenzoin ahpyrene in PM10 in aerosol,pm10,,,0.000,54.569297 -1.220874,,
DUP000307,json,uk_air_sos,1696,2082,Middlesbrough,,,Middlesbrough-Dibenzoin aipyrene in PM10 in aerosol,pm10,,,0.000,54.569297 -1.220874,,
DUP000307,json,uk_air_sos,1697,2079,Middlesbrough,,,Middlesbrough-Dibenzoin alpyrene in PM10 in aerosol,pm10,,,0.000,54.569297 -1.220874,,
DUP000307,json,uk_air_sos,1698,2074,Middlesbrough,,,Middlesbrough-indeno_123cd_pyrene in PM10 in aerosol,pm10,,,0.000,54.569297 -1.220874,,
DUP000307,json,uk_air_sos,1707,2073,Middlesbrough,,,Middlesbrough-Perylene in PM10 in aerosol,pm10,,,0.000,54.569297 -1.220874,,
DUP000307,json,uk_air_sos,1709,785255,Middlesbrough,,,Middlesbrough-Volatile PM10,pm10,,,0.000,54.569297 -1.220874,,
DUP000307,json,uk_air_sos,7441,7598,Middlesbrough,132,2202,Middlesbrough-Particulate matter less than 10 micro m (aerosol),pm10,-99,2026-02-19 18:00:00+00,0.000,54.569297 -1.220874,,
DUP000307,json,uk_air_sos,1705,1023,Middlesbrough,2,345,Middlesbrough-Particulate matter less than 10 micro m (aerosol),pm10,,,0.000,54.569297 -1.220874,,
DUP000307,json,uk_air_sos,1676,2067,Middlesbrough-5,,,Middlesbrough-5-Methyl Chrysene in PM10 in aerosol,pm10,,,0.000,54.569297 -1.220874,,
DUP000307,json,uk_air_sos,1682,2062,Middlesbrough-Benzoin bnaphthoin 2,,,"Middlesbrough-Benzoin bnaphthoin 2,1-dthiophene in PM10 in aerosol",pm10,,,0.000,54.569297 -1.220874,,
DUP000307,json,uk_air_sos,1691,2065,Middlesbrough-Cyclopentain c,,,"Middlesbrough-Cyclopentain c,dpyrene in PM10 in aerosol",pm10,,,0.000,54.569297 -1.220874,,
DUP000307,json,uk_air_sos,1702,785254,Middlesbrough-Non,,,Middlesbrough-Non-volatile PM10,pm10,,,0.000,54.569297 -1.220874,,
DUP000308,aurn,aurn_register,,UKA00222,Leeds Centre,,,,pm10,,,0,53.803780 -1.546472,UKA00222,Automatic Urban and Rural Monitoring Network (AURN); Non-Automatic Hydrocarbon Network
DUP000308,json,uk_air_sos,7437,7588,Leeds Centre,128,2159,Leeds Centre-Particulate matter less than 10 micro m (aerosol),pm10,17.9,2026-02-19 19:00:00+00,0.000,53.803780 -1.546472,,
DUP000308,json,uk_air_sos,1273,982,Leeds Centre,185,302,Leeds Centre-Particulate matter less than 10 micro m (aerosol),pm10,,,0.000,53.803780 -1.546472,,
DUP000309,aurn,aurn_register,,UKA00235,Southampton Centre,,,,pm10,,,0,50.908173 -1.395757,UKA00235,Automatic Urban and Rural Monitoring Network (AURN); Non-Automatic Hydrocarbon Network; PAH Digitel (solid phase)
DUP000309,json,uk_air_sos,2159,785181,Southampton Centre,,,Southampton Centre-Volatile PM10,pm10,,,3.954,50.908140 -1.395778,,
DUP000309,json,uk_air_sos,2156,1137,Southampton Centre,53,464,Southampton Centre-Particulate matter less than 10 micro m (aerosol),pm10,,,0.000,50.908173 -1.395757,,
DUP000309,json,uk_air_sos,2153,785176,Southampton Centre-Non,,,Southampton Centre-Non-volatile PM10,pm10,,,3.954,50.908140 -1.395778,,
DUP000310,aurn,aurn_register,,UKA00238,London Bexley,,,,pm10,,,0,51.466030 0.184806,UKA00238,Automatic Urban and Rural Monitoring Network (AURN)
DUP000310,json,uk_air_sos,7445,7802,London Bexley,139,4848,London Bexley-Particulate matter less than 10 micro m (aerosol),pm10,-99,2026-02-19 19:00:00+00,0.000,51.466030 0.184806,,
DUP000311,aurn,aurn_register,,UKA00247,Liverpool Speke,,,,pm10,,,0,53.346330 -2.844333,UKA00247,Automatic Urban and Rural Monitoring Network (AURN); Non-Automatic Hydrocarbon Network; PAH Digitel (solid phase)
DUP000311,json,uk_air_sos,1336,1986,Liverpool Speke,,,Liverpool Speke-Anthanthrene in PM10 in aerosol,pm10,,,0.000,53.346330 -2.844333,,
DUP000311,json,uk_air_sos,1338,1972,Liverpool Speke,,,Liverpool Speke-Benzoin aanthracene in PM10 in aerosol,pm10,,,0.000,53.346330 -2.844333,,
DUP000311,json,uk_air_sos,1339,1980,Liverpool Speke,,,Liverpool Speke-Benzoin apyrene in PM10 in aerosol,pm10,,,0.000,53.346330 -2.844333,,
DUP000311,json,uk_air_sos,1340,1976,Liverpool Speke,,,Liverpool Speke-Benzoin bfluoranthene in PM10 in aerosol,pm10,,,0.000,53.346330 -2.844333,,
DUP000311,json,uk_air_sos,1342,1971,Liverpool Speke,,,Liverpool Speke-Benzoin cphenanthrene in PM10 in aerosol,pm10,,,0.000,53.346330 -2.844333,,
DUP000311,json,uk_air_sos,1343,1979,Liverpool Speke,,,Liverpool Speke-Benzoin epyrene in PM10 in aerosol,pm10,,,0.000,53.346330 -2.844333,,
DUP000311,json,uk_air_sos,1344,1985,Liverpool Speke,,,Liverpool Speke-Benzoin ghiperylene in PM10 in aerosol,pm10,,,0.000,53.346330 -2.844333,,
DUP000311,json,uk_air_sos,1345,1978,Liverpool Speke,,,Liverpool Speke-Benzoin jfluoranthene in PM10 in aerosol,pm10,,,0.000,53.346330 -2.844333,,
DUP000311,json,uk_air_sos,1346,1977,Liverpool Speke,,,Liverpool Speke-Benzoin kfluoranthene in PM10 in aerosol,pm10,,,0.000,53.346330 -2.844333,,
DUP000311,json,uk_air_sos,1348,1974,Liverpool Speke,,,Liverpool Speke-Chrysene in PM10 in aerosol,pm10,,,0.000,53.346330 -2.844333,,
DUP000311,json,uk_air_sos,1349,1989,Liverpool Speke,,,Liverpool Speke-Coronene in PM10 in aerosol,pm10,,,0.000,53.346330 -2.844333,,
DUP000311,json,uk_air_sos,1351,1983,Liverpool Speke,,,Liverpool Speke-Dibenzoin acanthracene in PM10 in aerosol,pm10,,,0.000,53.346330 -2.844333,,
DUP000311,json,uk_air_sos,1352,1988,Liverpool Speke,,,Liverpool Speke-Dibenzoin aepyrene in PM10 in aerosol,pm10,,,0.000,53.346330 -2.844333,,
DUP000311,json,uk_air_sos,1353,1984,Liverpool Speke,,,Liverpool Speke-Dibenzoin ahanthracene in PM10 in aerosol,pm10,,,0.000,53.346330 -2.844333,,
DUP000311,json,uk_air_sos,1354,1991,Liverpool Speke,,,Liverpool Speke-Dibenzoin ahpyrene in PM10 in aerosol,pm10,,,0.000,53.346330 -2.844333,,
DUP000311,json,uk_air_sos,1355,1990,Liverpool Speke,,,Liverpool Speke-Dibenzoin aipyrene in PM10 in aerosol,pm10,,,0.000,53.346330 -2.844333,,
DUP000311,json,uk_air_sos,1356,1987,Liverpool Speke,,,Liverpool Speke-Dibenzoin alpyrene in PM10 in aerosol,pm10,,,0.000,53.346330 -2.844333,,
DUP000311,json,uk_air_sos,1357,1982,Liverpool Speke,,,Liverpool Speke-indeno_123cd_pyrene in PM10 in aerosol,pm10,,,0.000,53.346330 -2.844333,,
DUP000311,json,uk_air_sos,1366,1981,Liverpool Speke,,,Liverpool Speke-Perylene in PM10 in aerosol,pm10,,,0.000,53.346330 -2.844333,,
DUP000311,json,uk_air_sos,1368,785177,Liverpool Speke,,,Liverpool Speke-Volatile PM10,pm10,,,0.000,53.346330 -2.844333,,
DUP000311,json,uk_air_sos,1364,1007,Liverpool Speke,1,328,Liverpool Speke-Particulate matter less than 10 micro m (aerosol),pm10,,,0.000,53.346330 -2.844333,,
DUP000311,json,uk_air_sos,7391,7109,Liverpool Speke,76,2185,Liverpool Speke-Particulate matter less than 10 micro m (aerosol),pm10,22.223,2026-02-19 19:00:00+00,0.000,53.346330 -2.844333,,
DUP000311,json,uk_air_sos,1335,1975,Liverpool Speke-5,,,Liverpool Speke-5-Methyl Chrysene in PM10 in aerosol,pm10,,,0.000,53.346330 -2.844333,,
DUP000311,json,uk_air_sos,1341,1970,Liverpool Speke-Benzoin bnaphthoin 2,,,"Liverpool Speke-Benzoin bnaphthoin 2,1-dthiophene in PM10 in aerosol",pm10,,,0.000,53.346330 -2.844333,,
DUP000311,json,uk_air_sos,1350,1973,Liverpool Speke-Cyclopentain c,,,"Liverpool Speke-Cyclopentain c,dpyrene in PM10 in aerosol",pm10,,,0.000,53.346330 -2.844333,,
DUP000311,json,uk_air_sos,1361,785172,Liverpool Speke-Non,,,Liverpool Speke-Non-volatile PM10,pm10,,,0.000,53.346330 -2.844333,,
DUP000312,aurn,aurn_register,,UKA00248,Manchester Piccadilly,,,,pm10,,,0,53.481520 -2.237881,UKA00248,Automatic Urban and Rural Monitoring Network (AURN); Non-Automatic Hydrocarbon Network
DUP000312,json,uk_air_sos,7447,7991,Manchester Piccadilly,142,4831,Manchester Piccadilly-Particulate matter less than 10 micro m (aerosol),pm10,23.4,2026-02-19 19:00:00+00,0.000,53.481520 -2.237881,,
DUP000313,aurn,aurn_register,,UKA00251,Rochester Stoke,,,,pm10,,,0,51.456170 0.634889,UKA00251,Automatic Urban and Rural Monitoring Network (AURN)
DUP000313,json,uk_air_sos,1971,785339,Rochester Stoke,,,Rochester Stoke-Volatile PM10,pm10,,,0.000,51.456170 0.634889,,
DUP000313,json,uk_air_sos,1968,2732,Rochester Stoke,62,431,Rochester Stoke-Particulate matter less than 10 micro m (aerosol),pm10,,,0.000,51.456170 0.634889,,
DUP000313,json,uk_air_sos,7401,7159,Rochester Stoke,87,2288,Rochester Stoke-Particulate matter less than 10 micro m (aerosol),pm10,8.9,2026-02-19 19:00:00+00,0.000,51.456170 0.634889,,
DUP000313,json,uk_air_sos,1965,785338,Rochester Stoke-Non,,,Rochester Stoke-Non-volatile PM10,pm10,,,0.000,51.456170 0.634889,,
DUP000314,aurn,aurn_register,,UKA00253,London N. Kensington,,,,pm10,,,0,51.521050 -0.213419,UKA00253,Automatic Urban and Rural Monitoring Network (AURN); Black Carbon
DUP000314,json,uk_air_sos,1577,961,London N. Kensington,,,London N. Kensington-PM10 in aerosol,pm10,,,5.051,51.521050 -0.213492,,
DUP000314,json,uk_air_sos,1579,785307,London N. Kensington,,,London N. Kensington-Volatile PM10,pm10,,,5.051,51.521050 -0.213492,,
DUP000314,json,uk_air_sos,1574,960,London N. Kensington,137,2131,London N. Kensington-Particulate matter less than 10 micro m (aerosol),pm10,7.1,2026-02-19 19:00:00+00,5.051,51.521050 -0.213492,,
DUP000314,json,uk_air_sos,1571,785306,London N. Kensington-Non,,,London N. Kensington-Non-volatile PM10,pm10,,,5.051,51.521050 -0.213492,,
DUP000315,aurn,aurn_register,,UKA00259,Camden Kerbside,,,,pm10,,,0,51.544233 -0.175228,UKA00259,Automatic Urban and Rural Monitoring Network (AURN)
DUP000315,json,uk_air_sos,478,785291,Camden Kerbside,,,Camden Kerbside-Volatile PM10,pm10,,,3.818,51.544210 -0.175269,,
DUP000315,json,uk_air_sos,476,805,Camden Kerbside,143,2,Camden Kerbside-Particulate matter less than 10 micro m (aerosol),pm10,,,3.818,51.544210 -0.175269,,
DUP000315,json,uk_air_sos,474,785290,Camden Kerbside-Non,,,Camden Kerbside-Non-volatile PM10,pm10,,,3.818,51.544210 -0.175269,,
DUP000316,aurn,aurn_register,,UKA00265,Leamington Spa,,,,pm10,,,0,52.288810 -1.533119,UKA00265,Automatic Urban and Rural Monitoring Network (AURN); Non-Automatic Hydrocarbon Network
DUP000316,json,uk_air_sos,1265,785257,Leamington Spa,,,Leamington Spa-Volatile PM10,pm10,,,0.000,52.288810 -1.533119,,
DUP000316,json,uk_air_sos,7423,7537,Leamington Spa,113,2141,Leamington Spa-Particulate matter less than 10 micro m (aerosol),pm10,18.8,2026-02-19 19:00:00+00,0.000,52.288810 -1.533119,,
DUP000316,json,uk_air_sos,1253,967,Leamington Spa,182,284,Leamington Spa-Particulate matter less than 10 micro m (aerosol),pm10,,,0.000,52.288810 -1.533119,,
DUP000316,json,uk_air_sos,1250,785256,Leamington Spa-Non,,,Leamington Spa-Non-volatile PM10,pm10,,,0.000,52.288810 -1.533119,,
DUP000317,aurn,aurn_register,,UKA00266,London Hillingdon,,,,pm10,,,0,51.496330 -0.460861,UKA00266,Automatic Urban and Rural Monitoring Network (AURN)
DUP000317,json,uk_air_sos,7459,8766,London Hillingdon,161,4911,London Hillingdon-Particulate matter less than 10 micro m (aerosol),pm10,7.5,2026-02-19 18:00:00+00,0.000,51.496330 -0.460861,,
DUP000318,aurn,aurn_register,,UKA00272,Thurrock,,,,pm10,,,0,51.477070 0.317969,UKA00272,Automatic Urban and Rural Monitoring Network (AURN)
DUP000318,json,uk_air_sos,2337,785305,Thurrock,,,Thurrock-Volatile PM10,pm10,,,0.000,51.477070 0.317969,,
DUP000318,json,uk_air_sos,7472,8946,Thurrock,178,2350,Thurrock-Particulate matter less than 10 micro m (aerosol),pm10,7.8,2026-02-19 19:00:00+00,0.000,51.477070 0.317969,,
DUP000318,json,uk_air_sos,2334,1164,Thurrock,55,494,Thurrock-Particulate matter less than 10 micro m (aerosol),pm10,,,0.000,51.477070 0.317969,,
DUP000318,json,uk_air_sos,2332,785304,Thurrock-Non,,,Thurrock-Non-volatile PM10,pm10,,,0.000,51.477070 0.317969,,
DUP000319,aurn,aurn_register,,UKA00315,London Marylebone Road,,,,pm10,,,0,51.522530 -0.154611,UKA00315,Automatic Hydrocarbon Network; Automatic Urban and Rural Monitoring Network (AURN); Black Carbon; Heavy Metals; PAH Digitel (solid phase); Particle Concentrations and Numbers Network; UK Urban NO2 Network
DUP000319,json,uk_air_sos,1507,2009,London Marylebone Road,,,London Marylebone Road-Anthanthrene in PM10 in aerosol,pm10,,,0.000,51.522530 -0.154611,,
DUP000319,json,uk_air_sos,1509,1995,London Marylebone Road,,,London Marylebone Road-Benzoin aanthracene in PM10 in aerosol,pm10,,,0.000,51.522530 -0.154611,,
DUP000319,json,uk_air_sos,1510,2003,London Marylebone Road,,,London Marylebone Road-Benzoin apyrene in PM10 in aerosol,pm10,,,0.000,51.522530 -0.154611,,
DUP000319,json,uk_air_sos,1511,1999,London Marylebone Road,,,London Marylebone Road-Benzoin bfluoranthene in PM10 in aerosol,pm10,,,0.000,51.522530 -0.154611,,
DUP000319,json,uk_air_sos,1513,1994,London Marylebone Road,,,London Marylebone Road-Benzoin cphenanthrene in PM10 in aerosol,pm10,,,0.000,51.522530 -0.154611,,
DUP000319,json,uk_air_sos,1514,2002,London Marylebone Road,,,London Marylebone Road-Benzoin epyrene in PM10 in aerosol,pm10,,,0.000,51.522530 -0.154611,,
DUP000319,json,uk_air_sos,1515,2008,London Marylebone Road,,,London Marylebone Road-Benzoin ghiperylene in PM10 in aerosol,pm10,,,0.000,51.522530 -0.154611,,
DUP000319,json,uk_air_sos,1516,2001,London Marylebone Road,,,London Marylebone Road-Benzoin jfluoranthene in PM10 in aerosol,pm10,,,0.000,51.522530 -0.154611,,
DUP000319,json,uk_air_sos,1517,2000,London Marylebone Road,,,London Marylebone Road-Benzoin kfluoranthene in PM10 in aerosol,pm10,,,0.000,51.522530 -0.154611,,
DUP000319,json,uk_air_sos,1520,1997,London Marylebone Road,,,London Marylebone Road-Chrysene in PM10 in aerosol,pm10,,,0.000,51.522530 -0.154611,,
DUP000319,json,uk_air_sos,1522,2012,London Marylebone Road,,,London Marylebone Road-Coronene in PM10 in aerosol,pm10,,,0.000,51.522530 -0.154611,,
DUP000319,json,uk_air_sos,1524,2006,London Marylebone Road,,,London Marylebone Road-Dibenzoin acanthracene in PM10 in aerosol,pm10,,,0.000,51.522530 -0.154611,,
DUP000319,json,uk_air_sos,1525,2011,London Marylebone Road,,,London Marylebone Road-Dibenzoin aepyrene in PM10 in aerosol,pm10,,,0.000,51.522530 -0.154611,,
DUP000319,json,uk_air_sos,1526,2007,London Marylebone Road,,,London Marylebone Road-Dibenzoin ahanthracene in PM10 in aerosol,pm10,,,0.000,51.522530 -0.154611,,
DUP000319,json,uk_air_sos,1527,2014,London Marylebone Road,,,London Marylebone Road-Dibenzoin ahpyrene in PM10 in aerosol,pm10,,,0.000,51.522530 -0.154611,,
DUP000319,json,uk_air_sos,1528,2013,London Marylebone Road,,,London Marylebone Road-Dibenzoin aipyrene in PM10 in aerosol,pm10,,,0.000,51.522530 -0.154611,,
DUP000319,json,uk_air_sos,1529,2010,London Marylebone Road,,,London Marylebone Road-Dibenzoin alpyrene in PM10 in aerosol,pm10,,,0.000,51.522530 -0.154611,,
DUP000319,json,uk_air_sos,1536,2005,London Marylebone Road,,,London Marylebone Road-indeno_123cd_pyrene in PM10 in aerosol,pm10,,,0.000,51.522530 -0.154611,,
DUP000319,json,uk_air_sos,1557,2004,London Marylebone Road,,,London Marylebone Road-Perylene in PM10 in aerosol,pm10,,,0.000,51.522530 -0.154611,,
DUP000319,json,uk_air_sos,1564,785309,London Marylebone Road,,,London Marylebone Road-Volatile PM10,pm10,,,0.000,51.522530 -0.154611,,
DUP000319,json,uk_air_sos,7471,8908,London Marylebone Road,177,2212,London Marylebone Road-Particulate matter less than 10 micro m (aerosol),pm10,16.425,2026-02-19 19:00:00+00,0.000,51.522530 -0.154611,,
DUP000319,json,uk_air_sos,1554,1032,London Marylebone Road,3,355,London Marylebone Road-Particulate matter less than 10 micro m (aerosol),pm10,,,0.000,51.522530 -0.154611,,
DUP000319,json,uk_air_sos,1506,1998,London Marylebone Road-5,,,London Marylebone Road-5-Methyl Chrysene in PM10 in aerosol,pm10,,,0.000,51.522530 -0.154611,,
DUP000319,json,uk_air_sos,1512,1993,London Marylebone Road-Benzoin bnaphthoin 2,,,"London Marylebone Road-Benzoin bnaphthoin 2,1-dthiophene in PM10 in aerosol",pm10,,,0.000,51.522530 -0.154611,,
DUP000319,json,uk_air_sos,1523,1996,London Marylebone Road-Cyclopentain c,,,"London Marylebone Road-Cyclopentain c,dpyrene in PM10 in aerosol",pm10,,,0.000,51.522530 -0.154611,,
DUP000319,json,uk_air_sos,1548,785308,London Marylebone Road-Non,,,London Marylebone Road-Non-volatile PM10,pm10,,,0.000,51.522530 -0.154611,,
DUP000320,aurn,aurn_register,,UKA00323,Narberth,,,,pm10,,,0,51.782616 -4.692370,UKA00323,Automatic Urban and Rural Monitoring Network (AURN); UKEAP: Acid Gases & Aerosol Network; UKEAP: National Ammonia Monitoring Network
DUP000320,json,uk_air_sos,1733,2727,Narberth,61,400,Narberth-Particulate matter less than 10 micro m (aerosol),pm10,,,0.000,51.782616 -4.692370,,
DUP000321,aurn,aurn_register,,UKA00337,Stoke-on-Trent Centre,,,,pm10,,,0,53.028210 -2.175133,UKA00337,Automatic Urban and Rural Monitoring Network (AURN); Non-Automatic Hydrocarbon Network
DUP000321,json,uk_air_sos,7406,7412,Stoke-on-Trent Centre,93,3442,Stoke-on-Trent Centre-Particulate matter less than 10 micro m (aerosol),pm10,14.9,2026-02-19 18:00:00+00,0.000,53.028210 -2.175133,,
DUP000322,aurn,aurn_register,,UKA00339,Salford Eccles,,,,pm10,,,0,53.484810 -2.334139,UKA00339,Automatic Urban and Rural Monitoring Network (AURN); PAH Digitel (solid phase)
DUP000322,json,uk_air_sos,2005,2193,Salford Eccles,,,Salford Eccles-Anthanthrene in PM10 in aerosol,pm10,,,0.000,53.484810 -2.334139,,
DUP000322,json,uk_air_sos,2006,2179,Salford Eccles,,,Salford Eccles-Benzoin aanthracene in PM10 in aerosol,pm10,,,0.000,53.484810 -2.334139,,
DUP000322,json,uk_air_sos,2007,2187,Salford Eccles,,,Salford Eccles-Benzoin apyrene in PM10 in aerosol,pm10,,,0.000,53.484810 -2.334139,,
DUP000322,json,uk_air_sos,2008,2183,Salford Eccles,,,Salford Eccles-Benzoin bfluoranthene in PM10 in aerosol,pm10,,,0.000,53.484810 -2.334139,,
DUP000322,json,uk_air_sos,2010,2178,Salford Eccles,,,Salford Eccles-Benzoin cphenanthrene in PM10 in aerosol,pm10,,,0.000,53.484810 -2.334139,,
DUP000322,json,uk_air_sos,2011,2186,Salford Eccles,,,Salford Eccles-Benzoin epyrene in PM10 in aerosol,pm10,,,0.000,53.484810 -2.334139,,
DUP000322,json,uk_air_sos,2012,2192,Salford Eccles,,,Salford Eccles-Benzoin ghiperylene in PM10 in aerosol,pm10,,,0.000,53.484810 -2.334139,,
DUP000322,json,uk_air_sos,2013,2185,Salford Eccles,,,Salford Eccles-Benzoin jfluoranthene in PM10 in aerosol,pm10,,,0.000,53.484810 -2.334139,,
DUP000322,json,uk_air_sos,2014,2184,Salford Eccles,,,Salford Eccles-Benzoin kfluoranthene in PM10 in aerosol,pm10,,,0.000,53.484810 -2.334139,,
DUP000322,json,uk_air_sos,2016,2181,Salford Eccles,,,Salford Eccles-Chrysene in PM10 in aerosol,pm10,,,0.000,53.484810 -2.334139,,
DUP000322,json,uk_air_sos,2017,2196,Salford Eccles,,,Salford Eccles-Coronene in PM10 in aerosol,pm10,,,0.000,53.484810 -2.334139,,
DUP000322,json,uk_air_sos,2019,2190,Salford Eccles,,,Salford Eccles-Dibenzoin acanthracene in PM10 in aerosol,pm10,,,0.000,53.484810 -2.334139,,
DUP000322,json,uk_air_sos,2020,2195,Salford Eccles,,,Salford Eccles-Dibenzoin aepyrene in PM10 in aerosol,pm10,,,0.000,53.484810 -2.334139,,
DUP000322,json,uk_air_sos,2021,2191,Salford Eccles,,,Salford Eccles-Dibenzoin ahanthracene in PM10 in aerosol,pm10,,,0.000,53.484810 -2.334139,,
DUP000322,json,uk_air_sos,2022,2198,Salford Eccles,,,Salford Eccles-Dibenzoin ahpyrene in PM10 in aerosol,pm10,,,0.000,53.484810 -2.334139,,
DUP000322,json,uk_air_sos,2023,2197,Salford Eccles,,,Salford Eccles-Dibenzoin aipyrene in PM10 in aerosol,pm10,,,0.000,53.484810 -2.334139,,
DUP000322,json,uk_air_sos,2024,2194,Salford Eccles,,,Salford Eccles-Dibenzoin alpyrene in PM10 in aerosol,pm10,,,0.000,53.484810 -2.334139,,
DUP000322,json,uk_air_sos,2025,2189,Salford Eccles,,,Salford Eccles-indeno_123cd_pyrene in PM10 in aerosol,pm10,,,0.000,53.484810 -2.334139,,
DUP000322,json,uk_air_sos,2034,2188,Salford Eccles,,,Salford Eccles-Perylene in PM10 in aerosol,pm10,,,0.000,53.484810 -2.334139,,
DUP000322,json,uk_air_sos,2036,785259,Salford Eccles,,,Salford Eccles-Volatile PM10,pm10,,,0.000,53.484810 -2.334139,,
DUP000322,json,uk_air_sos,2032,876,Salford Eccles,163,187,Salford Eccles-Particulate matter less than 10 micro m (aerosol),pm10,,,0.000,53.484810 -2.334139,,
DUP000322,json,uk_air_sos,7390,7107,Salford Eccles,75,2047,Salford Eccles-Particulate matter less than 10 micro m (aerosol),pm10,28.6,2026-02-19 19:00:00+00,0.000,53.484810 -2.334139,,
DUP000322,json,uk_air_sos,2004,2182,Salford Eccles-5,,,Salford Eccles-5-Methyl Chrysene in PM10 in aerosol,pm10,,,0.000,53.484810 -2.334139,,
DUP000322,json,uk_air_sos,2009,2177,Salford Eccles-Benzoin bnaphthoin 2,,,"Salford Eccles-Benzoin bnaphthoin 2,1-dthiophene in PM10 in aerosol",pm10,,,0.000,53.484810 -2.334139,,
DUP000322,json,uk_air_sos,2018,2180,Salford Eccles-Cyclopentain c,,,"Salford Eccles-Cyclopentain c,dpyrene in PM10 in aerosol",pm10,,,0.000,53.484810 -2.334139,,
DUP000322,json,uk_air_sos,2029,785258,Salford Eccles-Non,,,Salford Eccles-Non-volatile PM10,pm10,,,0.000,53.484810 -2.334139,,
DUP000323,aurn,aurn_register,,UKA00353,Barnsley Gawber,,,,pm10,,,0,53.562920 -1.510436,UKA00353,Automatic Urban and Rural Monitoring Network (AURN); Black Carbon; Non-Automatic Hydrocarbon Network
DUP000323,json,uk_air_sos,7473,9899,Barnsley Gawber,186,5073,Barnsley Gawber-Particulate matter less than 10 micro m (aerosol),pm10,22.4,2026-02-19 19:00:00+00,0.000,53.562920 -1.510436,,
DUP000324,aurn,aurn_register,,UKA00360,Plymouth Centre,,,,pm10,,,0,50.371670 -4.142361,UKA00360,Automatic Urban and Rural Monitoring Network (AURN); PAH Digitel (solid phase)
DUP000324,json,uk_air_sos,7450,8133,Plymouth Centre,146,2262,Plymouth Centre-Particulate matter less than 10 micro m (aerosol),pm10,12.4,2026-02-19 18:00:00+00,0.000,50.371670 -4.142361,,
DUP000324,json,uk_air_sos,1889,1084,Plymouth Centre,36,405,Plymouth Centre-Particulate matter less than 10 micro m (aerosol),pm10,,,0.000,50.371670 -4.142361,,
DUP000325,aurn,aurn_register,,UKA00362,Wicken Fen,,,,pm10,,,0,52.298500 0.290917,UKA00362,Automatic Urban and Rural Monitoring Network (AURN); Black Carbon
DUP000325,json,uk_air_sos,7467,8784,Wicken Fen,171,4956,Wicken Fen-Particulate matter less than 10 micro m (aerosol),pm10,9.2,2026-02-19 18:00:00+00,0.000,52.298500 0.290917,,
DUP000326,aurn,aurn_register,,UKA00380,Newport,,,,pm10,,,0,51.601203 -2.977281,UKA00380,Automatic Urban and Rural Monitoring Network (AURN); Non-Automatic Hydrocarbon Network; PAH Digitel (solid phase)
DUP000326,json,uk_air_sos,1773,2124,Newport,,,Newport-Anthanthrene in PM10 in aerosol,pm10,,,0.000,51.601203 -2.977281,,
DUP000326,json,uk_air_sos,1775,2110,Newport,,,Newport-Benzoin aanthracene in PM10 in aerosol,pm10,,,0.000,51.601203 -2.977281,,
DUP000326,json,uk_air_sos,1776,2118,Newport,,,Newport-Benzoin apyrene in PM10 in aerosol,pm10,,,0.000,51.601203 -2.977281,,
DUP000326,json,uk_air_sos,1777,2114,Newport,,,Newport-Benzoin bfluoranthene in PM10 in aerosol,pm10,,,0.000,51.601203 -2.977281,,
DUP000326,json,uk_air_sos,1779,2109,Newport,,,Newport-Benzoin cphenanthrene in PM10 in aerosol,pm10,,,0.000,51.601203 -2.977281,,
DUP000326,json,uk_air_sos,1780,2117,Newport,,,Newport-Benzoin epyrene in PM10 in aerosol,pm10,,,0.000,51.601203 -2.977281,,
DUP000326,json,uk_air_sos,1781,2123,Newport,,,Newport-Benzoin ghiperylene in PM10 in aerosol,pm10,,,0.000,51.601203 -2.977281,,
DUP000326,json,uk_air_sos,1782,2116,Newport,,,Newport-Benzoin jfluoranthene in PM10 in aerosol,pm10,,,0.000,51.601203 -2.977281,,
DUP000326,json,uk_air_sos,1783,2115,Newport,,,Newport-Benzoin kfluoranthene in PM10 in aerosol,pm10,,,0.000,51.601203 -2.977281,,
DUP000326,json,uk_air_sos,1784,2112,Newport,,,Newport-Chrysene in PM10 in aerosol,pm10,,,0.000,51.601203 -2.977281,,
DUP000326,json,uk_air_sos,1785,2127,Newport,,,Newport-Coronene in PM10 in aerosol,pm10,,,0.000,51.601203 -2.977281,,
DUP000326,json,uk_air_sos,1787,2121,Newport,,,Newport-Dibenzoin acanthracene in PM10 in aerosol,pm10,,,0.000,51.601203 -2.977281,,
DUP000326,json,uk_air_sos,1788,2126,Newport,,,Newport-Dibenzoin aepyrene in PM10 in aerosol,pm10,,,0.000,51.601203 -2.977281,,
DUP000326,json,uk_air_sos,1789,2122,Newport,,,Newport-Dibenzoin ahanthracene in PM10 in aerosol,pm10,,,0.000,51.601203 -2.977281,,
DUP000326,json,uk_air_sos,1790,2129,Newport,,,Newport-Dibenzoin ahpyrene in PM10 in aerosol,pm10,,,0.000,51.601203 -2.977281,,
DUP000326,json,uk_air_sos,1791,2128,Newport,,,Newport-Dibenzoin aipyrene in PM10 in aerosol,pm10,,,0.000,51.601203 -2.977281,,
DUP000326,json,uk_air_sos,1792,2125,Newport,,,Newport-Dibenzoin alpyrene in PM10 in aerosol,pm10,,,0.000,51.601203 -2.977281,,
DUP000326,json,uk_air_sos,1793,2120,Newport,,,Newport-indeno_123cd_pyrene in PM10 in aerosol,pm10,,,0.000,51.601203 -2.977281,,
DUP000326,json,uk_air_sos,1801,2119,Newport,,,Newport-Perylene in PM10 in aerosol,pm10,,,0.000,51.601203 -2.977281,,
DUP000326,json,uk_air_sos,1802,785221,Newport,,,Newport-Volatile PM10,pm10,,,0.000,51.601203 -2.977281,,
DUP000326,json,uk_air_sos,1799,1060,Newport,12,381,Newport-Particulate matter less than 10 micro m (aerosol),pm10,,,0.000,51.601203 -2.977281,,
DUP000326,json,uk_air_sos,7392,7111,Newport,77,2238,Newport-Particulate matter less than 10 micro m (aerosol),pm10,7.9,2026-02-19 19:00:00+00,0.000,51.601203 -2.977281,,
DUP000326,json,uk_air_sos,1772,2113,Newport-5,,,Newport-5-Methyl Chrysene in PM10 in aerosol,pm10,,,0.000,51.601203 -2.977281,,
DUP000326,json,uk_air_sos,1778,2108,Newport-Benzoin bnaphthoin 2,,,"Newport-Benzoin bnaphthoin 2,1-dthiophene in PM10 in aerosol",pm10,,,0.000,51.601203 -2.977281,,
DUP000326,json,uk_air_sos,1786,2111,Newport-Cyclopentain c,,,"Newport-Cyclopentain c,dpyrene in PM10 in aerosol",pm10,,,0.000,51.601203 -2.977281,,
DUP000326,json,uk_air_sos,1797,785220,Newport-Non,,,Newport-Non-volatile PM10,pm10,,,0.000,51.601203 -2.977281,,
DUP000327,aurn,aurn_register,,UKA00381,Scunthorpe Town,,,,pm10,,,0,53.586340 -0.636811,UKA00381,Automatic Urban and Rural Monitoring Network (AURN); Heavy Metals; Non-Automatic Hydrocarbon Network; PAH Digitel (solid phase)
DUP000327,json,uk_air_sos,2071,2239,Scunthorpe Town,,,Scunthorpe Town-Anthanthrene in PM10 in aerosol,pm10,,,0.000,53.586340 -0.636811,,
DUP000327,json,uk_air_sos,2073,2225,Scunthorpe Town,,,Scunthorpe Town-Benzoin aanthracene in PM10 in aerosol,pm10,,,0.000,53.586340 -0.636811,,
DUP000327,json,uk_air_sos,2074,2233,Scunthorpe Town,,,Scunthorpe Town-Benzoin apyrene in PM10 in aerosol,pm10,,,0.000,53.586340 -0.636811,,
DUP000327,json,uk_air_sos,2075,2229,Scunthorpe Town,,,Scunthorpe Town-Benzoin bfluoranthene in PM10 in aerosol,pm10,,,0.000,53.586340 -0.636811,,
DUP000327,json,uk_air_sos,2077,2224,Scunthorpe Town,,,Scunthorpe Town-Benzoin cphenanthrene in PM10 in aerosol,pm10,,,0.000,53.586340 -0.636811,,
DUP000327,json,uk_air_sos,2078,2232,Scunthorpe Town,,,Scunthorpe Town-Benzoin epyrene in PM10 in aerosol,pm10,,,0.000,53.586340 -0.636811,,
DUP000327,json,uk_air_sos,2079,2238,Scunthorpe Town,,,Scunthorpe Town-Benzoin ghiperylene in PM10 in aerosol,pm10,,,0.000,53.586340 -0.636811,,
DUP000327,json,uk_air_sos,2080,2231,Scunthorpe Town,,,Scunthorpe Town-Benzoin jfluoranthene in PM10 in aerosol,pm10,,,0.000,53.586340 -0.636811,,
DUP000327,json,uk_air_sos,2081,2230,Scunthorpe Town,,,Scunthorpe Town-Benzoin kfluoranthene in PM10 in aerosol,pm10,,,0.000,53.586340 -0.636811,,
DUP000327,json,uk_air_sos,2082,2227,Scunthorpe Town,,,Scunthorpe Town-Chrysene in PM10 in aerosol,pm10,,,0.000,53.586340 -0.636811,,
DUP000327,json,uk_air_sos,2083,2242,Scunthorpe Town,,,Scunthorpe Town-Coronene in PM10 in aerosol,pm10,,,0.000,53.586340 -0.636811,,
DUP000327,json,uk_air_sos,2085,2236,Scunthorpe Town,,,Scunthorpe Town-Dibenzoin acanthracene in PM10 in aerosol,pm10,,,0.000,53.586340 -0.636811,,
DUP000327,json,uk_air_sos,2086,2241,Scunthorpe Town,,,Scunthorpe Town-Dibenzoin aepyrene in PM10 in aerosol,pm10,,,0.000,53.586340 -0.636811,,
DUP000327,json,uk_air_sos,2087,2237,Scunthorpe Town,,,Scunthorpe Town-Dibenzoin ahanthracene in PM10 in aerosol,pm10,,,0.000,53.586340 -0.636811,,
DUP000327,json,uk_air_sos,2088,2244,Scunthorpe Town,,,Scunthorpe Town-Dibenzoin ahpyrene in PM10 in aerosol,pm10,,,0.000,53.586340 -0.636811,,
DUP000327,json,uk_air_sos,2089,2243,Scunthorpe Town,,,Scunthorpe Town-Dibenzoin aipyrene in PM10 in aerosol,pm10,,,0.000,53.586340 -0.636811,,
DUP000327,json,uk_air_sos,2090,2240,Scunthorpe Town,,,Scunthorpe Town-Dibenzoin alpyrene in PM10 in aerosol,pm10,,,0.000,53.586340 -0.636811,,
DUP000327,json,uk_air_sos,2091,2235,Scunthorpe Town,,,Scunthorpe Town-indeno_123cd_pyrene in PM10 in aerosol,pm10,,,0.000,53.586340 -0.636811,,
DUP000327,json,uk_air_sos,2098,2234,Scunthorpe Town,,,Scunthorpe Town-Perylene in PM10 in aerosol,pm10,,,0.000,53.586340 -0.636811,,
DUP000327,json,uk_air_sos,2100,785355,Scunthorpe Town,,,Scunthorpe Town-Volatile PM10,pm10,,,0.000,53.586340 -0.636811,,
DUP000327,json,uk_air_sos,2096,1109,Scunthorpe Town,50,439,Scunthorpe Town-Particulate matter less than 10 micro m (aerosol),pm10,,,0.000,53.586340 -0.636811,,
DUP000327,json,uk_air_sos,7398,7144,Scunthorpe Town,83,2296,Scunthorpe Town-Particulate matter less than 10 micro m (aerosol),pm10,-99,2026-02-19 19:00:00+00,0.000,53.586340 -0.636811,,
DUP000327,json,uk_air_sos,2070,2228,Scunthorpe Town-5,,,Scunthorpe Town-5-Methyl Chrysene in PM10 in aerosol,pm10,,,0.000,53.586340 -0.636811,,
DUP000327,json,uk_air_sos,2076,2223,Scunthorpe Town-Benzoin bnaphthoin 2,,,"Scunthorpe Town-Benzoin bnaphthoin 2,1-dthiophene in PM10 in aerosol",pm10,,,0.000,53.586340 -0.636811,,
DUP000327,json,uk_air_sos,2084,2226,Scunthorpe Town-Cyclopentain c,,,"Scunthorpe Town-Cyclopentain c,dpyrene in PM10 in aerosol",pm10,,,0.000,53.586340 -0.636811,,
DUP000327,json,uk_air_sos,2095,785354,Scunthorpe Town-Non,,,Scunthorpe Town-Non-volatile PM10,pm10,,,0.000,53.586340 -0.636811,,
DUP000328,aurn,aurn_register,,UKA00406,Wirral Tranmere,,,,pm10,,,0,53.372870 -3.022722,UKA00406,Automatic Urban and Rural Monitoring Network (AURN)
DUP000328,json,uk_air_sos,7434,7576,Wirral Tranmere,125,4788,Wirral Tranmere-Particulate matter less than 10 micro m (aerosol),pm10,18.9,2026-02-19 19:00:00+00,0.000,53.372870 -3.022722,,
DUP000329,aurn,aurn_register,,UKA00408,Preston,,,,pm10,,,0,53.765590 -2.680353,UKA00408,Automatic Urban and Rural Monitoring Network (AURN); PAH Digitel (solid phase)
DUP000329,json,uk_air_sos,7428,7553,Preston,119,4786,Preston-Particulate matter less than 10 micro m (aerosol),pm10,25.8,2026-02-19 19:00:00+00,0.000,53.765590 -2.680353,,
DUP000330,aurn,aurn_register,,UKA00409,Southend-on-Sea,,,,pm10,,,0,51.544166 0.678331,UKA00409,Automatic Urban and Rural Monitoring Network (AURN)
DUP000330,json,uk_air_sos,7430,7563,Southend-on-Sea,121,4789,Southend-on-Sea-Particulate matter less than 10 micro m (aerosol),pm10,11.1,2026-02-19 19:00:00+00,0.000,51.544166 0.678331,,
DUP000331,aurn,aurn_register,,UKA00420,Grangemouth,,,,pm10,,,0,56.010319 -3.704399,UKA00420,Automatic Urban and Rural Monitoring Network (AURN); Non-Automatic Hydrocarbon Network
DUP000331,json,uk_air_sos,918,785333,Grangemouth,,,Grangemouth-Volatile PM10,pm10,,,0.000,56.010319 -3.704399,,
DUP000331,json,uk_air_sos,915,907,Grangemouth,179,222,Grangemouth-Particulate matter less than 10 micro m (aerosol),pm10,,,0.000,56.010319 -3.704399,,
DUP000331,json,uk_air_sos,7399,7145,Grangemouth,84,2082,Grangemouth-Particulate matter less than 10 micro m (aerosol),pm10,18.358,2026-02-19 19:00:00+00,0.000,56.010319 -3.704399,,
DUP000331,json,uk_air_sos,913,785332,Grangemouth-Non,,,Grangemouth-Non-volatile PM10,pm10,,,0.000,56.010319 -3.704399,,
DUP000332,aurn,aurn_register,,UKA00421,Portsmouth,,,,pm10,,,0,50.828810 -1.068583,UKA00421,Automatic Urban and Rural Monitoring Network (AURN); PAH Digitel (solid phase)
DUP000332,json,uk_air_sos,7427,7551,Portsmouth,118,2267,Portsmouth-Particulate matter less than 10 micro m (aerosol),pm10,10.1,2026-02-19 19:00:00+00,0.000,50.828810 -1.068583,,
DUP000332,json,uk_air_sos,1903,1088,Portsmouth,37,410,Portsmouth-Particulate matter less than 10 micro m (aerosol),pm10,,,0.000,50.828810 -1.068583,,
DUP000333,aurn,aurn_register,,UKA00433,Weybourne,,,,pm10,,,0,52.950490 1.122017,UKA00433,Automatic Urban and Rural Monitoring Network (AURN); Ozone / UV; TOMPs
DUP000333,json,uk_air_sos,7348,10534,Weybourne,7,5022,Weybourne-Particulate matter less than 10 micro m (aerosol),pm10,57.5,2026-02-19 18:00:00+00,0.000,52.950490 1.122017,,
DUP000334,aurn,aurn_register,,UKA00434,Inverness,,,,pm10,,,0,57.481308 -4.241451,UKA00434,Automatic Urban and Rural Monitoring Network (AURN)
DUP000334,json,uk_air_sos,1186,950,Inverness,,,Inverness-PM10 in aerosol,pm10,,,0.000,57.481308 -4.241451,,
DUP000334,json,uk_air_sos,7389,7091,Inverness,73,4714,Inverness-Particulate matter less than 10 micro m (aerosol),pm10,33.4,2026-02-19 19:00:00+00,0.000,57.481308 -4.241451,,
DUP000335,aurn,aurn_register,,UKA00440,Wrexham,,,,pm10,,,0,53.042282 -3.002829,UKA00440,Automatic Urban and Rural Monitoring Network (AURN)
DUP000335,json,uk_air_sos,2409,1181,Wrexham,,,Wrexham-PM10 in aerosol,pm10,,,7.691,53.042220 -3.002778,,
DUP000335,json,uk_air_sos,2406,786084,Wrexham,74,4715,Wrexham-Particulate matter less than 10 micro m (aerosol),pm10,10.6,2026-02-19 18:00:00+00,0.000,53.042282 -3.002829,,
DUP000336,aurn,aurn_register,,UKA00445,St Osyth,,,,pm10,,,0,51.777874 1.049010,UKA00445,Automatic Urban and Rural Monitoring Network (AURN); Black Carbon
DUP000336,json,uk_air_sos,7466,8782,St Osyth,170,4909,St Osyth-Particulate matter less than 10 micro m (aerosol),pm10,12.1,2026-02-19 18:00:00+00,0.000,51.777874 1.049010,,
DUP000337,aurn,aurn_register,,UKA00450,Hull Freetown,,,,pm10,,,0,53.748780 -0.341222,UKA00450,Automatic Urban and Rural Monitoring Network (AURN)
DUP000337,json,uk_air_sos,7422,7535,Hull Freetown,112,594,Hull Freetown-Particulate matter less than 10 micro m (aerosol),pm10,25.1,2026-02-19 19:00:00+00,0.000,53.748780 -0.341222,,
DUP000338,aurn,aurn_register,,UKA00451,Auchencorth Moss,,,,pm10,,,0,55.792160 -3.242900,UKA00451,Automatic Hydrocarbon Network; Automatic Urban and Rural Monitoring Network (AURN); Black Carbon; Heavy Metals; PAH Deposition; PAH Digitel (solid phase); Particle Size Composition; Rural Automatic Mercury network; TOMPs; UKEAP: Acid Gases & Aerosol Network; UKEAP: MARGA Network; UKEAP: National Ammonia Monitoring Network; UKEAP: Precip-Net; UKEAP: Precip-Net; UKEAP: Rural NO2
DUP000338,json,uk_air_sos,101,1584,Auchencorth Moss,,,Auchencorth Moss-Chrysene in PM10 in aerosol,pm10,,,0.000,55.792160 -3.242900,,
DUP000338,json,uk_air_sos,105,1599,Auchencorth Moss,,,Auchencorth Moss-Coronene in PM10 in aerosol,pm10,,,0.000,55.792160 -3.242900,,
DUP000338,json,uk_air_sos,111,1593,Auchencorth Moss,,,Auchencorth Moss-Dibenzoin acanthracene in PM10 in aerosol,pm10,,,0.000,55.792160 -3.242900,,
DUP000338,json,uk_air_sos,112,2345,Auchencorth Moss,,,Auchencorth Moss-Dibenzoin acanthracene in PM10 in air+aerosol,pm10,,,0.000,55.792160 -3.242900,,
DUP000338,json,uk_air_sos,114,1598,Auchencorth Moss,,,Auchencorth Moss-Dibenzoin aepyrene in PM10 in aerosol,pm10,,,0.000,55.792160 -3.242900,,
DUP000338,json,uk_air_sos,116,1594,Auchencorth Moss,,,Auchencorth Moss-Dibenzoin ahanthracene in PM10 in aerosol,pm10,,,0.000,55.792160 -3.242900,,
DUP000338,json,uk_air_sos,117,2346,Auchencorth Moss,,,Auchencorth Moss-Dibenzoin ahanthracene in PM10 in air+aerosol,pm10,,,0.000,55.792160 -3.242900,,
DUP000338,json,uk_air_sos,119,1601,Auchencorth Moss,,,Auchencorth Moss-Dibenzoin ahpyrene in PM10 in aerosol,pm10,,,0.000,55.792160 -3.242900,,
DUP000338,json,uk_air_sos,122,1600,Auchencorth Moss,,,Auchencorth Moss-Dibenzoin aipyrene in PM10 in aerosol,pm10,,,0.000,55.792160 -3.242900,,
DUP000338,json,uk_air_sos,124,1597,Auchencorth Moss,,,Auchencorth Moss-Dibenzoin alpyrene in PM10 in aerosol,pm10,,,0.000,55.792160 -3.242900,,
DUP000338,json,uk_air_sos,125,2349,Auchencorth Moss,,,Auchencorth Moss-Dibenzoin alpyrene in PM10 in air+aerosol,pm10,,,0.000,55.792160 -3.242900,,
DUP000338,json,uk_air_sos,139,1592,Auchencorth Moss,,,Auchencorth Moss-indeno_123cd_pyrene in PM10 in aerosol,pm10,,,0.000,55.792160 -3.242900,,
DUP000338,json,uk_air_sos,140,2344,Auchencorth Moss,,,Auchencorth Moss-indeno_123cd_pyrene in PM10 in air+aerosol,pm10,,,0.000,55.792160 -3.242900,,
DUP000338,json,uk_air_sos,145,3018,Auchencorth Moss,,,Auchencorth Moss-Lead in PM10 in aerosol,pm10,,,0.000,55.792160 -3.242900,,
DUP000338,json,uk_air_sos,160,3017,Auchencorth Moss,,,Auchencorth Moss-Nickel in PM10 in aerosol,pm10,,,0.000,55.792160 -3.242900,,
DUP000338,json,uk_air_sos,174,1591,Auchencorth Moss,,,Auchencorth Moss-Perylene in PM10 in aerosol,pm10,,,0.000,55.792160 -3.242900,,
DUP000338,json,uk_air_sos,178,2675,Auchencorth Moss,,,Auchencorth Moss-PM10 in aerosol,pm10,,,0.000,55.792160 -3.242900,,
DUP000338,json,uk_air_sos,192,785187,Auchencorth Moss,,,Auchencorth Moss-Volatile PM10,pm10,,,0.000,55.792160 -3.242900,,
DUP000338,json,uk_air_sos,58,1596,Auchencorth Moss,,,Auchencorth Moss-Anthanthrene in PM10 in aerosol,pm10,,,0.000,55.792160 -3.242900,,
DUP000338,json,uk_air_sos,62,3015,Auchencorth Moss,,,Auchencorth Moss-Arsenic in PM10 in aerosol,pm10,,,0.000,55.792160 -3.242900,,
DUP000338,json,uk_air_sos,65,1582,Auchencorth Moss,,,Auchencorth Moss-Benzoin aanthracene in PM10 in aerosol,pm10,,,0.000,55.792160 -3.242900,,
DUP000338,json,uk_air_sos,66,2334,Auchencorth Moss,,,Auchencorth Moss-Benzoin aanthracene in PM10 in air+aerosol,pm10,,,0.000,55.792160 -3.242900,,
DUP000338,json,uk_air_sos,68,1590,Auchencorth Moss,,,Auchencorth Moss-Benzoin apyrene in PM10 in aerosol,pm10,,,0.000,55.792160 -3.242900,,
DUP000338,json,uk_air_sos,69,2342,Auchencorth Moss,,,Auchencorth Moss-Benzoin apyrene in PM10 in air+aerosol,pm10,,,0.000,55.792160 -3.242900,,
DUP000338,json,uk_air_sos,72,1586,Auchencorth Moss,,,Auchencorth Moss-Benzoin bfluoranthene in PM10 in aerosol,pm10,,,0.000,55.792160 -3.242900,,
DUP000338,json,uk_air_sos,73,2338,Auchencorth Moss,,,Auchencorth Moss-Benzoin bfluoranthene in PM10 in air+aerosol,pm10,,,0.000,55.792160 -3.242900,,
DUP000338,json,uk_air_sos,77,1581,Auchencorth Moss,,,Auchencorth Moss-Benzoin cphenanthrene in PM10 in aerosol,pm10,,,0.000,55.792160 -3.242900,,
DUP000338,json,uk_air_sos,78,2333,Auchencorth Moss,,,Auchencorth Moss-Benzoin cphenanthrene in PM10 in air+aerosol,pm10,,,0.000,55.792160 -3.242900,,
DUP000338,json,uk_air_sos,81,1589,Auchencorth Moss,,,Auchencorth Moss-Benzoin epyrene in PM10 in aerosol,pm10,,,0.000,55.792160 -3.242900,,
DUP000338,json,uk_air_sos,84,1595,Auchencorth Moss,,,Auchencorth Moss-Benzoin ghiperylene in PM10 in aerosol,pm10,,,0.000,55.792160 -3.242900,,
DUP000338,json,uk_air_sos,86,1588,Auchencorth Moss,,,Auchencorth Moss-Benzoin jfluoranthene in PM10 in aerosol,pm10,,,0.000,55.792160 -3.242900,,
DUP000338,json,uk_air_sos,87,2340,Auchencorth Moss,,,Auchencorth Moss-Benzoin jfluoranthene in PM10 in air+aerosol,pm10,,,0.000,55.792160 -3.242900,,
DUP000338,json,uk_air_sos,88,1587,Auchencorth Moss,,,Auchencorth Moss-Benzoin kfluoranthene in PM10 in aerosol,pm10,,,0.000,55.792160 -3.242900,,
DUP000338,json,uk_air_sos,89,2339,Auchencorth Moss,,,Auchencorth Moss-Benzoin kfluoranthene in PM10 in air+aerosol,pm10,,,0.000,55.792160 -3.242900,,
DUP000338,json,uk_air_sos,94,3016,Auchencorth Moss,,,Auchencorth Moss-Cadmium in PM10 in aerosol,pm10,,,0.000,55.792160 -3.242900,,
DUP000338,json,uk_air_sos,98,1602,Auchencorth Moss,,,Auchencorth Moss-Cholanthrene in PM10 in aerosol,pm10,,,0.000,55.792160 -3.242900,,
DUP000338,json,uk_air_sos,170,2678,Auchencorth Moss,60,23,Auchencorth Moss-Particulate matter less than 10 micro m (aerosol),pm10,,,0.000,55.792160 -3.242900,,
DUP000338,json,uk_air_sos,7403,7167,Auchencorth Moss,89,1906,Auchencorth Moss-Particulate matter less than 10 micro m (aerosol),pm10,15.7,2026-02-19 19:00:00+00,0.000,55.792160 -3.242900,,
DUP000338,json,uk_air_sos,37,2325,Auchencorth Moss-1,,,Auchencorth Moss-1-Methyl anthracene in PM10 in air+aerosol,pm10,,,0.000,55.792160 -3.242900,,
DUP000338,json,uk_air_sos,45,2327,Auchencorth Moss-4.5,,,Auchencorth Moss-4.5-Methylene phenanthrene in PM10 in air+aerosol,pm10,,,0.000,55.792160 -3.242900,,
DUP000338,json,uk_air_sos,47,1585,Auchencorth Moss-5,,,Auchencorth Moss-5-Methyl Chrysene in PM10 in aerosol,pm10,,,0.000,55.792160 -3.242900,,
DUP000338,json,uk_air_sos,48,2337,Auchencorth Moss-5,,,Auchencorth Moss-5-Methyl Chrysene in PM10 in air+aerosol,pm10,,,0.000,55.792160 -3.242900,,
DUP000338,json,uk_air_sos,50,2328,Auchencorth Moss-9,,,Auchencorth Moss-9-Methyl anthracene in PM10 in air+aerosol,pm10,,,0.000,55.792160 -3.242900,,
DUP000338,json,uk_air_sos,74,1580,Auchencorth Moss-Benzoin bnaphthoin 2,,,"Auchencorth Moss-Benzoin bnaphthoin 2,1-dthiophene in PM10 in aerosol",pm10,,,0.000,55.792160 -3.242900,,
DUP000338,json,uk_air_sos,75,2332,Auchencorth Moss-Benzoin bnaphthoin 2,,,"Auchencorth Moss-Benzoin bnaphthoin 2,1-dthiophene in PM10 in air+aerosol",pm10,,,0.000,55.792160 -3.242900,,
DUP000338,json,uk_air_sos,108,1583,Auchencorth Moss-Cyclopentain c,,,"Auchencorth Moss-Cyclopentain c,dpyrene in PM10 in aerosol",pm10,,,0.000,55.792160 -3.242900,,
DUP000338,json,uk_air_sos,164,785186,Auchencorth Moss-Non,,,Auchencorth Moss-Non-volatile PM10,pm10,,,0.000,55.792160 -3.242900,,
DUP000339,aurn,aurn_register,,UKA00454,Edinburgh St Leonards,,,,pm10,,,0,55.945589 -3.182186,UKA00454,Automatic Urban and Rural Monitoring Network (AURN); PAH Digitel (solid phase)
DUP000339,json,uk_air_sos,790,1757,Edinburgh St Leonards,,,Edinburgh St Leonards-Anthanthrene in PM10 in aerosol,pm10,,,0.000,55.945589 -3.182186,,
DUP000339,json,uk_air_sos,791,1743,Edinburgh St Leonards,,,Edinburgh St Leonards-Benzoin aanthracene in PM10 in aerosol,pm10,,,0.000,55.945589 -3.182186,,
DUP000339,json,uk_air_sos,792,1751,Edinburgh St Leonards,,,Edinburgh St Leonards-Benzoin apyrene in PM10 in aerosol,pm10,,,0.000,55.945589 -3.182186,,
DUP000339,json,uk_air_sos,793,1747,Edinburgh St Leonards,,,Edinburgh St Leonards-Benzoin bfluoranthene in PM10 in aerosol,pm10,,,0.000,55.945589 -3.182186,,
DUP000339,json,uk_air_sos,795,1742,Edinburgh St Leonards,,,Edinburgh St Leonards-Benzoin cphenanthrene in PM10 in aerosol,pm10,,,0.000,55.945589 -3.182186,,
DUP000339,json,uk_air_sos,796,1750,Edinburgh St Leonards,,,Edinburgh St Leonards-Benzoin epyrene in PM10 in aerosol,pm10,,,0.000,55.945589 -3.182186,,
DUP000339,json,uk_air_sos,797,1756,Edinburgh St Leonards,,,Edinburgh St Leonards-Benzoin ghiperylene in PM10 in aerosol,pm10,,,0.000,55.945589 -3.182186,,
DUP000339,json,uk_air_sos,798,1749,Edinburgh St Leonards,,,Edinburgh St Leonards-Benzoin jfluoranthene in PM10 in aerosol,pm10,,,0.000,55.945589 -3.182186,,
DUP000339,json,uk_air_sos,799,1748,Edinburgh St Leonards,,,Edinburgh St Leonards-Benzoin kfluoranthene in PM10 in aerosol,pm10,,,0.000,55.945589 -3.182186,,
DUP000339,json,uk_air_sos,801,1745,Edinburgh St Leonards,,,Edinburgh St Leonards-Chrysene in PM10 in aerosol,pm10,,,0.000,55.945589 -3.182186,,
DUP000339,json,uk_air_sos,802,1760,Edinburgh St Leonards,,,Edinburgh St Leonards-Coronene in PM10 in aerosol,pm10,,,0.000,55.945589 -3.182186,,
DUP000339,json,uk_air_sos,804,1754,Edinburgh St Leonards,,,Edinburgh St Leonards-Dibenzoin acanthracene in PM10 in aerosol,pm10,,,0.000,55.945589 -3.182186,,
DUP000339,json,uk_air_sos,805,1759,Edinburgh St Leonards,,,Edinburgh St Leonards-Dibenzoin aepyrene in PM10 in aerosol,pm10,,,0.000,55.945589 -3.182186,,
DUP000339,json,uk_air_sos,806,1755,Edinburgh St Leonards,,,Edinburgh St Leonards-Dibenzoin ahanthracene in PM10 in aerosol,pm10,,,0.000,55.945589 -3.182186,,
DUP000339,json,uk_air_sos,807,1762,Edinburgh St Leonards,,,Edinburgh St Leonards-Dibenzoin ahpyrene in PM10 in aerosol,pm10,,,0.000,55.945589 -3.182186,,
DUP000339,json,uk_air_sos,808,1761,Edinburgh St Leonards,,,Edinburgh St Leonards-Dibenzoin aipyrene in PM10 in aerosol,pm10,,,0.000,55.945589 -3.182186,,
DUP000339,json,uk_air_sos,809,1758,Edinburgh St Leonards,,,Edinburgh St Leonards-Dibenzoin alpyrene in PM10 in aerosol,pm10,,,0.000,55.945589 -3.182186,,
DUP000339,json,uk_air_sos,810,1753,Edinburgh St Leonards,,,Edinburgh St Leonards-indeno_123cd_pyrene in PM10 in aerosol,pm10,,,0.000,55.945589 -3.182186,,
DUP000339,json,uk_air_sos,819,1752,Edinburgh St Leonards,,,Edinburgh St Leonards-Perylene in PM10 in aerosol,pm10,,,0.000,55.945589 -3.182186,,
DUP000339,json,uk_air_sos,821,785183,Edinburgh St Leonards,,,Edinburgh St Leonards-Volatile PM10,pm10,,,0.000,55.945589 -3.182186,,
DUP000339,json,uk_air_sos,7421,7528,Edinburgh St Leonards,111,2052,Edinburgh St Leonards-Particulate matter less than 10 micro m (aerosol),pm10,20.1,2026-02-19 19:00:00+00,0.000,55.945589 -3.182186,,
DUP000339,json,uk_air_sos,817,882,Edinburgh St Leonards,173,192,Edinburgh St Leonards-Particulate matter less than 10 micro m (aerosol),pm10,,,0.000,55.945589 -3.182186,,
DUP000339,json,uk_air_sos,789,1746,Edinburgh St Leonards-5,,,Edinburgh St Leonards-5-Methyl Chrysene in PM10 in aerosol,pm10,,,0.000,55.945589 -3.182186,,
DUP000339,json,uk_air_sos,794,1741,Edinburgh St Leonards-Benzoin bnaphthoin 2,,,"Edinburgh St Leonards-Benzoin bnaphthoin 2,1-dthiophene in PM10 in aerosol",pm10,,,0.000,55.945589 -3.182186,,
DUP000339,json,uk_air_sos,803,1744,Edinburgh St Leonards-Cyclopentain c,,,"Edinburgh St Leonards-Cyclopentain c,dpyrene in PM10 in aerosol",pm10,,,0.000,55.945589 -3.182186,,
DUP000339,json,uk_air_sos,814,785182,Edinburgh St Leonards-Non,,,Edinburgh St Leonards-Non-volatile PM10,pm10,,,0.000,55.945589 -3.182186,,
DUP000340,aurn,aurn_register,,UKA00462,Reading New Town,,,,pm10,,,0,51.453090 -0.944067,UKA00462,Automatic Urban and Rural Monitoring Network (AURN)
DUP000340,json,uk_air_sos,1959,785180,Reading New Town,,,Reading New Town-Volatile PM10,pm10,,,0.000,51.453090 -0.944067,,
DUP000340,json,uk_air_sos,7351,10547,Reading New Town,10,2283,Reading New Town-Particulate matter less than 10 micro m (aerosol),pm10,14.9,2026-02-19 19:00:00+00,0.000,51.453090 -0.944067,,
DUP000340,json,uk_air_sos,1957,1106,Reading New Town,48,426,Reading New Town-Particulate matter less than 10 micro m (aerosol),pm10,,,0.000,51.453090 -0.944067,,
DUP000340,json,uk_air_sos,1954,785175,Reading New Town-Non,,,Reading New Town-Non-volatile PM10,pm10,,,0.000,51.453090 -0.944067,,
DUP000341,aurn,aurn_register,,UKA00472,London Harlington,,,,pm10,,,0,51.488790 -0.441614,UKA00472,Automatic Urban and Rural Monitoring Network (AURN)
DUP000341,json,uk_air_sos,1486,785301,London Harlington,,,London Harlington-Volatile PM10,pm10,,,0.000,51.488790 -0.441614,,
DUP000341,json,uk_air_sos,7386,7038,London Harlington,70,2118,London Harlington-Particulate matter less than 10 micro m (aerosol),pm10,10.044,2026-02-19 19:00:00+00,0.000,51.488790 -0.441614,,
DUP000341,json,uk_air_sos,1479,785300,London Harlington-Non,,,London Harlington-Non-volatile PM10,pm10,,,0.000,51.488790 -0.441614,,
DUP000342,aurn,aurn_register,,UKA00482,Wigan Centre,,,,pm10,,,0,53.549140 -2.638139,UKA00482,Automatic Urban and Rural Monitoring Network (AURN)
DUP000342,json,uk_air_sos,7433,7573,Wigan Centre,124,4787,Wigan Centre-Particulate matter less than 10 micro m (aerosol),pm10,22.1,2026-02-19 18:00:00+00,0.000,53.549140 -2.638139,,
DUP000343,aurn,aurn_register,,UKA00483,Brighton Preston Park,,,,pm10,,,0,50.840836 -0.147572,UKA00483,Automatic Urban and Rural Monitoring Network (AURN)
DUP000343,json,uk_air_sos,7352,10620,Brighton Preston Park,13,5215,Brighton Preston Park-Particulate matter less than 10 micro m (aerosol),pm10,7.5,2026-02-19 19:00:00+00,0.000,50.840836 -0.147572,,
DUP000344,aurn,aurn_register,,UKA00484,Sunderland Silksworth,,,,pm10,,,0,54.883610 -1.406878,UKA00484,Automatic Urban and Rural Monitoring Network (AURN)
DUP000344,json,uk_air_sos,7431,7567,Sunderland Silksworth,122,4800,Sunderland Silksworth-Particulate matter less than 10 micro m (aerosol),pm10,27.1,2026-02-19 19:00:00+00,0.000,54.883610 -1.406878,,
DUP000345,aurn,aurn_register,,UKA00488,Blackpool Marton,,,,pm10,,,0,53.804890 -3.007175,UKA00488,Automatic Urban and Rural Monitoring Network (AURN)
DUP000345,json,uk_air_sos,7418,7511,Blackpool Marton,106,4785,Blackpool Marton-Particulate matter less than 10 micro m (aerosol),pm10,22.3,2026-02-19 19:00:00+00,0.000,53.804890 -3.007175,,
DUP000346,aurn,aurn_register,,UKA00494,Bristol St Paul's,,,,pm10,,,0,51.462839 -2.584482,UKA00494,Automatic Urban and Rural Monitoring Network (AURN); PAH Digitel (solid phase)
DUP000346,json,uk_air_sos,443,785167,Bristol St Paul's,,,Bristol St Paul's-Volatile PM10,pm10,,,0.000,51.462839 -2.584482,,
DUP000346,json,uk_air_sos,7419,7514,Bristol St Paul's,107,1966,Bristol St Paul's-Particulate matter less than 10 micro m (aerosol),pm10,14.493,2026-02-19 19:00:00+00,0.000,51.462839 -2.584482,,
DUP000346,json,uk_air_sos,440,796,Bristol St Paul's,140,98,Bristol St Paul's-Particulate matter less than 10 micro m (aerosol),pm10,,,0.000,51.462839 -2.584482,,
DUP000346,json,uk_air_sos,437,785166,Bristol St Paul's-Non,,,Bristol St Paul's-Non-volatile PM10,pm10,,,0.000,51.462839 -2.584482,,
DUP000347,aurn,aurn_register,,UKA00497,Swansea Roadside,,,,pm10,,,0,51.632696 -3.947374,UKA00497,Automatic Urban and Rural Monitoring Network (AURN)
DUP000347,json,uk_air_sos,7432,7569,Swansea Roadside,123,2340,Swansea Roadside-Particulate matter less than 10 micro m (aerosol),pm10,11.594,2026-02-19 18:00:00+00,0.000,51.632696 -3.947374,,
DUP000347,json,uk_air_sos,2311,1155,Swansea Roadside,54,484,Swansea Roadside-Particulate matter less than 10 micro m (aerosol),pm10,,,0.000,51.632696 -3.947374,,
DUP000348,aurn,aurn_register,,UKA00501,Port Talbot Margam,,,,pm10,,,0,51.583950 -3.770822,UKA00501,Automatic Urban and Rural Monitoring Network (AURN); Heavy Metals; Non-Automatic Hydrocarbon Network; PAH Digitel (solid phase)
DUP000348,json,uk_air_sos,1907,2147,Port Talbot Margam,,,Port Talbot Margam-Anthanthrene in PM10 in aerosol,pm10,,,0.000,51.583950 -3.770822,,
DUP000348,json,uk_air_sos,1908,2133,Port Talbot Margam,,,Port Talbot Margam-Benzoin aanthracene in PM10 in aerosol,pm10,,,0.000,51.583950 -3.770822,,
DUP000348,json,uk_air_sos,1909,2141,Port Talbot Margam,,,Port Talbot Margam-Benzoin apyrene in PM10 in aerosol,pm10,,,0.000,51.583950 -3.770822,,
DUP000348,json,uk_air_sos,1910,2137,Port Talbot Margam,,,Port Talbot Margam-Benzoin bfluoranthene in PM10 in aerosol,pm10,,,0.000,51.583950 -3.770822,,
DUP000348,json,uk_air_sos,1912,2132,Port Talbot Margam,,,Port Talbot Margam-Benzoin cphenanthrene in PM10 in aerosol,pm10,,,0.000,51.583950 -3.770822,,
DUP000348,json,uk_air_sos,1913,2140,Port Talbot Margam,,,Port Talbot Margam-Benzoin epyrene in PM10 in aerosol,pm10,,,0.000,51.583950 -3.770822,,
DUP000348,json,uk_air_sos,1914,2146,Port Talbot Margam,,,Port Talbot Margam-Benzoin ghiperylene in PM10 in aerosol,pm10,,,0.000,51.583950 -3.770822,,
DUP000348,json,uk_air_sos,1915,2139,Port Talbot Margam,,,Port Talbot Margam-Benzoin jfluoranthene in PM10 in aerosol,pm10,,,0.000,51.583950 -3.770822,,
DUP000348,json,uk_air_sos,1916,2138,Port Talbot Margam,,,Port Talbot Margam-Benzoin kfluoranthene in PM10 in aerosol,pm10,,,0.000,51.583950 -3.770822,,
DUP000348,json,uk_air_sos,1918,2135,Port Talbot Margam,,,Port Talbot Margam-Chrysene in PM10 in aerosol,pm10,,,0.000,51.583950 -3.770822,,
DUP000348,json,uk_air_sos,1919,2150,Port Talbot Margam,,,Port Talbot Margam-Coronene in PM10 in aerosol,pm10,,,0.000,51.583950 -3.770822,,
DUP000348,json,uk_air_sos,1921,2144,Port Talbot Margam,,,Port Talbot Margam-Dibenzoin acanthracene in PM10 in aerosol,pm10,,,0.000,51.583950 -3.770822,,
DUP000348,json,uk_air_sos,1922,2149,Port Talbot Margam,,,Port Talbot Margam-Dibenzoin aepyrene in PM10 in aerosol,pm10,,,0.000,51.583950 -3.770822,,
DUP000348,json,uk_air_sos,1923,2145,Port Talbot Margam,,,Port Talbot Margam-Dibenzoin ahanthracene in PM10 in aerosol,pm10,,,0.000,51.583950 -3.770822,,
DUP000348,json,uk_air_sos,1924,2152,Port Talbot Margam,,,Port Talbot Margam-Dibenzoin ahpyrene in PM10 in aerosol,pm10,,,0.000,51.583950 -3.770822,,
DUP000348,json,uk_air_sos,1925,2151,Port Talbot Margam,,,Port Talbot Margam-Dibenzoin aipyrene in PM10 in aerosol,pm10,,,0.000,51.583950 -3.770822,,
DUP000348,json,uk_air_sos,1926,2148,Port Talbot Margam,,,Port Talbot Margam-Dibenzoin alpyrene in PM10 in aerosol,pm10,,,0.000,51.583950 -3.770822,,
DUP000348,json,uk_air_sos,1927,2143,Port Talbot Margam,,,Port Talbot Margam-indeno_123cd_pyrene in PM10 in aerosol,pm10,,,0.000,51.583950 -3.770822,,
DUP000348,json,uk_air_sos,1936,2142,Port Talbot Margam,,,Port Talbot Margam-Perylene in PM10 in aerosol,pm10,,,0.000,51.583950 -3.770822,,
DUP000348,json,uk_air_sos,1938,785185,Port Talbot Margam,,,Port Talbot Margam-Volatile PM10,pm10,,,0.000,51.583950 -3.770822,,
DUP000348,json,uk_air_sos,7451,8135,Port Talbot Margam,147,2277,Port Talbot Margam-Particulate matter less than 10 micro m (aerosol),pm10,17.392,2026-02-19 19:00:00+00,0.000,51.583950 -3.770822,,
DUP000348,json,uk_air_sos,1934,1099,Port Talbot Margam,40,420,Port Talbot Margam-Particulate matter less than 10 micro m (aerosol),pm10,,,0.000,51.583950 -3.770822,,
DUP000348,json,uk_air_sos,1906,2136,Port Talbot Margam-5,,,Port Talbot Margam-5-Methyl Chrysene in PM10 in aerosol,pm10,,,0.000,51.583950 -3.770822,,
DUP000348,json,uk_air_sos,1911,2131,Port Talbot Margam-Benzoin bnaphthoin 2,,,"Port Talbot Margam-Benzoin bnaphthoin 2,1-dthiophene in PM10 in aerosol",pm10,,,0.000,51.583950 -3.770822,,
DUP000348,json,uk_air_sos,1920,2134,Port Talbot Margam-Cyclopentain c,,,"Port Talbot Margam-Cyclopentain c,dpyrene in PM10 in aerosol",pm10,,,0.000,51.583950 -3.770822,,
DUP000348,json,uk_air_sos,1931,785184,Port Talbot Margam-Non,,,Port Talbot Margam-Non-volatile PM10,pm10,,,0.000,51.583950 -3.770822,,
DUP000349,aurn,aurn_register,,UKA00511,Horley,,,,pm10,,,0,51.165865 -0.167734,UKA00511,Automatic Urban and Rural Monitoring Network (AURN); Particle Concentrations and Numbers Network
DUP000349,json,uk_air_sos,7360,10642,Horley,21,5211,Horley-Particulate matter less than 10 micro m (aerosol),pm10,10.4,2026-02-19 19:00:00+00,0.000,51.165865 -0.167734,,
DUP000350,aurn,aurn_register,,UKA00515,Chepstow A48,,,,pm10,,,0,51.638094 -2.678731,UKA00515,Automatic Urban and Rural Monitoring Network (AURN)
DUP000350,json,uk_air_sos,575,785357,Chepstow A48,,,Chepstow A48-Volatile PM10,pm10,,,0.000,51.638094 -2.678731,,
DUP000350,json,uk_air_sos,573,829,Chepstow A48,149,138,Chepstow A48-Particulate matter less than 10 micro m (aerosol),pm10,,,0.000,51.638094 -2.678731,,
DUP000350,json,uk_air_sos,7394,7123,Chepstow A48,79,2005,Chepstow A48-Particulate matter less than 10 micro m (aerosol),pm10,23.189,2026-02-19 19:00:00+00,0.000,51.638094 -2.678731,,
DUP000350,json,uk_air_sos,571,785356,Chepstow A48-Non,,,Chepstow A48-Non-volatile PM10,pm10,,,0.000,51.638094 -2.678731,,
DUP000351,aurn,aurn_register,,UKA00518,Oxford St Ebbes,,,,pm10,,,0,51.744806 -1.260278,UKA00518,Automatic Urban and Rural Monitoring Network (AURN); Non-Automatic Hydrocarbon Network
DUP000351,json,uk_air_sos,1873,785289,Oxford St Ebbes,,,Oxford St Ebbes-Volatile PM10,pm10,,,0.000,51.744806 -1.260278,,
DUP000351,json,uk_air_sos,7426,7549,Oxford St Ebbes,117,2250,Oxford St Ebbes-Particulate matter less than 10 micro m (aerosol),pm10,11.9,2026-02-19 19:00:00+00,0.000,51.744806 -1.260278,,
DUP000351,json,uk_air_sos,1871,1076,Oxford St Ebbes,35,393,Oxford St Ebbes-Particulate matter less than 10 micro m (aerosol),pm10,,,0.000,51.744806 -1.260278,,
DUP000351,json,uk_air_sos,1868,785288,Oxford St Ebbes-Non,,,Oxford St Ebbes-Non-volatile PM10,pm10,,,0.000,51.744806 -1.260278,,
DUP000352,aurn,aurn_register,,UKA00523,York Bootham,,,,pm10,,,0,53.967513 -1.086514,UKA00523,Automatic Urban and Rural Monitoring Network (AURN); Non-Automatic Hydrocarbon Network
DUP000352,json,uk_air_sos,2441,785303,York Bootham,,,York Bootham-Volatile PM10,pm10,,,0.000,53.967513 -1.086514,,
DUP000352,json,uk_air_sos,7443,7608,York Bootham,135,2378,York Bootham-Particulate matter less than 10 micro m (aerosol),pm10,27.054,2026-02-19 18:00:00+00,0.000,53.967513 -1.086514,,
DUP000352,json,uk_air_sos,2439,1185,York Bootham,57,522,York Bootham-Particulate matter less than 10 micro m (aerosol),pm10,,,0.000,53.967513 -1.086514,,
DUP000352,json,uk_air_sos,2436,785302,York Bootham-Non,,,York Bootham-Non-volatile PM10,pm10,,,0.000,53.967513 -1.086514,,
DUP000353,aurn,aurn_register,,UKA00524,York Fishergate,,,,pm10,,,0,53.951889 -1.075861,UKA00524,Automatic Urban and Rural Monitoring Network (AURN); Non-Automatic Hydrocarbon Network
DUP000353,json,uk_air_sos,2447,1188,York Fishergate,58,524,York Fishergate-Particulate matter less than 10 micro m (aerosol),pm10,,,0.000,53.951889 -1.075861,,
DUP000353,json,uk_air_sos,7396,7131,York Fishergate,81,2380,York Fishergate-Particulate matter less than 10 micro m (aerosol),pm10,35.749,2026-02-19 19:00:00+00,0.000,53.951889 -1.075861,,
DUP000354,aurn,aurn_register,,UKA00525,Stanford-le-Hope Roadside,,,,pm10,,,0,51.518167 0.439548,UKA00525,Automatic Urban and Rural Monitoring Network (AURN); UK Urban NO2 Network
DUP000354,json,uk_air_sos,7412,7500,Stanford-le-Hope Roadside,100,2109,Stanford-le-Hope Roadside-Particulate matter less than 10 micro m (aerosol),pm10,-99,2026-02-19 19:00:00+00,0.000,51.518167 0.439548,,
DUP000354,json,uk_air_sos,2201,926,Stanford-le-Hope Roadside,180,249,Stanford-le-Hope Roadside-Particulate matter less than 10 micro m (aerosol),pm10,,,0.000,51.518167 0.439548,,
DUP000355,aurn,aurn_register,,UKA00527,Leeds Headingley Kerbside,,,,pm10,,,0,53.819972 -1.576361,UKA00527,Automatic Urban and Rural Monitoring Network (AURN); UK Urban NO2 Network
DUP000355,json,uk_air_sos,7438,7590,Leeds Headingley Kerbside,129,2154,Leeds Headingley Kerbside-Particulate matter less than 10 micro m (aerosol),pm10,26.087,2026-02-19 18:00:00+00,0.000,53.819972 -1.576361,,
DUP000355,json,uk_air_sos,1279,975,Leeds Headingley Kerbside,184,297,Leeds Headingley Kerbside-Particulate matter less than 10 micro m (aerosol),pm10,,,0.000,53.819972 -1.576361,,
DUP000356,aurn,aurn_register,,UKA00528,Newcastle Cradlewell Roadside,,,,pm10,,,0,54.986405 -1.595362,UKA00528,Automatic Urban and Rural Monitoring Network (AURN); UK Urban NO2 Network
DUP000356,json,uk_air_sos,7366,10710,Newcastle Cradlewell Roadside,29,4689,Newcastle Cradlewell Roadside-Particulate matter less than 10 micro m (aerosol),pm10,24.5,2026-02-19 19:00:00+00,0.000,54.986405 -1.595362,,
DUP000357,aurn,aurn_register,,UKA00529,Chesterfield Roadside,,,,pm10,,,0,53.231751 -1.456928,UKA00529,Automatic Urban and Rural Monitoring Network (AURN); Non-Automatic Hydrocarbon Network; UK Urban NO2 Network
DUP000357,json,uk_air_sos,599,785335,Chesterfield Roadside,,,Chesterfield Roadside-Volatile PM10,pm10,,,3.396,53.231722 -1.456944,,
DUP000357,json,uk_air_sos,597,837,Chesterfield Roadside,109,2009,Chesterfield Roadside-Particulate matter less than 10 micro m (aerosol),pm10,20.4,2026-02-19 19:00:00+00,0.000,53.231751 -1.456928,,
DUP000357,json,uk_air_sos,595,785334,Chesterfield Roadside-Non,,,Chesterfield Roadside-Non-volatile PM10,pm10,,,3.396,53.231722 -1.456944,,
DUP000358,aurn,aurn_register,,UKA00535,Stockton-on-Tees Eaglescliffe,,,,pm10,,,0,54.516667 -1.358547,UKA00535,Automatic Urban and Rural Monitoring Network (AURN); Non-Automatic Hydrocarbon Network
DUP000358,json,uk_air_sos,2218,865,Stockton-on-Tees Eaglescliffe,152,175,Stockton-on-Tees Eaglescliffe-Particulate matter less than 10 micro m (aerosol),pm10,-99,2026-02-19 19:00:00+00,0.000,54.516667 -1.358547,,
DUP000359,aurn,aurn_register,,UKA00537,Charlton Mackrell,,,,pm10,,,0,51.056250 -2.683450,UKA00537,Automatic Urban and Rural Monitoring Network (AURN)
DUP000359,json,uk_air_sos,7463,8774,Charlton Mackrell,166,4954,Charlton Mackrell-Particulate matter less than 10 micro m (aerosol),pm10,13.9,2026-02-19 19:00:00+00,0.000,51.056250 -2.683450,,
DUP000360,aurn,aurn_register,,UKA00538,Warrington,,,,pm10,,,0,53.389225 -2.615593,UKA00538,Automatic Urban and Rural Monitoring Network (AURN)
DUP000360,json,uk_air_sos,2361,785261,Warrington,,,Warrington-Volatile PM10,pm10,,,16.741,53.389280 -2.615358,,
DUP000360,json,uk_air_sos,2359,1174,Warrington,56,506,Warrington-Particulate matter less than 10 micro m (aerosol),pm10,,,0.000,53.389225 -2.615593,,
DUP000360,json,uk_air_sos,2357,785260,Warrington-Non,,,Warrington-Non-volatile PM10,pm10,,,16.741,53.389280 -2.615358,,
DUP000361,aurn,aurn_register,,UKA00541,Armagh Roadside,,,,pm10,,,0,54.353728 -6.654558,UKA00541,Automatic Urban and Rural Monitoring Network (AURN); PAH Digitel (solid phase)
DUP000361,json,uk_air_sos,7435,7581,Armagh Roadside,126,1916,Armagh Roadside-Particulate matter less than 10 micro m (aerosol),pm10,28.02,2026-02-19 19:00:00+00,0.000,54.353728 -6.654558,,
DUP000361,json,uk_air_sos,27,747,Armagh Roadside,94,40,Armagh Roadside-Particulate matter less than 10 micro m (aerosol),pm10,,,0.000,54.353728 -6.654558,,
DUP000362,aurn,aurn_register,,UKA00546,Eastbourne,,,,pm10,,,0,50.805778 0.271611,UKA00546,Automatic Urban and Rural Monitoring Network (AURN)
DUP000362,json,uk_air_sos,784,785361,Eastbourne,,,Eastbourne-Volatile PM10,pm10,,,0.000,50.805778 0.271611,,
DUP000362,json,uk_air_sos,782,868,Eastbourne,153,183,Eastbourne-Particulate matter less than 10 micro m (aerosol),pm10,,,0.000,50.805778 0.271611,,
DUP000362,json,uk_air_sos,7408,7494,Eastbourne,96,2043,Eastbourne-Particulate matter less than 10 micro m (aerosol),pm10,5.5,2026-02-19 19:00:00+00,0.000,50.805778 0.271611,,
DUP000362,json,uk_air_sos,779,785360,Eastbourne-Non,,,Eastbourne-Non-volatile PM10,pm10,,,0.000,50.805778 0.271611,,
DUP000363,aurn,aurn_register,,UKA00549,Norwich Lakenfields,,,,pm10,,,0,52.614823 1.302686,UKA00549,Automatic Urban and Rural Monitoring Network (AURN); Non-Automatic Hydrocarbon Network
DUP000363,json,uk_air_sos,1825,1049,Norwich Lakenfields,5,370,Norwich Lakenfields-Particulate matter less than 10 micro m (aerosol),pm10,,,0.000,52.614823 1.302686,,
DUP000364,aurn,aurn_register,,UKA00553,Chatham Roadside,,,,pm10,,,0,51.374264 0.547970,UKA00553,Automatic Urban and Rural Monitoring Network (AURN); Non-Automatic Hydrocarbon Network; UK Urban NO2 Network
DUP000364,json,uk_air_sos,7387,7053,Chatham Roadside,71,2001,Chatham Roadside-Particulate matter less than 10 micro m (aerosol),pm10,18.358,2026-02-19 19:00:00+00,0.000,51.374264 0.547970,,
DUP000365,aurn,aurn_register,,UKA00558,Southwark A2 Old Kent Road,,,,pm10,,,0,51.480499 -0.059550,UKA00558,Automatic Urban and Rural Monitoring Network (AURN)
DUP000365,json,uk_air_sos,2197,4061,Southwark A2 Old Kent Road,,,Southwark A2 Old Kent Road-Volatile PM10,pm10,,,0.000,51.480499 -0.059550,,
DUP000365,json,uk_air_sos,2196,1131,Southwark A2 Old Kent Road,52,459,Southwark A2 Old Kent Road-Particulate matter less than 10 micro m (aerosol),pm10,,,0.000,51.480499 -0.059550,,
DUP000365,json,uk_air_sos,7411,7499,Southwark A2 Old Kent Road,99,2316,Southwark A2 Old Kent Road-Particulate matter less than 10 micro m (aerosol),pm10,28.02,2026-02-19 19:00:00+00,0.000,51.480499 -0.059550,,
DUP000365,json,uk_air_sos,2195,4062,Southwark A2 Old Kent Road-Non,,,Southwark A2 Old Kent Road-Non-volatile PM10,pm10,,,0.000,51.480499 -0.059550,,
DUP000366,aurn,aurn_register,,UKA00564,Leamington Spa Rugby Road,,,,pm10,,,0,52.294884 -1.542911,UKA00564,Automatic Urban and Rural Monitoring Network (AURN); UK Urban NO2 Network
DUP000366,json,uk_air_sos,1262,4029,Leamington Spa Rugby Road,,,Leamington Spa Rugby Road-Volatile PM10,pm10,,,0.000,52.294884 -1.542911,,
DUP000366,json,uk_air_sos,7424,7539,Leamington Spa Rugby Road,114,2146,Leamington Spa Rugby Road-Particulate matter less than 10 micro m (aerosol),pm10,16.9,2026-02-19 19:00:00+00,0.000,52.294884 -1.542911,,
DUP000366,json,uk_air_sos,1260,970,Leamington Spa Rugby Road,183,289,Leamington Spa Rugby Road-Particulate matter less than 10 micro m (aerosol),pm10,,,0.000,52.294884 -1.542911,,
DUP000366,json,uk_air_sos,1258,4030,Leamington Spa Rugby Road-Non,,,Leamington Spa Rugby Road-Non-volatile PM10,pm10,,,0.000,52.294884 -1.542911,,
DUP000367,aurn,aurn_register,,UKA00566,Honiton,,,,pm10,,,0,50.792287 -3.196702,UKA00566,Automatic Urban and Rural Monitoring Network (AURN)
DUP000367,json,uk_air_sos,7457,8762,Honiton,159,4907,Honiton-Particulate matter less than 10 micro m (aerosol),pm10,-99,2026-02-19 19:00:00+00,0.000,50.792287 -3.196702,,
DUP000368,aurn,aurn_register,,UKA00569,Saltash Callington Road,,,,pm10,,,0,50.411463 -4.227678,UKA00569,Automatic Urban and Rural Monitoring Network (AURN)
DUP000368,json,openaq,16495,2510,DEFRA Saltash Callington Road,1794,4879,Saltash Callington Road,pm10,11,2026-02-19 19:00:00+00,0.000,50.411463 -4.227678,,
DUP000368,json,uk_air_sos,2042,4050,Saltash Callington Road,,,Saltash Callington Road-Volatile PM10,pm10,,,0.000,50.411463 -4.227678,,
DUP000368,json,uk_air_sos,2040,1271,Saltash Callington Road,59,437,Saltash Callington Road-Particulate matter less than 10 micro m (aerosol),pm10,,,0.000,50.411463 -4.227678,,
DUP000368,json,uk_air_sos,7395,7127,Saltash Callington Road,80,2294,Saltash Callington Road-Particulate matter less than 10 micro m (aerosol),pm10,15.459,2026-02-19 19:00:00+00,0.000,50.411463 -4.227678,,
DUP000368,json,uk_air_sos,2038,4048,Saltash Callington Road-Non,,,Saltash Callington Road-Non-volatile PM10,pm10,,,0.000,50.411463 -4.227678,,
DUP000369,aurn,aurn_register,,UKA00572,London Teddington Bushy Park,,,,pm10,,,0,51.425286 -0.345606,UKA00572,Automatic Urban and Rural Monitoring Network (AURN); Black Carbon
DUP000369,json,openaq,16386,158,DEFRA London Teddington Bushy Park,1466,28891,London Teddington Bushy Park,pm10,10,2026-02-19 19:00:00+00,0.000,51.425286 -0.345606,,
DUP000369,json,uk_air_sos,7446,7989,London Teddington Bushy Park,141,4846,London Teddington Bushy Park-Particulate matter less than 10 micro m (aerosol),pm10,12.1,2026-02-19 19:00:00+00,0.000,51.425286 -0.345606,,
DUP000370,aurn,aurn_register,,UKA00573,Leicester University,,,,pm10,,,0,52.619904 -1.127182,UKA00573,Automatic Urban and Rural Monitoring Network (AURN)
DUP000370,json,uk_air_sos,7439,7593,Leicester University,130,4847,Leicester University-Particulate matter less than 10 micro m (aerosol),pm10,10.1,2026-02-19 18:00:00+00,0.000,52.619904 -1.127182,,
DUP000371,aurn,aurn_register,,UKA00574,Barnstaple A39,,,,pm10,,,0,51.074793 -4.041924,UKA00574,Automatic Urban and Rural Monitoring Network (AURN)
DUP000371,json,openaq,16403,803,DEFRA Barnstaple A39,1523,5272,Barnstaple A39,pm10,9,2026-02-19 19:00:00+00,0.000,51.074793 -4.041924,,
DUP000371,json,uk_air_sos,249,3991,Barnstaple A39,,,Barnstaple A39-Volatile PM10,pm10,,,0.000,51.074793 -4.041924,,
DUP000371,json,uk_air_sos,247,3915,Barnstaple A39,65,96,Barnstaple A39-Particulate matter less than 10 micro m (aerosol),pm10,,,0.000,51.074793 -4.041924,,
DUP000371,json,uk_air_sos,7349,10538,Barnstaple A39,8,1964,Barnstaple A39-Particulate matter less than 10 micro m (aerosol),pm10,17.7,2026-02-19 19:00:00+00,0.000,51.074793 -4.041924,,
DUP000371,json,uk_air_sos,245,3994,Barnstaple A39-Non,,,Barnstaple A39-Non-volatile PM10,pm10,,,0.000,51.074793 -4.041924,,
DUP000372,aurn,aurn_register,,UKA00575,Sheffield Devonshire Green,,,,pm10,,,0,53.378622 -1.478096,UKA00575,Automatic Urban and Rural Monitoring Network (AURN); Heavy Metals; Non-Automatic Hydrocarbon Network
DUP000372,json,uk_air_sos,2130,4055,Sheffield Devonshire Green,,,Sheffield Devonshire Green-Volatile PM10,pm10,,,0.000,53.378622 -1.478096,,
DUP000372,json,uk_air_sos,7429,7561,Sheffield Devonshire Green,120,2308,Sheffield Devonshire Green-Particulate matter less than 10 micro m (aerosol),pm10,21.6,2026-02-19 18:00:00+00,0.000,53.378622 -1.478096,,
DUP000372,json,uk_air_sos,2128,3906,Sheffield Devonshire Green,63,451,Sheffield Devonshire Green-Particulate matter less than 10 micro m (aerosol),pm10,,,0.000,53.378622 -1.478096,,
DUP000372,json,uk_air_sos,2125,4053,Sheffield Devonshire Green-Non,,,Sheffield Devonshire Green-Non-volatile PM10,pm10,,,0.000,53.378622 -1.478096,,
DUP000373,aurn,aurn_register,,UKA00576,Glasgow Townhead,,,,pm10,,,0,55.865782 -4.243631,UKA00576,Automatic Urban and Rural Monitoring Network (AURN); Black Carbon; PAH Digitel (solid phase)
DUP000373,json,uk_air_sos,870,3936,Glasgow Townhead,,,Glasgow Townhead-Anthanthrene in PM10 in aerosol,pm10,,,0.000,55.865782 -4.243631,,
DUP000373,json,uk_air_sos,871,3922,Glasgow Townhead,,,Glasgow Townhead-Benzoin aanthracene in PM10 in aerosol,pm10,,,0.000,55.865782 -4.243631,,
DUP000373,json,uk_air_sos,872,3930,Glasgow Townhead,,,Glasgow Townhead-Benzoin apyrene in PM10 in aerosol,pm10,,,0.000,55.865782 -4.243631,,
DUP000373,json,uk_air_sos,873,3926,Glasgow Townhead,,,Glasgow Townhead-Benzoin bfluoranthene in PM10 in aerosol,pm10,,,0.000,55.865782 -4.243631,,
DUP000373,json,uk_air_sos,875,3921,Glasgow Townhead,,,Glasgow Townhead-Benzoin cphenanthrene in PM10 in aerosol,pm10,,,0.000,55.865782 -4.243631,,
DUP000373,json,uk_air_sos,876,3929,Glasgow Townhead,,,Glasgow Townhead-Benzoin epyrene in PM10 in aerosol,pm10,,,0.000,55.865782 -4.243631,,
DUP000373,json,uk_air_sos,877,3935,Glasgow Townhead,,,Glasgow Townhead-Benzoin ghiperylene in PM10 in aerosol,pm10,,,0.000,55.865782 -4.243631,,
DUP000373,json,uk_air_sos,878,3928,Glasgow Townhead,,,Glasgow Townhead-Benzoin jfluoranthene in PM10 in aerosol,pm10,,,0.000,55.865782 -4.243631,,
DUP000373,json,uk_air_sos,879,3927,Glasgow Townhead,,,Glasgow Townhead-Benzoin kfluoranthene in PM10 in aerosol,pm10,,,0.000,55.865782 -4.243631,,
DUP000373,json,uk_air_sos,881,3924,Glasgow Townhead,,,Glasgow Townhead-Chrysene in PM10 in aerosol,pm10,,,0.000,55.865782 -4.243631,,
DUP000373,json,uk_air_sos,882,3939,Glasgow Townhead,,,Glasgow Townhead-Coronene in PM10 in aerosol,pm10,,,0.000,55.865782 -4.243631,,
DUP000373,json,uk_air_sos,884,3933,Glasgow Townhead,,,Glasgow Townhead-Dibenzoin acanthracene in PM10 in aerosol,pm10,,,0.000,55.865782 -4.243631,,
DUP000373,json,uk_air_sos,885,3938,Glasgow Townhead,,,Glasgow Townhead-Dibenzoin aepyrene in PM10 in aerosol,pm10,,,0.000,55.865782 -4.243631,,
DUP000373,json,uk_air_sos,886,3934,Glasgow Townhead,,,Glasgow Townhead-Dibenzoin ahanthracene in PM10 in aerosol,pm10,,,0.000,55.865782 -4.243631,,
DUP000373,json,uk_air_sos,887,3941,Glasgow Townhead,,,Glasgow Townhead-Dibenzoin ahpyrene in PM10 in aerosol,pm10,,,0.000,55.865782 -4.243631,,
DUP000373,json,uk_air_sos,888,3940,Glasgow Townhead,,,Glasgow Townhead-Dibenzoin aipyrene in PM10 in aerosol,pm10,,,0.000,55.865782 -4.243631,,
DUP000373,json,uk_air_sos,889,3937,Glasgow Townhead,,,Glasgow Townhead-Dibenzoin alpyrene in PM10 in aerosol,pm10,,,0.000,55.865782 -4.243631,,
DUP000373,json,uk_air_sos,890,3932,Glasgow Townhead,,,Glasgow Townhead-indeno_123cd_pyrene in PM10 in aerosol,pm10,,,0.000,55.865782 -4.243631,,
DUP000373,json,uk_air_sos,897,3931,Glasgow Townhead,,,Glasgow Townhead-Perylene in PM10 in aerosol,pm10,,,0.000,55.865782 -4.243631,,
DUP000373,json,uk_air_sos,895,3912,Glasgow Townhead,64,215,Glasgow Townhead-Particulate matter less than 10 micro m (aerosol),pm10,,,0.000,55.865782 -4.243631,,
DUP000373,json,uk_air_sos,7393,7115,Glasgow Townhead,78,2075,Glasgow Townhead-Particulate matter less than 10 micro m (aerosol),pm10,15.6,2026-02-19 19:00:00+00,0.000,55.865782 -4.243631,,
DUP000373,json,uk_air_sos,869,3925,Glasgow Townhead-5,,,Glasgow Townhead-5-Methyl Chrysene in PM10 in aerosol,pm10,,,0.000,55.865782 -4.243631,,
DUP000373,json,uk_air_sos,874,3920,Glasgow Townhead-Benzoin bnaphthoin 2,,,"Glasgow Townhead-Benzoin bnaphthoin 2,1-dthiophene in PM10 in aerosol",pm10,,,0.000,55.865782 -4.243631,,
DUP000373,json,uk_air_sos,883,3923,Glasgow Townhead-Cyclopentain c,,,"Glasgow Townhead-Cyclopentain c,dpyrene in PM10 in aerosol",pm10,,,0.000,55.865782 -4.243631,,
DUP000374,aurn,aurn_register,,UKA00591,Ealing Horn Lane,,,,pm10,,,0,51.518950 -0.265617,UKA00591,Automatic Urban and Rural Monitoring Network (AURN)
DUP000374,json,uk_air_sos,775,4017,Ealing Horn Lane,,,Ealing Horn Lane-Volatile PM10,pm10,,,0.000,51.518950 -0.265617,,
DUP000374,json,uk_air_sos,7382,3954,Ealing Horn Lane,66,174,Ealing Horn Lane-Particulate matter less than 10 micro m (aerosol),pm10,,,0.000,51.518950 -0.265617,,
DUP000374,json,uk_air_sos,7407,7492,Ealing Horn Lane,95,2038,Ealing Horn Lane-Particulate matter less than 10 micro m (aerosol),pm10,16.425,2026-02-19 19:00:00+00,0.000,51.518950 -0.265617,,
DUP000374,json,uk_air_sos,773,3876,Ealing Horn Lane-Non,,,Ealing Horn Lane-Non-volatile PM10,pm10,,,0.000,51.518950 -0.265617,,
DUP000375,aurn,aurn_register,,UKA00592,Coventry Allesley,,,,pm10,,,0,52.411628 -1.560189,UKA00592,Automatic Urban and Rural Monitoring Network (AURN)
DUP000375,json,uk_air_sos,660,786286,Coventry Allesley,110,4784,Coventry Allesley-Particulate matter less than 10 micro m (aerosol),pm10,12.3,2026-02-19 19:00:00+00,0.000,52.411628 -1.560189,,
DUP000376,aurn,aurn_register,,UKA00594,Belfast Stockman's Lane,,,,pm10,,,0,54.572586 -5.974944,UKA00594,Automatic Urban and Rural Monitoring Network (AURN)
DUP000376,json,uk_air_sos,7414,7504,Belfast Stockman's Lane,102,2393,Belfast Stockman's Lane-Particulate matter less than 10 micro m (aerosol),pm10,23.189,2026-02-19 19:00:00+00,0.000,54.572586 -5.974944,,
DUP000376,json,uk_air_sos,7383,3964,Belfast Stockman's Lane,67,56,Belfast Stockman's Lane-Particulate matter less than 10 micro m (aerosol),pm10,,,0.000,54.572586 -5.974944,,
DUP000377,aurn,aurn_register,,UKA00595,Oldbury Birmingham Road,,,,pm10,,,0,52.502436 -2.003497,UKA00595,Automatic Urban and Rural Monitoring Network (AURN); UK Urban NO2 Network
DUP000377,json,uk_air_sos,7381,11070,Oldbury Birmingham Road,49,5531,Oldbury Birmingham Road-Particulate matter less than 10 micro m (aerosol),pm10,20.7,2026-02-19 19:00:00+00,0.000,52.502436 -2.003497,,
DUP000378,aurn,aurn_register,,UKA00598,Bury Whitefield Roadside,,,,pm10,,,0,53.559029 -2.293772,UKA00598,Automatic Urban and Rural Monitoring Network (AURN); Non-Automatic Hydrocarbon Network; UK Urban NO2 Network
DUP000378,json,uk_air_sos,461,3997,Bury Whitefield Roadside,,,Bury Whitefield Roadside-Volatile PM10,pm10,,,0.000,53.559029 -2.293772,,
DUP000378,json,uk_air_sos,7404,7389,Bury Whitefield Roadside,90,108,Bury Whitefield Roadside-Particulate matter less than 10 micro m (aerosol),pm10,29.952,2026-02-19 19:00:00+00,0.000,53.559029 -2.293772,,
DUP000378,json,uk_air_sos,459,3998,Bury Whitefield Roadside-Non,,,Bury Whitefield Roadside-Non-volatile PM10,pm10,,,0.000,53.559029 -2.293772,,
DUP000379,aurn,aurn_register,,UKA00602,Glasgow High Street,,,,pm10,,,0,55.860936 -4.238214,UKA00602,Automatic Urban and Rural Monitoring Network (AURN); Black Carbon; UK Urban NO2 Network
DUP000379,json,uk_air_sos,861,4020,Glasgow High Street,,,Glasgow High Street-Volatile PM10,pm10,,,0.000,55.860936 -4.238214,,
DUP000379,json,uk_air_sos,7405,7392,Glasgow High Street,91,3444,Glasgow High Street-Particulate matter less than 10 micro m (aerosol),pm10,19.8,2026-02-19 18:00:00+00,0.000,55.860936 -4.238214,,
DUP000379,json,uk_air_sos,857,4018,Glasgow High Street-Non,,,Glasgow High Street-Non-volatile PM10,pm10,,,0.000,55.860936 -4.238214,,
DUP000380,aurn,aurn_register,,UKA00604,Chesterfield Loundsley Green,,,,pm10,,,0,53.244131 -1.454946,UKA00604,Automatic Urban and Rural Monitoring Network (AURN); Heavy Metals
DUP000380,json,uk_air_sos,585,4003,Chesterfield Loundsley Green,,,Chesterfield Loundsley Green-Volatile PM10,pm10,,,0.000,53.244131 -1.454946,,
DUP000380,json,uk_air_sos,7420,7519,Chesterfield Loundsley Green,108,1286,Chesterfield Loundsley Green-Particulate matter less than 10 micro m (aerosol),pm10,12.9,2026-02-19 19:00:00+00,0.000,53.244131 -1.454946,,
DUP000380,json,uk_air_sos,580,4001,Chesterfield Loundsley Green-Non,,,Chesterfield Loundsley Green-Non-volatile PM10,pm10,,,0.000,53.244131 -1.454946,,
DUP000381,aurn,aurn_register,,UKA00609,Leicester A594 Roadside,,,,pm10,,,0,52.638742 -1.124267,UKA00609,Automatic Urban and Rural Monitoring Network (AURN); UK Urban NO2 Network
DUP000381,json,uk_air_sos,1309,4032,Leicester A594 Roadside,,,Leicester A594 Roadside-Volatile PM10,pm10,,,7.692,52.638677 -1.124228,,
DUP000381,json,uk_air_sos,1307,785154,Leicester A594 Roadside,27,1403,Leicester A594 Roadside-Particulate matter less than 10 micro m (aerosol),pm10,17.8,2026-02-19 19:00:00+00,0.000,52.638742 -1.124267,,
DUP000381,json,uk_air_sos,1306,4033,Leicester A594 Roadside-Non,,,Leicester A594 Roadside-Non-volatile PM10,pm10,,,7.692,52.638677 -1.124228,,
DUP000382,aurn,aurn_register,,UKA00610,Stoke-on-Trent A50 Roadside,,,,pm10,,,0,52.980436 -2.111898,UKA00610,Automatic Urban and Rural Monitoring Network (AURN); UK Urban NO2 Network
DUP000382,json,uk_air_sos,2248,4067,Stoke-on-Trent A50 Roadside,,,Stoke-on-Trent A50 Roadside-Volatile PM10,pm10,,,0.000,52.980436 -2.111898,,
DUP000382,json,uk_air_sos,7371,10721,Stoke-on-Trent A50 Roadside,34,3443,Stoke-on-Trent A50 Roadside-Particulate matter less than 10 micro m (aerosol),pm10,22,2026-02-19 19:00:00+00,0.000,52.980436 -2.111898,,
DUP000382,json,uk_air_sos,2245,4066,Stoke-on-Trent A50 Roadside-Non,,,Stoke-on-Trent A50 Roadside-Non-volatile PM10,pm10,,,0.000,52.980436 -2.111898,,
DUP000383,aurn,aurn_register,,UKA00613,Southampton A33,,,,pm10,,,0,50.920265 -1.463484,UKA00613,Automatic Urban and Rural Monitoring Network (AURN); UK Urban NO2 Network
DUP000383,json,uk_air_sos,7370,10719,Southampton A33,33,3473,Southampton A33-Particulate matter less than 10 micro m (aerosol),pm10,8.8,2026-02-19 19:00:00+00,0.000,50.920265 -1.463484,,
DUP000384,aurn,aurn_register,,UKA00614,Chilbolton Observatory,,,,pm10,,,0,51.149617 -1.438228,UKA00614,Automatic Hydrocarbon Network; Automatic Urban and Rural Monitoring Network (AURN); Black Carbon; Heavy Metals; PAH Deposition; PAH Digitel (solid phase); Particle Concentrations and Numbers Network; Rural Automatic Mercury network; UKEAP: Acid Gases & Aerosol Network; UKEAP: MARGA Network; UKEAP: National Ammonia Monitoring Network; UKEAP: Precip-Net; UKEAP: Precip-Net; UKEAP: Rural NO2
DUP000384,json,uk_air_sos,639,785630,Chilbolton Observatory,,,Chilbolton Observatory-Volatile PM10,pm10,,,0.000,51.149617 -1.438228,,
DUP000384,json,uk_air_sos,7402,7163,Chilbolton Observatory,88,3454,Chilbolton Observatory-Particulate matter less than 10 micro m (aerosol),pm10,10.7,2026-02-19 19:00:00+00,0.000,51.149617 -1.438228,,
DUP000384,json,uk_air_sos,626,785636,Chilbolton Observatory-Non,,,Chilbolton Observatory-Non-volatile PM10,pm10,,,0.000,51.149617 -1.438228,,
DUP000385,aurn,aurn_register,,UKA00617,Manchester Sharston,,,,pm10,,,0,53.371722 -2.238917,UKA00617,Automatic Urban and Rural Monitoring Network (AURN)
DUP000385,json,uk_air_sos,7354,10624,Manchester Sharston,15,5206,Manchester Sharston-Particulate matter less than 10 micro m (aerosol),pm10,22.1,2026-02-19 19:00:00+00,0.000,53.371722 -2.238917,,
DUP000386,aurn,aurn_register,,UKA00618,Nottingham Western Boulevard,,,,pm10,,,0,52.969377 -1.188851,UKA00618,Automatic Urban and Rural Monitoring Network (AURN); UK Urban NO2 Network
DUP000386,json,uk_air_sos,1854,4043,Nottingham Western Boulevard,,,Nottingham Western Boulevard-Volatile PM10,pm10,,,0.000,52.969377 -1.188851,,
DUP000386,json,uk_air_sos,7367,10712,Nottingham Western Boulevard,30,3521,Nottingham Western Boulevard-Particulate matter less than 10 micro m (aerosol),pm10,16.1,2026-02-19 19:00:00+00,0.000,52.969377 -1.188851,,
DUP000386,json,uk_air_sos,1851,4045,Nottingham Western Boulevard-Non,,,Nottingham Western Boulevard-Non-volatile PM10,pm10,,,0.000,52.969377 -1.188851,,
DUP000387,aurn,aurn_register,,UKA00619,Derry Rosemount,,,,pm10,,,0,55.002818 -7.331179,UKA00619,Automatic Urban and Rural Monitoring Network (AURN)
DUP000387,json,uk_air_sos,740,4011,Derry Rosemount,,,Derry Rosemount-Volatile PM10,pm10,,,0.000,55.002818 -7.331179,,
DUP000387,json,uk_air_sos,7436,7585,Derry Rosemount,127,3552,Derry Rosemount-Particulate matter less than 10 micro m (aerosol),pm10,21.256,2026-02-19 19:00:00+00,0.000,55.002818 -7.331179,,
DUP000387,json,uk_air_sos,734,4013,Derry Rosemount-Non,,,Derry Rosemount-Non-volatile PM10,pm10,,,0.000,55.002818 -7.331179,,
DUP000388,aurn,aurn_register,,UKA00620,Reading London Road,,,,pm10,,,0,51.454896 -0.940382,UKA00620,Automatic Urban and Rural Monitoring Network (AURN); UK Urban NO2 Network
DUP000388,json,uk_air_sos,7384,6430,Reading London Road,68,3598,Reading London Road-Particulate matter less than 10 micro m (aerosol),pm10,16.425,2026-02-19 19:00:00+00,0.000,51.454896 -0.940382,,
DUP000389,aurn,aurn_register,,UKA00621,Greenock A8 Roadside,,,,pm10,,,0,55.944079 -4.734421,UKA00621,Automatic Urban and Rural Monitoring Network (AURN)
DUP000389,json,uk_air_sos,7385,6817,Greenock A8 Roadside,69,4598,Greenock A8 Roadside-Particulate matter less than 10 micro m (aerosol),pm10,99.8,2026-02-19 19:00:00+00,0.000,55.944079 -4.734421,,
DUP000390,aurn,aurn_register,,UKA00626,Birmingham A4540 Roadside,,,,pm10,,,0,52.476145 -1.874978,UKA00626,Automatic Urban and Rural Monitoring Network (AURN); Black Carbon; Non-Automatic Hydrocarbon Network; UK Urban NO2 Network
DUP000390,json,uk_air_sos,7415,7505,Birmingham A4540 Roadside,103,4160,Birmingham A4540 Roadside-Particulate matter less than 10 micro m (aerosol),pm10,22.3,2026-02-19 19:00:00+00,0.000,52.476145 -1.874978,,
DUP000391,aurn,aurn_register,,UKA00627,St Helens Linkway,,,,pm10,,,0,53.451826 -2.742134,UKA00627,Automatic Urban and Rural Monitoring Network (AURN); UK Urban NO2 Network
DUP000391,json,uk_air_sos,7397,7142,St Helens Linkway,82,4506,St Helens Linkway-Particulate matter less than 10 micro m (aerosol),pm10,-99,2026-02-19 19:00:00+00,0.000,53.451826 -2.742134,,
DUP000392,aurn,aurn_register,,UKA00631,Bristol Temple Way,,,,pm10,,,0,51.457968 -2.583975,UKA00631,Automatic Urban and Rural Monitoring Network (AURN); UK Urban NO2 Network
DUP000392,json,uk_air_sos,7353,10622,Bristol Temple Way,14,4635,Bristol Temple Way-Particulate matter less than 10 micro m (aerosol),pm10,16.6,2026-02-19 19:00:00+00,0.000,51.457968 -2.583975,,
DUP000393,aurn,aurn_register,,UKA00634,Coventry Binley Road,,,,pm10,,,0,52.407708 -1.490082,UKA00634,Automatic Urban and Rural Monitoring Network (AURN); UK Urban NO2 Network
DUP000393,json,uk_air_sos,7364,10698,Coventry Binley Road,25,4527,Coventry Binley Road-Particulate matter less than 10 micro m (aerosol),pm10,13.4,2026-02-19 19:00:00+00,0.000,52.407708 -1.490082,,
DUP000394,aurn,aurn_register,,UKA00644,Borehamwood Meadow Park,,,,pm10,,,0,51.661229 -0.270550,UKA00644,Automatic Urban and Rural Monitoring Network (AURN)
DUP000394,json,uk_air_sos,7469,8893,Borehamwood Meadow Park,174,4890,Borehamwood Meadow Park-Particulate matter less than 10 micro m (aerosol),pm10,8,2026-02-19 19:00:00+00,0.000,51.661229 -0.270550,,
DUP000395,aurn,aurn_register,,UKA00645,Hartlepool St Abbs Walk,,,,pm10,,,0,54.683242 -1.203838,UKA00645,Automatic Urban and Rural Monitoring Network (AURN)
DUP000395,json,uk_air_sos,7456,8760,Hartlepool St Abbs Walk,158,4928,Hartlepool St Abbs Walk-Particulate matter less than 10 micro m (aerosol),pm10,72.9,2026-02-19 18:00:00+00,0.000,54.683242 -1.203838,,
DUP000396,aurn,aurn_register,,UKA00647,Immingham Woodlands Avenue,,,,pm10,,,0,53.619241 -0.213324,UKA00647,Automatic Urban and Rural Monitoring Network (AURN)
DUP000396,json,uk_air_sos,7458,8764,Immingham Woodlands Avenue,160,4930,Immingham Woodlands Avenue-Particulate matter less than 10 micro m (aerosol),pm10,24.8,2026-02-19 19:00:00+00,0.000,53.619241 -0.213324,,
DUP000397,aurn,aurn_register,,UKA00648,Telford Hollinswood,,,,pm10,,,0,52.673471 -2.436692,UKA00648,Automatic Urban and Rural Monitoring Network (AURN)
DUP000397,json,uk_air_sos,7462,8772,Telford Hollinswood,165,5001,Telford Hollinswood-Particulate matter less than 10 micro m (aerosol),pm10,16.6,2026-02-19 18:00:00+00,0.000,52.673471 -2.436692,,
DUP000398,aurn,aurn_register,,UKA00650,Swindon Walcot,,,,pm10,,,0,51.558061 -1.765678,UKA00650,Automatic Urban and Rural Monitoring Network (AURN)
DUP000398,json,uk_air_sos,7461,8770,Swindon Walcot,164,4958,Swindon Walcot-Particulate matter less than 10 micro m (aerosol),pm10,14.7,2026-02-19 18:00:00+00,0.000,51.558061 -1.765678,,
DUP000399,aurn,aurn_register,,UKA00651,Portsmouth Anglesea Road,,,,pm10,,,0,50.798339 -1.095558,UKA00651,Automatic Urban and Rural Monitoring Network (AURN); UK Urban NO2 Network
DUP000399,json,uk_air_sos,7368,10714,Portsmouth Anglesea Road,31,4666,Portsmouth Anglesea Road-Particulate matter less than 10 micro m (aerosol),pm10,10.6,2026-02-19 19:00:00+00,0.000,50.798339 -1.095558,,
DUP000400,aurn,aurn_register,,UKA00652,Burton-on-Trent Horninglow,,,,pm10,,,0,52.821050 -1.635718,UKA00652,Automatic Urban and Rural Monitoring Network (AURN)
DUP000400,json,uk_air_sos,7452,8752,Burton-on-Trent Horninglow,154,4982,Burton-on-Trent Horninglow-Particulate matter less than 10 micro m (aerosol),pm10,14.8,2026-02-19 18:00:00+00,0.000,52.821050 -1.635718,,
DUP000401,aurn,aurn_register,,UKA00653,Cardiff Newport Road,,,,pm10,,,0,51.490960 -3.152305,UKA00653,Automatic Urban and Rural Monitoring Network (AURN); UK Urban NO2 Network
DUP000401,json,uk_air_sos,7388,7087,Cardiff Newport Road,72,4685,Cardiff Newport Road-Particulate matter less than 10 micro m (aerosol),pm10,19.324,2026-02-19 19:00:00+00,0.000,51.490960 -3.152305,,
DUP000402,aurn,aurn_register,,UKA00654,Dewsbury Ashworth Grange,,,,pm10,,,0,53.693104 -1.637111,UKA00654,Automatic Urban and Rural Monitoring Network (AURN)
DUP000402,json,uk_air_sos,7455,8758,Dewsbury Ashworth Grange,157,4983,Dewsbury Ashworth Grange-Particulate matter less than 10 micro m (aerosol),pm10,21,2026-02-19 19:00:00+00,0.000,53.693104 -1.637111,,
DUP000403,aurn,aurn_register,,UKA00655,Birmingham Ladywood,,,,pm10,,,0,52.481346 -1.918235,UKA00655,Automatic Urban and Rural Monitoring Network (AURN); Black Carbon; Non-Automatic Hydrocarbon Network; PAH Digitel (solid phase)
DUP000403,json,uk_air_sos,7417,7509,Birmingham Ladywood,105,4728,Birmingham Ladywood-Particulate matter less than 10 micro m (aerosol),pm10,19.9,2026-02-19 19:00:00+00,0.000,52.481346 -1.918235,,
DUP000404,aurn,aurn_register,,UKA00656,London Honor Oak Park,,,,pm10,,,0,51.449674 -0.037418,UKA00656,Automatic Hydrocarbon Network; Automatic Urban and Rural Monitoring Network (AURN); Black Carbon; Particle Size Composition
DUP000404,json,uk_air_sos,7409,7495,London Honor Oak Park,97,4743,London Honor Oak Park-Particulate matter less than 10 micro m (aerosol),pm10,-99,2026-02-19 19:00:00+00,0.000,51.449674 -0.037418,,
DUP000405,aurn,aurn_register,,UKA00659,Crewe Coppenhall,,,,pm10,,,0,53.115941 -2.453492,UKA00659,Automatic Urban and Rural Monitoring Network (AURN)
DUP000405,json,uk_air_sos,7454,8756,Crewe Coppenhall,156,4998,Crewe Coppenhall-Particulate matter less than 10 micro m (aerosol),pm10,14.4,2026-02-19 19:00:00+00,0.000,53.115941 -2.453492,,
DUP000406,aurn,aurn_register,,UKA00932,Carlisle Morton A595,,,,pm10,,,0,54.885823 -2.964955,UKA00932,Automatic Urban and Rural Monitoring Network (AURN); Non-Automatic Hydrocarbon Network
DUP000406,json,uk_air_sos,7449,8131,Carlisle Morton A595,145,4867,Carlisle Morton A595-Particulate matter less than 10 micro m (aerosol),pm10,11.594,2026-02-19 19:00:00+00,0.000,54.885823 -2.964955,,
DUP000407,aurn,aurn_register,,UKA00933,Aberdeen Erroll Park,,,,pm10,,,0,57.157400 -2.094770,UKA00933,Automatic Urban and Rural Monitoring Network (AURN)
DUP000407,json,uk_air_sos,7448,8126,Aberdeen Erroll Park,144,4884,Aberdeen Erroll Park-Particulate matter less than 10 micro m (aerosol),pm10,32.9,2026-02-19 18:00:00+00,0.000,57.157400 -2.094770,,
DUP000408,aurn,aurn_register,,UKA00963,Milton Keynes Civic Centre,,,,pm10,,,0,52.044076 -0.761013,UKA00963,Automatic Urban and Rural Monitoring Network (AURN)
DUP000408,json,uk_air_sos,7474,9901,Milton Keynes Civic Centre,187,5061,Milton Keynes Civic Centre-Particulate matter less than 10 micro m (aerosol),pm10,12.6,2026-02-19 19:00:00+00,0.000,52.044076 -0.761013,,
DUP000409,aurn,aurn_register,,UKA01025,Blackburn Audley Park,,,,pm10,,,0,53.746730 -2.467873,UKA01025,Automatic Urban and Rural Monitoring Network (AURN); Black Carbon
DUP000409,json,uk_air_sos,7476,9907,Blackburn Audley Park,189,5097,Blackburn Audley Park-Particulate matter less than 10 micro m (aerosol),pm10,16.8,2026-02-19 19:00:00+00,0.000,53.746730 -2.467873,,
DUP000410,aurn,aurn_register,,UKA01026,Toft Newton,,,,pm10,,,0,53.374133 -0.449788,UKA01026,Automatic Urban and Rural Monitoring Network (AURN)
DUP000410,json,uk_air_sos,7347,10525,Toft Newton,6,5125,Toft Newton-Particulate matter less than 10 micro m (aerosol),pm10,18.2,2026-02-19 19:00:00+00,0.000,53.374133 -0.449788,,
DUP000411,aurn,aurn_register,,UKA01027,Derby Stockbrook Park,,,,pm10,,,0,52.916059 -1.492166,UKA01027,Automatic Urban and Rural Monitoring Network (AURN); Black Carbon
DUP000411,json,uk_air_sos,7475,9904,Derby Stockbrook Park,188,5139,Derby Stockbrook Park-Particulate matter less than 10 micro m (aerosol),pm10,16.2,2026-02-19 19:00:00+00,0.000,52.916059 -1.492166,,
DUP000412,aurn,aurn_register,,UKA01038,Tallington,,,,pm10,,,0,52.656308 -0.381000,UKA01038,Automatic Urban and Rural Monitoring Network (AURN)
DUP000412,json,uk_air_sos,7361,10645,Tallington,22,5157,Tallington-Particulate matter less than 10 micro m (aerosol),pm10,8.8,2026-02-19 19:00:00+00,0.000,52.656308 -0.381000,,
DUP000413,aurn,aurn_register,,UKA01048,Nottingham Kenmore Gardens,,,,pm10,,,0,52.959441 -1.138650,UKA01048,Automatic Urban and Rural Monitoring Network (AURN); Non-Automatic Hydrocarbon Network; PAH Digitel (solid phase)
DUP000413,json,uk_air_sos,7350,10540,Nottingham Kenmore Gardens,9,5174,Nottingham Kenmore Gardens-Particulate matter less than 10 micro m (aerosol),pm10,16.1,2026-02-19 19:00:00+00,0.000,52.959441 -1.138650,,
DUP000414,aurn,aurn_register,,UKA01050,Mansfield Ladybrook,,,,pm10,,,0,53.145302 -1.208302,UKA01050,Automatic Urban and Rural Monitoring Network (AURN)
DUP000414,json,uk_air_sos,7357,10632,Mansfield Ladybrook,18,5234,Mansfield Ladybrook-Particulate matter less than 10 micro m (aerosol),pm10,21,2026-02-19 19:00:00+00,0.067,53.145302 -1.208301,,
DUP000415,aurn,aurn_register,,UKA01052,Peterborough Garton End,,,,pm10,,,0,52.594012 -0.248945,UKA01052,Automatic Urban and Rural Monitoring Network (AURN)
DUP000415,json,uk_air_sos,7358,10634,Peterborough Garton End,19,5251,Peterborough Garton End-Particulate matter less than 10 micro m (aerosol),pm10,10.9,2026-02-19 19:00:00+00,0.000,52.594012 -0.248945,,
DUP000416,aurn,aurn_register,,UKA01054,Rotherham East Dene,,,,pm10,,,0,53.436248 -1.323872,UKA01054,Automatic Urban and Rural Monitoring Network (AURN)
DUP000416,json,uk_air_sos,7356,10630,Rotherham East Dene,17,5236,Rotherham East Dene-Particulate matter less than 10 micro m (aerosol),pm10,25.6,2026-02-19 19:00:00+00,0.066,53.436248 -1.323871,,
DUP000417,aurn,aurn_register,,UKA01055,Shrewsbury Underdale,,,,pm10,,,0,52.715083 -2.726833,UKA01055,Automatic Urban and Rural Monitoring Network (AURN); Black Carbon
DUP000417,json,uk_air_sos,7369,10716,Shrewsbury Underdale,32,5267,Shrewsbury Underdale-Particulate matter less than 10 micro m (aerosol),pm10,19,2026-02-19 19:00:00+00,0.000,52.715083 -2.726833,,
DUP000418,aurn,aurn_register,,UKA01061,Worthing East Ten Acres,,,,pm10,,,0,50.817286 -0.353272,UKA01061,Automatic Urban and Rural Monitoring Network (AURN)
DUP000418,json,uk_air_sos,7355,10628,Worthing East Ten Acres,16,5208,Worthing East Ten Acres-Particulate matter less than 10 micro m (aerosol),pm10,10.1,2026-02-19 19:00:00+00,0.000,50.817286 -0.353272,,
DUP000419,aurn,aurn_register,,UKA01062,Birmingham Hall Green,,,,pm10,,,0,52.437553 -1.830956,UKA01062,Automatic Urban and Rural Monitoring Network (AURN)
DUP000419,json,uk_air_sos,7359,10639,Birmingham Hall Green,20,5228,Birmingham Hall Green-Particulate matter less than 10 micro m (aerosol),pm10,17.9,2026-02-19 19:00:00+00,0.000,52.437553 -1.830956,,
DUP000420,aurn,aurn_register,,UKA01064,Maidstone Upper Stone Street,,,,pm10,,,0,51.268519 0.526348,UKA01064,Automatic Urban and Rural Monitoring Network (AURN)
DUP000420,json,uk_air_sos,7365,10706,Maidstone Upper Stone Street,28,5380,Maidstone Upper Stone Street-Particulate matter less than 10 micro m (aerosol),pm10,12.1,2026-02-19 19:00:00+00,0.000,51.268519 0.526348,,
DUP000421,aurn,aurn_register,,UKA01085,Kielder Water,,,,pm10,,,0,55.181580 -2.453170,UKA01085,Automatic Urban and Rural Monitoring Network (AURN)
DUP000421,json,uk_air_sos,7362,10689,Kielder Water,23,5395,Kielder Water-Particulate matter less than 10 micro m (aerosol),pm10,18.9,2026-02-19 19:00:00+00,0.000,55.181580 -2.453170,,
DUP000422,aurn,aurn_register,,UKA01090,Bradford Shipley Airedale Road,,,,pm10,,,0,53.795169 -1.743742,UKA01090,Automatic Urban and Rural Monitoring Network (AURN); Black Carbon
DUP000422,json,uk_air_sos,7363,10694,Bradford Shipley Airedale Road,24,5424,Bradford Shipley Airedale Road-Particulate matter less than 10 micro m (aerosol),pm10,18.7,2026-02-19 19:00:00+00,0.000,53.795169 -1.743742,,
DUP000423,aurn,aurn_register,,UKA01096,Southend Shoeburyness,,,,pm10,,,0,51.537836 0.792578,UKA01096,Automatic Urban and Rural Monitoring Network (AURN)
DUP000423,json,uk_air_sos,7378,11063,Southend Shoeburyness,45,5487,Southend Shoeburyness-Particulate matter less than 10 micro m (aerosol),pm10,9.4,2026-02-19 19:00:00+00,0.000,51.537836 0.792578,,
DUP000424,aurn,aurn_register,,UKA01097,Farnborough Cherrywood,,,,pm10,,,0,51.307583 -0.764982,UKA01097,Automatic Urban and Rural Monitoring Network (AURN)
DUP000424,json,uk_air_sos,7374,11055,Farnborough Cherrywood,41,5483,Farnborough Cherrywood-Particulate matter less than 10 micro m (aerosol),pm10,13.5,2026-02-19 19:00:00+00,0.000,51.307583 -0.764982,,
DUP000425,aurn,aurn_register,,UKA01098,Worcester Tolladine,,,,pm10,,,0,52.209364 -2.180563,UKA01098,Automatic Urban and Rural Monitoring Network (AURN)
DUP000425,json,uk_air_sos,7380,11068,Worcester Tolladine,47,5485,Worcester Tolladine-Particulate matter less than 10 micro m (aerosol),pm10,18.8,2026-02-19 18:00:00+00,0.000,52.209364 -2.180563,,
DUP000426,aurn,aurn_register,,UKA01100,London Norbury Manor School,,,,pm10,,,0,51.410040 -0.127480,UKA01100,Automatic Urban and Rural Monitoring Network (AURN)
DUP000426,json,uk_air_sos,7376,11059,London Norbury Manor School,43,5489,London Norbury Manor School-Particulate matter less than 10 micro m (aerosol),pm10,7.6,2026-02-19 19:00:00+00,0.000,51.410040 -0.127480,,
DUP000427,aurn,aurn_register,,UKA01102,Gloucester Tredworth,,,,pm10,,,0,51.849673 -2.234996,UKA01102,Automatic Urban and Rural Monitoring Network (AURN)
DUP000427,json,uk_air_sos,7375,11057,Gloucester Tredworth,42,5481,Gloucester Tredworth-Particulate matter less than 10 micro m (aerosol),pm10,23.9,2026-02-19 19:00:00+00,0.000,51.849673 -2.234996,,
DUP000428,aurn,aurn_register,,UKA01103,Loughborough Thorpe Acre,,,,pm10,,,0,52.780359 -1.227659,UKA01103,Automatic Urban and Rural Monitoring Network (AURN)
DUP000428,json,uk_air_sos,7377,11061,Loughborough Thorpe Acre,44,5543,Loughborough Thorpe Acre-Particulate matter less than 10 micro m (aerosol),pm10,11.2,2026-02-19 19:00:00+00,0.000,52.780359 -1.227659,,
DUP000429,aurn,aurn_register,,UKA01107,Wakefield Alverthorpe,,,,pm10,,,0,53.687360 -1.522209,UKA01107,Automatic Urban and Rural Monitoring Network (AURN)
DUP000429,json,uk_air_sos,7379,11066,Wakefield Alverthorpe,46,5553,Wakefield Alverthorpe-Particulate matter less than 10 micro m (aerosol),pm10,26.7,2026-02-19 19:00:00+00,0.000,53.687360 -1.522209,,
DUP000430,json,uk_air_sos,1839,785178,Nottingham Centre,,,Nottingham Centre-Volatile PM10,pm10,,,0,52.954730 -1.146447,,
DUP000430,json,uk_air_sos,1836,1056,Nottingham Centre,11,375,Nottingham Centre-Particulate matter less than 10 micro m (aerosol),pm10,,,0.000,52.954730 -1.146447,,
DUP000430,json,uk_air_sos,7425,7546,Nottingham Centre,116,2232,Nottingham Centre-Particulate matter less than 10 micro m (aerosol),pm10,,,0.000,52.954730 -1.146447,,
DUP000430,json,uk_air_sos,1833,785173,Nottingham Centre-Non,,,Nottingham Centre-Non-volatile PM10,pm10,,,0.000,52.954730 -1.146447,,
DUP000431,json,sensorcommunity,123383,44774,Bromley - Ringer's Road,255165,44774:pm10,Sensor.Community 44774,pm10,2.67,2026-02-19 20:06:03+00,0,51.402000 0.016000,,
DUP000431,json,sensorcommunity,26072,24901,Bromley - Ringer's Road,7763,24901:pm10,Sensor.Community 24901,pm10,2.37,2026-02-19 20:04:40+00,0.000,51.402000 0.016000,,
DUP000432,json,openaq,16851,2162809,EEA Carlow Carlow Town County Council Offices,2904,7775086,Carlow Carlow Town County Council Offices,pm10,4.59,2026-02-19 15:00:00+00,0,52.839722 -6.931667,,
DUP000432,json,openaq,16859,2162820,EEA Carlow Carlow Town County Council Offices,2930,8613550,Carlow Carlow Town County Council Offices,pm10,4.59,2026-02-19 15:00:00+00,0.000,52.839722 -6.931667,,
DUP000433,json,uk_air_sos,2046,1114,Sandy Roadside,51,443,Sandy Roadside-Particulate matter less than 10 micro m (aerosol),pm10,,,0,52.132417 -0.300306,,
DUP000433,json,uk_air_sos,7410,7497,Sandy Roadside,98,2300,Sandy Roadside-Particulate matter less than 10 micro m (aerosol),pm10,,,0.000,52.132417 -0.300306,,
DUP000434,json,sensorcommunity,25933,76451,Dinnington - Birkdale Avenue,7451,76451:pm10,Sensor.Community 76451,pm10,60.42,2026-02-19 20:05:06+00,0,53.364202 -1.204220,,
DUP000434,json,sensorcommunity,25949,19406,Dinnington - Birkdale Avenue,7489,19406:pm10,Sensor.Community 19406,pm10,44.83,2026-02-19 20:04:40+00,26.788,53.364000 -1.204000,,
DUP000435,json,sensorcommunity,25972,78004,Shenley - Headingley Close,7541,78004:pm10,Sensor.Community 78004,pm10,18.67,2026-02-19 20:05:37+00,0,51.698000 -0.292000,,
DUP000435,json,sensorcommunity,26011,76953,Shenley - Headingley Close,7628,76953:pm10,Sensor.Community 76953,pm10,19.42,2026-02-19 20:05:48+00,0.000,51.698000 -0.292000,,
DUP000435,json,sensorcommunity,26055,76208,Shenley - Headingley Close,7726,76208:pm10,Sensor.Community 76208,pm10,22.2,2026-02-19 20:06:39+00,0.000,51.698000 -0.292000,,
DUP000435,json,sensorcommunity,26230,22476,Shenley - Headingley Close,8129,22476:pm10,Sensor.Community 22476,pm10,6.47,2026-02-19 17:22:49+00,0.000,51.698000 -0.292000,,
DUP000435,json,sensorcommunity,26237,22015,Shenley - Headingley Close,8145,22015:pm10,Sensor.Community 22015,pm10,31.75,2026-02-19 20:06:41+00,0.000,51.698000 -0.292000,,
DUP000436,json,sensorcommunity,26139,24665,Worsbrough - Manor End,7919,24665:pm10,Sensor.Community 24665,pm10,0,2026-02-19 20:06:48+00,0,53.532000 -1.478000,,
DUP000436,json,sensorcommunity,26189,23146,Worsbrough - Manor End,8035,23146:pm10,Sensor.Community 23146,pm10,13.27,2026-02-19 20:04:33+00,0.000,53.532000 -1.478000,,
DUP000437,json,sensorcommunity,26234,61808,Abernyte - PH14 9PZ,8139,61808:pm10,Sensor.Community 61808,pm10,0.52,2026-02-19 20:06:56+00,0,56.466651 -3.205980,,
DUP000437,json,sensorcommunity,26235,26626,Abernyte - PH14 9PZ,8141,26626:pm10,Sensor.Community 26626,pm10,23.05,2026-02-19 20:06:56+00,3.931,56.466651 -3.205916,,
DUP000437,json,sensorcommunity,26236,26910,Abernyte - PH14 9PZ,8143,26910:pm10,Sensor.Community 26910,pm10,7.28,2026-02-19 20:06:56+00,23.860,56.466675 -3.206366,,
DUP000438,json,sensorcommunity,26241,53245,Salisbury - Poplar Way,8154,53245:pm10,Sensor.Community 53245,pm10,3.22,2026-02-19 20:04:55+00,0,51.090000 -1.786000,,
DUP000438,json,sensorcommunity,26268,53261,Salisbury - Poplar Way,8218,53261:pm10,Sensor.Community 53261,pm10,8.57,2026-02-19 20:05:36+00,0.000,51.090000 -1.786000,,
DUP000439,aurn,aurn_register,,UKA01108,Birmingham University,,,,pm1,,,0,52.455515 -1.928937,UKA01108,Automatic Urban and Rural Monitoring Network (AURN)
DUP000439,json,openaq,16875,2453320,AirGradient University of Birmingham 1,3004,7980455,University of Birmingham 1,pm1,18.0625,2026-02-19 19:00:00+00,5.000,52.455488 -1.928996,,
DUP000439,json,openaq,16872,2453317,AirGradient University of Birmingham 2,2986,7980477,University of Birmingham 2,pm1,21.2208332220713,2026-02-19 19:00:00+00,4.332,52.455500 -1.928996,,
DUP000439,json,openaq,16870,2453314,AirGradient University of Birmingham 3,2974,7980467,University of Birmingham 3,pm1,21.5541663964589,2026-02-19 19:00:00+00,8.260,52.455450 -1.928996,,
DUP000439,json,openaq,16868,2453310,AirGradient University of Birmingham 4,2962,7980463,University of Birmingham 4,pm1,22.6166665554047,2026-02-19 19:00:00+00,13.398,52.455400 -1.928996,,
DUP000439,json,openaq,17082,5224957,"AirGradient University of Birmingham, UK",3746,14383280,"University of Birmingham, UK",pm1,,,4.300,52.455498 -1.928994,,
DUP000439,json,openaq,17146,6230637,"AirGradient University of Birmingham, UK",4058,15376875,"University of Birmingham, UK",pm1,15.6874999205271,2026-02-19 19:00:00+00,6.839,52.455532 -1.928840,,
DUP000439,json,openaq,17083,5224958,"AirGradient University of Birmingham, UK - University of Birmingham",3751,14157103,"University of Birmingham, UK",pm1,,,6.839,52.455532 -1.928840,,
DUP000439,json,openaq,17084,5225907,"AirGradient University of Birmingham, UK - University of Birmingham",3756,14153212,"University of Birmingham, UK",pm1,,,4.300,52.455498 -1.928994,,
DUP000439,json,openaq,17085,5246083,AirGradient Urban Background - University of Birmingham,3761,14153312,Urban Background,pm1,25.1251666704814,2026-02-19 19:00:00+00,4.646,52.455500 -1.929001,,
DUP000440,json,openaq,16840,1793796,AirGradient DN1 Outdoor - Ggg,2861,7977895,DN1 Outdoor,pm1,,,0,51.386262 -0.903457,,
DUP000440,json,openaq,17029,3847750,AirGradient DN2 Outdoor - Ggg,3562,14152554,DN2 Outdoor,pm1,,,11.881,51.386160 -0.903406,,
DUP000441,json,openaq,16877,2484640,AirGradient Hove,3016,7979578,Hove,pm1,,,0,50.834250 -0.176590,,
DUP000441,json,openaq,16843,1965629,AirGradient Pink House,2876,7978282,Pink House,pm1,,,0.000,50.834250 -0.176590,,
DUP000442,json,openaq,16866,2453304,AirGradient Marylebone Road,2950,7970754,Marylebone Road,pm1,,,0,51.522240 -0.156570,,
DUP000442,json,openaq,16874,2453319,AirGradient Marylebone Road,2998,7970746,Marylebone Road,pm1,,,0.000,51.522240 -0.156570,,
DUP000443,json,openaq,16867,2453309,AirGradient Honor Oak Park,2956,9211051,Honor Oak Park,pm1,,,0,51.451186 -0.039428,,
DUP000443,json,openaq,16869,2453312,AirGradient Honor Oak Park,2968,9210429,Honor Oak Park,pm1,,,0.000,51.451186 -0.039428,,
DUP000444,json,openaq,16871,2453315,AirGradient Lensfield Road,2980,7972615,Lensfield Road,pm1,,,0,52.198378 0.125451,,
DUP000444,json,openaq,16873,2453318,AirGradient Lensfield Road,2992,7972643,Lensfield Road,pm1,,,0.000,52.198378 0.125451,,
DUP000444,json,openaq,16876,2453321,AirGradient Lensfield Road,3010,7972616,Lensfield Road,pm1,,,0.000,52.198378 0.125451,,
DUP000445,json,openaq,16911,2834801,AirGradient Northumberland Avenue,3099,9131772,Northumberland Avenue,pm1,,,0,51.435628 -0.962404,,
DUP000445,json,openaq,16915,2858887,AirGradient Northumberland Avenue - RBC,3123,9310450,Northumberland Avenue,pm1,6.22604168241932,2026-02-18 20:00:00+00,9.025,51.435708 -0.962382,,
DUP000446,json,openaq,16912,2847294,AirGradient Thornhill - Scotswolds Ltd,3105,9224149,Thornhill,pm1,,,0,56.161491 -4.161221,,
DUP000446,json,openaq,16913,2847307,AirGradient Thornhill 2 - Scotswolds Ltd,3111,9224211,Thornhill 2,pm1,2.18690475360269,2026-02-19 19:00:00+00,0.000,56.161491 -4.161221,,
DUP000447,json,openaq,16925,2946433,"AirGradient Maiden Lane, London",3183,9915927,"Maiden Lane, London",pm1,,,0,51.542300 -0.128500,,
DUP000447,json,openaq,16926,2946434,"AirGradient Maiden Lane, London",3189,9915923,"Maiden Lane, London",pm1,,,0.000,51.542300 -0.128500,,
DUP000447,json,openaq,16927,2946436,"AirGradient Maiden Lane, London",3195,9915928,"Maiden Lane, London",pm1,,,0.000,51.542300 -0.128500,,
DUP000447,json,openaq,16931,2984093,"AirGradient Maiden Lane, London - GRL_CAU",3219,10081801,"Maiden Lane, London",pm1,8.51517861726738,2026-02-19 19:00:00+00,0.000,51.542300 -0.128500,,
DUP000448,json,openaq,16954,3229969,AirGradient Primrose Hill,3316,11200709,Primrose Hill,pm1,,,0,51.539500 -0.151900,,
DUP000448,json,openaq,16957,3261167,AirGradient Primrose Hill,3334,11280053,Primrose Hill,pm1,,,0.000,51.539500 -0.151900,,
DUP000449,json,openaq,16959,3276502,AirGradient University College Cork,3346,11358428,University College Cork,pm1,,,0,52.500520 -6.570171,,
DUP000449,json,openaq,16963,3290412,AirGradient University College Cork,3370,11462060,University College Cork,pm1,,,0.000,52.500520 -6.570171,,
DUP000450,json,openaq,17011,3400894,AirGradient Kilbowie Rd Clydebank Glasgow - Scotswolds Ltd,3488,14153860,Kilbowie Rd Clydebank Glasgow,pm1,5.38333335518837,2026-02-19 19:00:00+00,0,55.917944 -4.406075,,
DUP000450,json,openaq,16997,3323686,AirGradient Kilbowie Roundabout Clydebank Glasgow,3419,11698453,Kilbowie Roundabout Clydebank Glasgow,pm1,,,25.596,55.918115 -4.406350,,
DUP000451,json,openaq,17087,5261048,AirGradient 2020,3771,14153327,2020,pm1,22.0553333282471,2026-02-19 19:00:00+00,0,52.452788 -1.889752,,
DUP000451,json,openaq,17078,4946351,AirGradient 2020 - drluz,3731,14153069,2020,pm1,10.6496666590373,2026-02-19 19:00:00+00,6.376,52.452737 -1.889709,,
DUP000452,json,openaq,17104,6051929,AirGradient West Gate,3852,14313794,West Gate,pm1,,,0,52.450876 -1.937146,,
DUP000452,json,openaq,17142,6228171,AirGradient West Gate,4038,15357774,West Gate,pm1,17.7458332777023,2026-02-19 19:00:00+00,0.000,52.450876 -1.937146,,
DUP000453,json,openaq,17124,6170400,AirGradient North Gate,3952,14932671,North Gate,pm1,,,0,52.452737 -1.930087,,
DUP000453,json,openaq,17143,6228172,AirGradient North Gate,4043,15357779,North Gate,pm1,17.9249998728434,2026-02-19 19:00:00+00,0.000,52.452737 -1.930087,,
DUP000454,json,openaq,17125,6170472,AirGradient Bournbrook Sports Pitches/ Bristol Rd,3957,14932676,Bournbrook Sports Pitches/ Bristol Rd,pm1,,,0,52.447145 -1.928693,,
DUP000454,json,openaq,17141,6227287,AirGradient Bournbrook Sports Pitches/ Bristol Rd,4033,15351100,Bournbrook Sports Pitches/ Bristol Rd,pm1,17.3666668335597,2026-02-19 19:00:00+00,0.000,52.447145 -1.928693,,
DUP000455,json,openaq,17131,6198773,AirGradient Newnham,3987,15143647,Newnham,pm1,3.85316667556763,2026-02-19 19:00:00+00,0,52.194920 0.112280,,
DUP000455,json,openaq,17132,6198774,AirGradient Newnham,3992,15143652,Newnham,pm1,6.6721666653951,2026-02-19 19:00:00+00,37.462,52.195075 0.111792,,
DUP000455,json,openaq,17134,6199435,AirGradient Newnham,4002,15148559,Newnham,pm1,6.39750000635783,2026-02-19 19:00:00+00,19.192,52.195037 0.112073,,
DUP000456,aurn,aurn_register,,UKA00012,Sibton,,,,pm25,,,0,52.294400 1.463497,UKA00012,Automatic Urban and Rural Monitoring Network (AURN); UKEAP: National Ammonia Monitoring Network
DUP000456,json,uk_air_sos,7511,10916,Sibton,251,5173,Sibton-Particulate matter less than 2.5 micro m (aerosol),pm25,10.943,2026-02-19 19:00:00+00,0.000,52.294400 1.463497,,
DUP000457,aurn,aurn_register,,UKA00152,Lullington Heath,,,,pm25,,,0,50.793700 0.181250,UKA00152,Automatic Urban and Rural Monitoring Network (AURN); UKEAP: Acid Gases & Aerosol Network; UKEAP: National Ammonia Monitoring Network; UKEAP: Precip-Net; UKEAP: Rural NO2
DUP000457,json,uk_air_sos,7603,8781,Lullington Heath,388,4945,Lullington Heath-Particulate matter less than 2.5 micro m (aerosol),pm25,5.849,2026-02-19 19:00:00+00,0.000,50.793700 0.181250,,
DUP000458,aurn,aurn_register,,UKA00166,Lough Navar,,,,pm25,,,0,54.439510 -7.900328,UKA00166,Automatic Urban and Rural Monitoring Network (AURN); Heavy Metals; UKEAP: Acid Gases & Aerosol Network; UKEAP: National Ammonia Monitoring Network; UKEAP: Precip-Net; UKEAP: Rural NO2
DUP000458,json,uk_air_sos,7545,7154,Lough Navar,309,4726,Lough Navar-Particulate matter less than 2.5 micro m (aerosol),pm25,3.774,2026-02-19 19:00:00+00,0.000,54.439510 -7.900328,,
DUP000459,aurn,aurn_register,,UKA00168,Yarner Wood,,,,pm25,,,0,50.597600 -3.716510,UKA00168,Automatic Urban and Rural Monitoring Network (AURN); Heavy Metals; UKEAP: Acid Gases & Aerosol Network; UKEAP: National Ammonia Monitoring Network; UKEAP: Precip-Net; UKEAP: Rural NO2
DUP000459,json,uk_air_sos,7606,8787,Yarner Wood,391,4972,Yarner Wood-Particulate matter less than 2.5 micro m (aerosol),pm25,4.623,2026-02-19 18:00:00+00,0.000,50.597600 -3.716510,,
DUP000460,aurn,aurn_register,,UKA00169,High Muffles,,,,pm25,,,0,54.334497 -0.808820,UKA00169,Automatic Urban and Rural Monitoring Network (AURN); PAH Digitel (solid phase); TOMPs; UKEAP: Acid Gases & Aerosol Network; UKEAP: National Ammonia Monitoring Network; UKEAP: Precip-Net; UKEAP: Rural NO2
DUP000460,json,uk_air_sos,1118,787088,High Muffles,386,4943,High Muffles-Particulate matter less than 2.5 micro m (aerosol),pm25,7.736,2026-02-19 19:00:00+00,0.000,54.334497 -0.808820,,
DUP000461,aurn,aurn_register,,UKA00170,Glazebury,,,,pm25,,,0,53.460080 -2.472056,UKA00170,Automatic Urban and Rural Monitoring Network (AURN); Black Carbon
DUP000461,json,uk_air_sos,7602,8777,Glazebury,385,4941,Glazebury-Particulate matter less than 2.5 micro m (aerosol),pm25,12.83,2026-02-19 19:00:00+00,0.000,53.460080 -2.472056,,
DUP000462,aurn,aurn_register,,UKA00171,Ladybower,,,,pm25,,,0,53.403370 -1.752006,UKA00171,Automatic Urban and Rural Monitoring Network (AURN); Black Carbon; UKEAP: Acid Gases & Aerosol Network; UKEAP: National Ammonia Monitoring Network
DUP000462,json,uk_air_sos,7512,10926,Ladybower,252,5193,Ladybower-Particulate matter less than 2.5 micro m (aerosol),pm25,7.453,2026-02-19 19:00:00+00,0.000,53.403370 -1.752006,,
DUP000463,aurn,aurn_register,,UKA00181,Sheffield Tinsley,,,,pm25,,,0,53.410580 -1.396139,UKA00181,Automatic Urban and Rural Monitoring Network (AURN); Heavy Metals; PAH Digitel (solid phase)
DUP000463,json,uk_air_sos,7598,8769,Sheffield Tinsley,381,4913,Sheffield Tinsley-Particulate matter less than 2.5 micro m (aerosol),pm25,17.17,2026-02-19 19:00:00+00,0.000,53.410580 -1.396139,,
DUP000464,aurn,aurn_register,,UKA00211,London Bloomsbury,,,,pm25,,,0,51.522290 -0.125889,UKA00211,Automatic Urban and Rural Monitoring Network (AURN); Non-Automatic Hydrocarbon Network
DUP000464,json,uk_air_sos,1389,785226,London Bloomsbury,,,London Bloomsbury-Volatile PM2.5,pm25,,,0.000,51.522290 -0.125889,,
DUP000464,json,uk_air_sos,7577,7596,London Bloomsbury,347,2017,London Bloomsbury-Particulate matter less than 2.5 micro m (aerosol),pm25,6.509,2026-02-19 19:00:00+00,0.000,51.522290 -0.125889,,
DUP000464,json,uk_air_sos,1386,845,London Bloomsbury,370,151,London Bloomsbury-Particulate matter less than 2.5 micro m (aerosol),pm25,,,0.000,51.522290 -0.125889,,
DUP000464,json,uk_air_sos,1383,785229,London Bloomsbury-Non,,,London Bloomsbury-Non-volatile PM2.5,pm25,,,0.000,51.522290 -0.125889,,
DUP000465,aurn,aurn_register,,UKA00212,Belfast Centre,,,,pm25,,,0,54.599650 -5.928833,UKA00212,Automatic Urban and Rural Monitoring Network (AURN); Black Carbon; Heavy Metals; Non-Automatic Hydrocarbon Network; UKEAP: National Ammonia Monitoring Network
DUP000465,json,uk_air_sos,287,785211,Belfast Centre,,,Belfast Centre-Volatile PM2.5,pm25,,,0.000,54.599650 -5.928833,,
DUP000465,json,uk_air_sos,7553,7503,Belfast Centre,320,1934,Belfast Centre-Particulate matter less than 2.5 micro m (aerosol),pm25,5.377,2026-02-19 19:00:00+00,0.000,54.599650 -5.928833,,
DUP000465,json,uk_air_sos,283,763,Belfast Centre,352,64,Belfast Centre-Particulate matter less than 2.5 micro m (aerosol),pm25,,,0.000,54.599650 -5.928833,,
DUP000465,json,uk_air_sos,280,785210,Belfast Centre-Non,,,Belfast Centre-Non-volatile PM2.5,pm25,,,0.000,54.599650 -5.928833,,
DUP000466,aurn,aurn_register,,UKA00213,Newcastle Centre,,,,pm25,,,0,54.978250 -1.610528,UKA00213,Automatic Urban and Rural Monitoring Network (AURN); Black Carbon; Non-Automatic Hydrocarbon Network; PAH Digitel (solid phase)
DUP000466,json,uk_air_sos,1765,1045,Newcastle Centre,208,369,Newcastle Centre-Particulate matter less than 2.5 micro m (aerosol),pm25,,,0.000,54.978250 -1.610528,,
DUP000466,json,uk_air_sos,7579,7602,Newcastle Centre,349,2226,Newcastle Centre-Particulate matter less than 2.5 micro m (aerosol),pm25,-99,2026-02-19 19:00:00+00,0.000,54.978250 -1.610528,,
DUP000467,aurn,aurn_register,,UKA00217,Cardiff Centre,,,,pm25,,,0,51.481780 -3.176250,UKA00217,Automatic Urban and Rural Monitoring Network (AURN); Black Carbon
DUP000467,json,uk_air_sos,505,785205,Cardiff Centre,,,Cardiff Centre-Volatile PM2.5,pm25,,,0.000,51.481780 -3.176250,,
DUP000467,json,uk_air_sos,7581,7800,Cardiff Centre,355,1995,Cardiff Centre-Particulate matter less than 2.5 micro m (aerosol),pm25,9,2026-02-19 19:00:00+00,0.000,51.481780 -3.176250,,
DUP000467,json,uk_air_sos,502,818,Cardiff Centre,367,128,Cardiff Centre-Particulate matter less than 2.5 micro m (aerosol),pm25,,,0.000,51.481780 -3.176250,,
DUP000467,json,uk_air_sos,499,785204,Cardiff Centre-Non,,,Cardiff Centre-Non-volatile PM2.5,pm25,,,0.000,51.481780 -3.176250,,
DUP000468,aurn,aurn_register,,UKA00220,Middlesbrough,,,,pm25,,,0,54.569297 -1.220874,UKA00220,Automatic Urban and Rural Monitoring Network (AURN); Non-Automatic Hydrocarbon Network; PAH Digitel (solid phase)
DUP000468,json,uk_air_sos,1710,785251,Middlesbrough,,,Middlesbrough-Volatile PM2.5,pm25,,,0.000,54.569297 -1.220874,,
DUP000468,json,uk_air_sos,1706,1024,Middlesbrough,206,349,Middlesbrough-Particulate matter less than 2.5 micro m (aerosol),pm25,,,0.000,54.569297 -1.220874,,
DUP000468,json,uk_air_sos,7578,7599,Middlesbrough,348,2206,Middlesbrough-Particulate matter less than 2.5 micro m (aerosol),pm25,-99,2026-02-19 19:00:00+00,0.000,54.569297 -1.220874,,
DUP000468,json,uk_air_sos,1703,785250,Middlesbrough-Non,,,Middlesbrough-Non-volatile PM2.5,pm25,,,0.000,54.569297 -1.220874,,
DUP000469,aurn,aurn_register,,UKA00222,Leeds Centre,,,,pm25,,,0,53.803780 -1.546472,UKA00222,Automatic Urban and Rural Monitoring Network (AURN); Non-Automatic Hydrocarbon Network
DUP000469,json,uk_air_sos,7574,7589,Leeds Centre,344,2163,Leeds Centre-Particulate matter less than 2.5 micro m (aerosol),pm25,14.717,2026-02-19 18:00:00+00,0.000,53.803780 -1.546472,,
DUP000469,json,uk_air_sos,1274,983,Leeds Centre,404,306,Leeds Centre-Particulate matter less than 2.5 micro m (aerosol),pm25,,,0.000,53.803780 -1.546472,,
DUP000470,aurn,aurn_register,,UKA00235,Southampton Centre,,,,pm25,,,0,50.908173 -1.395757,UKA00235,Automatic Urban and Rural Monitoring Network (AURN); Non-Automatic Hydrocarbon Network; PAH Digitel (solid phase)
DUP000470,json,uk_air_sos,2160,785219,Southampton Centre,,,Southampton Centre-Volatile PM2.5,pm25,,,3.954,50.908140 -1.395778,,
DUP000470,json,uk_air_sos,2157,1138,Southampton Centre,270,468,Southampton Centre-Particulate matter less than 2.5 micro m (aerosol),pm25,,,0.000,50.908173 -1.395757,,
DUP000470,json,uk_air_sos,2154,785218,Southampton Centre-Non,,,Southampton Centre-Non-volatile PM2.5,pm25,,,3.954,50.908140 -1.395778,,
DUP000471,aurn,aurn_register,,UKA00238,London Bexley,,,,pm25,,,0,51.466030 0.184806,UKA00238,Automatic Urban and Rural Monitoring Network (AURN)
DUP000471,json,breathelondon,7737,CLDP0013,Slade Green (reference co-location),47821,CLDP0013:IPM25,Slade Green (reference co-location),pm25,22.7696,2026-02-19 18:00:00+00,7.096,51.465984 0.184877,,
DUP000471,json,uk_air_sos,1375,768,London Bexley,353,68,London Bexley-Particulate matter less than 2.5 micro m (aerosol),pm25,,,0.000,51.466030 0.184806,,
DUP000471,json,uk_air_sos,7582,7801,London Bexley,356,1938,London Bexley-Particulate matter less than 2.5 micro m (aerosol),pm25,-99,2026-02-19 19:00:00+00,0.000,51.466030 0.184806,,
DUP000472,aurn,aurn_register,,UKA00247,Liverpool Speke,,,,pm25,,,0,53.346330 -2.844333,UKA00247,Automatic Urban and Rural Monitoring Network (AURN); Non-Automatic Hydrocarbon Network; PAH Digitel (solid phase)
DUP000472,json,uk_air_sos,1369,785217,Liverpool Speke,,,Liverpool Speke-Volatile PM2.5,pm25,,,0.000,53.346330 -2.844333,,
DUP000472,json,uk_air_sos,1365,1009,Liverpool Speke,204,332,Liverpool Speke-Particulate matter less than 2.5 micro m (aerosol),pm25,,,0.000,53.346330 -2.844333,,
DUP000472,json,uk_air_sos,7544,7152,Liverpool Speke,308,2189,Liverpool Speke-Particulate matter less than 2.5 micro m (aerosol),pm25,17,2026-02-19 19:00:00+00,0.000,53.346330 -2.844333,,
DUP000472,json,uk_air_sos,1362,785216,Liverpool Speke-Non,,,Liverpool Speke-Non-volatile PM2.5,pm25,,,0.000,53.346330 -2.844333,,
DUP000473,aurn,aurn_register,,UKA00248,Manchester Piccadilly,,,,pm25,,,0,53.481520 -2.237881,UKA00248,Automatic Urban and Rural Monitoring Network (AURN); Non-Automatic Hydrocarbon Network
DUP000473,json,uk_air_sos,1654,785241,Manchester Piccadilly,,,Manchester Piccadilly-Volatile PM2.5,pm25,,,0.000,53.481520 -2.237881,,
DUP000473,json,uk_air_sos,1652,1014,Manchester Piccadilly,205,340,Manchester Piccadilly-Particulate matter less than 2.5 micro m (aerosol),pm25,,,0.000,53.481520 -2.237881,,
DUP000473,json,uk_air_sos,7584,7992,Manchester Piccadilly,360,2197,Manchester Piccadilly-Particulate matter less than 2.5 micro m (aerosol),pm25,18.962,2026-02-19 19:00:00+00,0.000,53.481520 -2.237881,,
DUP000473,json,uk_air_sos,1649,785240,Manchester Piccadilly-Non,,,Manchester Piccadilly-Non-volatile PM2.5,pm25,,,0.000,53.481520 -2.237881,,
DUP000474,aurn,aurn_register,,UKA00251,Rochester Stoke,,,,pm25,,,0,51.456170 0.634889,UKA00251,Automatic Urban and Rural Monitoring Network (AURN)
DUP000474,json,uk_air_sos,1972,785341,Rochester Stoke,,,Rochester Stoke-Volatile PM2.5,pm25,,,0.000,51.456170 0.634889,,
DUP000474,json,uk_air_sos,1969,2734,Rochester Stoke,281,435,Rochester Stoke-Particulate matter less than 2.5 micro m (aerosol),pm25,,,0.000,51.456170 0.634889,,
DUP000474,json,uk_air_sos,7546,7160,Rochester Stoke,311,2292,Rochester Stoke-Particulate matter less than 2.5 micro m (aerosol),pm25,7.736,2026-02-19 19:00:00+00,0.000,51.456170 0.634889,,
DUP000474,json,uk_air_sos,1966,785340,Rochester Stoke-Non,,,Rochester Stoke-Non-volatile PM2.5,pm25,,,0.000,51.456170 0.634889,,
DUP000475,aurn,aurn_register,,UKA00253,London N. Kensington,,,,pm25,,,0,51.521050 -0.213419,UKA00253,Automatic Urban and Rural Monitoring Network (AURN); Black Carbon
DUP000475,json,uk_air_sos,1580,785285,London N. Kensington,,,London N. Kensington-Volatile PM2.5,pm25,,,5.051,51.521050 -0.213492,,
DUP000475,json,uk_air_sos,1575,962,London N. Kensington,354,2135,London N. Kensington-Particulate matter less than 2.5 micro m (aerosol),pm25,6.038,2026-02-19 19:00:00+00,5.051,51.521050 -0.213492,,
DUP000475,json,uk_air_sos,1572,785284,London N. Kensington-Non,,,London N. Kensington-Non-volatile PM2.5,pm25,,,5.051,51.521050 -0.213492,,
DUP000476,aurn,aurn_register,,UKA00259,Camden Kerbside,,,,pm25,,,0,51.544233 -0.175228,UKA00259,Automatic Urban and Rural Monitoring Network (AURN)
DUP000476,json,uk_air_sos,479,785293,Camden Kerbside,,,Camden Kerbside-Volatile PM2.5,pm25,,,3.818,51.544210 -0.175269,,
DUP000476,json,uk_air_sos,477,806,Camden Kerbside,361,5,Camden Kerbside-Particulate matter less than 2.5 micro m (aerosol),pm25,,,3.818,51.544210 -0.175269,,
DUP000476,json,uk_air_sos,475,785292,Camden Kerbside-Non,,,Camden Kerbside-Non-volatile PM2.5,pm25,,,3.818,51.544210 -0.175269,,
DUP000477,aurn,aurn_register,,UKA00265,Leamington Spa,,,,pm25,,,0,52.288810 -1.533119,UKA00265,Automatic Urban and Rural Monitoring Network (AURN); Non-Automatic Hydrocarbon Network
DUP000477,json,uk_air_sos,1266,785249,Leamington Spa,,,Leamington Spa-Volatile PM2.5,pm25,,,0.000,52.288810 -1.533119,,
DUP000477,json,uk_air_sos,7561,7538,Leamington Spa,330,2145,Leamington Spa-Particulate matter less than 2.5 micro m (aerosol),pm25,16.132,2026-02-19 19:00:00+00,0.000,52.288810 -1.533119,,
DUP000477,json,uk_air_sos,1254,968,Leamington Spa,401,288,Leamington Spa-Particulate matter less than 2.5 micro m (aerosol),pm25,,,0.000,52.288810 -1.533119,,
DUP000477,json,uk_air_sos,1251,785248,Leamington Spa-Non,,,Leamington Spa-Non-volatile PM2.5,pm25,,,0.000,52.288810 -1.533119,,
DUP000478,aurn,aurn_register,,UKA00266,London Hillingdon,,,,pm25,,,0,51.496330 -0.460861,UKA00266,Automatic Urban and Rural Monitoring Network (AURN)
DUP000478,json,uk_air_sos,7597,8767,London Hillingdon,380,4914,London Hillingdon-Particulate matter less than 2.5 micro m (aerosol),pm25,10.566,2026-02-19 19:00:00+00,0.000,51.496330 -0.460861,,
DUP000479,aurn,aurn_register,,UKA00272,Thurrock,,,,pm25,,,0,51.477070 0.317969,UKA00272,Automatic Urban and Rural Monitoring Network (AURN)
DUP000479,json,uk_air_sos,7609,8947,Thurrock,396,5012,Thurrock-Particulate matter less than 2.5 micro m (aerosol),pm25,6.698,2026-02-19 19:00:00+00,0.000,51.477070 0.317969,,
DUP000480,aurn,aurn_register,,UKA00315,London Marylebone Road,,,,pm25,,,0,51.522530 -0.154611,UKA00315,Automatic Hydrocarbon Network; Automatic Urban and Rural Monitoring Network (AURN); Black Carbon; Heavy Metals; PAH Digitel (solid phase); Particle Concentrations and Numbers Network; UK Urban NO2 Network
DUP000480,json,uk_air_sos,1565,785311,London Marylebone Road,,,London Marylebone Road-Volatile PM2.5,pm25,,,0.000,51.522530 -0.154611,,
DUP000480,json,uk_air_sos,1556,1033,London Marylebone Road,207,359,London Marylebone Road-Particulate matter less than 2.5 micro m (aerosol),pm25,,,0.000,51.522530 -0.154611,,
DUP000480,json,uk_air_sos,7608,8909,London Marylebone Road,395,2216,London Marylebone Road-Particulate matter less than 2.5 micro m (aerosol),pm25,18,2026-02-19 19:00:00+00,0.000,51.522530 -0.154611,,
DUP000480,json,uk_air_sos,1549,785310,London Marylebone Road-Non,,,London Marylebone Road-Non-volatile PM2.5,pm25,,,0.000,51.522530 -0.154611,,
DUP000481,aurn,aurn_register,,UKA00323,Narberth,,,,pm25,,,0,51.782616 -4.692370,UKA00323,Automatic Urban and Rural Monitoring Network (AURN); UKEAP: Acid Gases & Aerosol Network; UKEAP: National Ammonia Monitoring Network
DUP000481,json,uk_air_sos,1734,786101,Narberth,310,4713,Narberth-Particulate matter less than 2.5 micro m (aerosol),pm25,5.755,2026-02-19 19:00:00+00,0.000,51.782616 -4.692370,,
DUP000482,aurn,aurn_register,,UKA00337,Stoke-on-Trent Centre,,,,pm25,,,0,53.028210 -2.175133,UKA00337,Automatic Urban and Rural Monitoring Network (AURN); Non-Automatic Hydrocarbon Network
DUP000482,json,uk_air_sos,2256,1143,Stoke-on-Trent Centre,271,474,Stoke-on-Trent Centre-Particulate matter less than 2.5 micro m (aerosol),pm25,,,0.000,53.028210 -2.175133,,
DUP000482,json,uk_air_sos,7569,7566,Stoke-on-Trent Centre,339,2330,Stoke-on-Trent Centre-Particulate matter less than 2.5 micro m (aerosol),pm25,15.472,2026-02-19 19:00:00+00,0.000,53.028210 -2.175133,,
DUP000483,aurn,aurn_register,,UKA00339,Salford Eccles,,,,pm25,,,0,53.484810 -2.334139,UKA00339,Automatic Urban and Rural Monitoring Network (AURN); PAH Digitel (solid phase)
DUP000483,json,uk_air_sos,2037,785245,Salford Eccles,,,Salford Eccles-Volatile PM2.5,pm25,,,0.000,53.484810 -2.334139,,
DUP000483,json,uk_air_sos,7536,7108,Salford Eccles,300,2050,Salford Eccles-Particulate matter less than 2.5 micro m (aerosol),pm25,22.359,2026-02-19 19:00:00+00,0.000,53.484810 -2.334139,,
DUP000483,json,uk_air_sos,2033,877,Salford Eccles,387,190,Salford Eccles-Particulate matter less than 2.5 micro m (aerosol),pm25,,,0.000,53.484810 -2.334139,,
DUP000483,json,uk_air_sos,2030,785244,Salford Eccles-Non,,,Salford Eccles-Non-volatile PM2.5,pm25,,,0.000,53.484810 -2.334139,,
DUP000484,aurn,aurn_register,,UKA00353,Barnsley Gawber,,,,pm25,,,0,53.562920 -1.510436,UKA00353,Automatic Urban and Rural Monitoring Network (AURN); Black Carbon; Non-Automatic Hydrocarbon Network
DUP000484,json,uk_air_sos,7610,9900,Barnsley Gawber,405,5074,Barnsley Gawber-Particulate matter less than 2.5 micro m (aerosol),pm25,18.585,2026-02-19 19:00:00+00,0.000,53.562920 -1.510436,,
DUP000485,aurn,aurn_register,,UKA00360,Plymouth Centre,,,,pm25,,,0,50.371670 -4.142361,UKA00360,Automatic Urban and Rural Monitoring Network (AURN); PAH Digitel (solid phase)
DUP000485,json,uk_air_sos,1890,1085,Plymouth Centre,249,409,Plymouth Centre-Particulate matter less than 2.5 micro m (aerosol),pm25,,,0.000,50.371670 -4.142361,,
DUP000485,json,uk_air_sos,7587,8134,Plymouth Centre,364,2266,Plymouth Centre-Particulate matter less than 2.5 micro m (aerosol),pm25,7.076,2026-02-19 19:00:00+00,0.000,50.371670 -4.142361,,
DUP000486,aurn,aurn_register,,UKA00362,Wicken Fen,,,,pm25,,,0,52.298500 0.290917,UKA00362,Automatic Urban and Rural Monitoring Network (AURN); Black Carbon
DUP000486,json,uk_air_sos,7605,8785,Wicken Fen,390,4957,Wicken Fen-Particulate matter less than 2.5 micro m (aerosol),pm25,7.642,2026-02-19 19:00:00+00,0.000,52.298500 0.290917,,
DUP000487,aurn,aurn_register,,UKA00380,Newport,,,,pm25,,,0,51.601203 -2.977281,UKA00380,Automatic Urban and Rural Monitoring Network (AURN); Non-Automatic Hydrocarbon Network; PAH Digitel (solid phase)
DUP000487,json,uk_air_sos,1803,785267,Newport,,,Newport-Volatile PM2.5,pm25,,,0.000,51.601203 -2.977281,,
DUP000487,json,uk_air_sos,1800,1061,Newport,216,384,Newport-Particulate matter less than 2.5 micro m (aerosol),pm25,,,0.000,51.601203 -2.977281,,
DUP000487,json,uk_air_sos,7537,7112,Newport,301,2241,Newport-Particulate matter less than 2.5 micro m (aerosol),pm25,6.038,2026-02-19 19:00:00+00,0.000,51.601203 -2.977281,,
DUP000487,json,uk_air_sos,1798,785266,Newport-Non,,,Newport-Non-volatile PM2.5,pm25,,,0.000,51.601203 -2.977281,,
DUP000488,aurn,aurn_register,,UKA00381,Scunthorpe Town,,,,pm25,,,0,53.586340 -0.636811,UKA00381,Automatic Urban and Rural Monitoring Network (AURN); Heavy Metals; Non-Automatic Hydrocarbon Network; PAH Digitel (solid phase)
DUP000488,json,uk_air_sos,7524,11072,Scunthorpe Town,266,5506,Scunthorpe Town-Particulate matter less than 2.5 micro m (aerosol),pm25,-99,2026-02-19 19:00:00+00,0.000,53.586340 -0.636811,,
DUP000489,aurn,aurn_register,,UKA00406,Wirral Tranmere,,,,pm25,,,0,53.372870 -3.022722,UKA00406,Automatic Urban and Rural Monitoring Network (AURN)
DUP000489,json,uk_air_sos,2393,1168,Wirral Tranmere,274,502,Wirral Tranmere-Particulate matter less than 2.5 micro m (aerosol),pm25,,,0.000,53.372870 -3.022722,,
DUP000489,json,uk_air_sos,7572,7577,Wirral Tranmere,342,2358,Wirral Tranmere-Particulate matter less than 2.5 micro m (aerosol),pm25,14.906,2026-02-19 19:00:00+00,0.000,53.372870 -3.022722,,
DUP000490,aurn,aurn_register,,UKA00408,Preston,,,,pm25,,,0,53.765590 -2.680353,UKA00408,Automatic Urban and Rural Monitoring Network (AURN); PAH Digitel (solid phase)
DUP000490,json,uk_air_sos,1946,785273,Preston,,,Preston-Volatile PM2.5,pm25,,,0.000,53.765590 -2.680353,,
DUP000490,json,uk_air_sos,1945,1094,Preston,253,418,Preston-Particulate matter less than 2.5 micro m (aerosol),pm25,,,0.000,53.765590 -2.680353,,
DUP000490,json,uk_air_sos,7566,7554,Preston,336,2275,Preston-Particulate matter less than 2.5 micro m (aerosol),pm25,17.642,2026-02-19 19:00:00+00,0.000,53.765590 -2.680353,,
DUP000490,json,uk_air_sos,1942,785272,Preston-Non,,,Preston-Non-volatile PM2.5,pm25,,,0.000,53.765590 -2.680353,,
DUP000491,aurn,aurn_register,,UKA00409,Southend-on-Sea,,,,pm25,,,0,51.544166 0.678331,UKA00409,Automatic Urban and Rural Monitoring Network (AURN)
DUP000491,json,uk_air_sos,2166,1119,Southend-on-Sea,269,450,Southend-on-Sea-Particulate matter less than 2.5 micro m (aerosol),pm25,,,0.000,51.544166 0.678331,,
DUP000491,json,uk_air_sos,7568,7564,Southend-on-Sea,338,2307,Southend-on-Sea-Particulate matter less than 2.5 micro m (aerosol),pm25,9.151,2026-02-19 19:00:00+00,0.000,51.544166 0.678331,,
DUP000492,aurn,aurn_register,,UKA00420,Grangemouth,,,,pm25,,,0,56.010319 -3.704399,UKA00420,Automatic Urban and Rural Monitoring Network (AURN); Non-Automatic Hydrocarbon Network
DUP000492,json,uk_air_sos,919,785237,Grangemouth,,,Grangemouth-Volatile PM2.5,pm25,,,0.000,56.010319 -3.704399,,
DUP000492,json,uk_air_sos,7543,7146,Grangemouth,307,2085,Grangemouth-Particulate matter less than 2.5 micro m (aerosol),pm25,5,2026-02-19 19:00:00+00,0.000,56.010319 -3.704399,,
DUP000492,json,uk_air_sos,916,908,Grangemouth,397,225,Grangemouth-Particulate matter less than 2.5 micro m (aerosol),pm25,,,0.000,56.010319 -3.704399,,
DUP000492,json,uk_air_sos,914,785236,Grangemouth-Non,,,Grangemouth-Non-volatile PM2.5,pm25,,,0.000,56.010319 -3.704399,,
DUP000493,aurn,aurn_register,,UKA00421,Portsmouth,,,,pm25,,,0,50.828810 -1.068583,UKA00421,Automatic Urban and Rural Monitoring Network (AURN); PAH Digitel (solid phase)
DUP000493,json,uk_air_sos,1905,785269,Portsmouth,,,Portsmouth-Volatile PM2.5,pm25,,,0.000,50.828810 -1.068583,,
DUP000493,json,uk_air_sos,1904,1090,Portsmouth,250,414,Portsmouth-Particulate matter less than 2.5 micro m (aerosol),pm25,,,0.000,50.828810 -1.068583,,
DUP000493,json,uk_air_sos,7565,7552,Portsmouth,335,2271,Portsmouth-Particulate matter less than 2.5 micro m (aerosol),pm25,8.302,2026-02-19 19:00:00+00,0.000,50.828810 -1.068583,,
DUP000493,json,uk_air_sos,1901,785268,Portsmouth-Non,,,Portsmouth-Non-volatile PM2.5,pm25,,,0.000,50.828810 -1.068583,,
DUP000494,aurn,aurn_register,,UKA00429,Bournemouth,,,,pm25,,,0,50.739570 -1.826744,UKA00429,Automatic Urban and Rural Monitoring Network (AURN)
DUP000494,json,uk_air_sos,7527,6877,Bournemouth,290,4612,Bournemouth-Particulate matter less than 2.5 micro m (aerosol),pm25,8,2026-02-19 19:00:00+00,0.000,50.739570 -1.826744,,
DUP000495,aurn,aurn_register,,UKA00433,Weybourne,,,,pm25,,,0,52.950490 1.122017,UKA00433,Automatic Urban and Rural Monitoring Network (AURN); Ozone / UV; TOMPs
DUP000495,json,uk_air_sos,7478,10535,Weybourne,211,5023,Weybourne-Particulate matter less than 2.5 micro m (aerosol),pm25,30,2026-02-19 18:00:00+00,0.000,52.950490 1.122017,,
DUP000496,aurn,aurn_register,,UKA00434,Inverness,,,,pm25,,,0,57.481308 -4.241451,UKA00434,Automatic Urban and Rural Monitoring Network (AURN)
DUP000496,json,uk_air_sos,7532,7092,Inverness,295,4725,Inverness-Particulate matter less than 2.5 micro m (aerosol),pm25,9.811,2026-02-19 18:00:00+00,0.000,57.481308 -4.241451,,
DUP000497,aurn,aurn_register,,UKA00435,London Westminster,,,,pm25,,,0,51.494670 -0.131931,UKA00435,Automatic Urban and Rural Monitoring Network (AURN); Heavy Metals
DUP000497,json,uk_air_sos,7533,7093,London Westminster,296,4692,London Westminster-Particulate matter less than 2.5 micro m (aerosol),pm25,7.7,2026-02-19 19:00:00+00,0.000,51.494670 -0.131931,,
DUP000498,aurn,aurn_register,,UKA00440,Wrexham,,,,pm25,,,0,53.042282 -3.002829,UKA00440,Automatic Urban and Rural Monitoring Network (AURN)
DUP000498,json,uk_air_sos,2407,786085,Wrexham,298,4727,Wrexham-Particulate matter less than 2.5 micro m (aerosol),pm25,9.245,2026-02-19 18:00:00+00,0.000,53.042282 -3.002829,,
DUP000499,aurn,aurn_register,,UKA00445,St Osyth,,,,pm25,,,0,51.777874 1.049010,UKA00445,Automatic Urban and Rural Monitoring Network (AURN); Black Carbon
DUP000499,json,uk_air_sos,7604,8783,St Osyth,389,4910,St Osyth-Particulate matter less than 2.5 micro m (aerosol),pm25,9.057,2026-02-19 19:00:00+00,0.000,51.777874 1.049010,,
DUP000500,aurn,aurn_register,,UKA00450,Hull Freetown,,,,pm25,,,0,53.748780 -0.341222,UKA00450,Automatic Urban and Rural Monitoring Network (AURN)
DUP000500,json,uk_air_sos,7560,7536,Hull Freetown,329,2126,Hull Freetown-Particulate matter less than 2.5 micro m (aerosol),pm25,16.415,2026-02-19 19:00:00+00,0.000,53.748780 -0.341222,,
DUP000500,json,uk_air_sos,1166,949,Hull Freetown,399,266,Hull Freetown-Particulate matter less than 2.5 micro m (aerosol),pm25,,,0.000,53.748780 -0.341222,,
DUP000501,aurn,aurn_register,,UKA00451,Auchencorth Moss,,,,pm25,,,0,55.792160 -3.242900,UKA00451,Automatic Hydrocarbon Network; Automatic Urban and Rural Monitoring Network (AURN); Black Carbon; Heavy Metals; PAH Deposition; PAH Digitel (solid phase); Particle Size Composition; Rural Automatic Mercury network; TOMPs; UKEAP: Acid Gases & Aerosol Network; UKEAP: MARGA Network; UKEAP: National Ammonia Monitoring Network; UKEAP: Precip-Net; UKEAP: Precip-Net; UKEAP: Rural NO2
DUP000501,json,uk_air_sos,127,2666,Auchencorth Moss,,,Auchencorth Moss-Elemental carbon in PM2.5 in aerosol,pm25,,,0.000,55.792160 -3.242900,,
DUP000501,json,uk_air_sos,148,720960,Auchencorth Moss,,,Auchencorth Moss-magnesium in PM2.5 in aerosol,pm25,,,0.000,55.792160 -3.242900,,
DUP000501,json,uk_air_sos,149,3025,Auchencorth Moss,,,Auchencorth Moss-Mercury in PM2.5 in aerosol,pm25,,,0.000,55.792160 -3.242900,,
DUP000501,json,uk_air_sos,162,720962,Auchencorth Moss,,,Auchencorth Moss-Nitrate in PM2.5 in aerosol,pm25,,,0.000,55.792160 -3.242900,,
DUP000501,json,uk_air_sos,167,2664,Auchencorth Moss,,,Auchencorth Moss-Organic carbon in PM2.5 in aerosol,pm25,,,0.000,55.792160 -3.242900,,
DUP000501,json,uk_air_sos,179,720959,Auchencorth Moss,,,Auchencorth Moss-potassium in PM2.5 in aerosol,pm25,,,0.000,55.792160 -3.242900,,
DUP000501,json,uk_air_sos,186,720957,Auchencorth Moss,,,Auchencorth Moss-sodium in PM2.5 in aerosol,pm25,,,0.000,55.792160 -3.242900,,
DUP000501,json,uk_air_sos,187,780356,Auchencorth Moss,,,Auchencorth Moss-sulphate in PM2.5 in aerosol,pm25,,,0.000,55.792160 -3.242900,,
DUP000501,json,uk_air_sos,193,785189,Auchencorth Moss,,,Auchencorth Moss-Volatile PM2.5,pm25,,,0.000,55.792160 -3.242900,,
DUP000501,json,uk_air_sos,56,720956,Auchencorth Moss,,,Auchencorth Moss-Ammonium in PM2.5 in aerosol,pm25,,,0.000,55.792160 -3.242900,,
DUP000501,json,uk_air_sos,96,780355,Auchencorth Moss,,,Auchencorth Moss-calcium in PM2.5 in aerosol,pm25,,,0.000,55.792160 -3.242900,,
DUP000501,json,uk_air_sos,97,720961,Auchencorth Moss,,,Auchencorth Moss-chloride in PM2.5 in aerosol,pm25,,,0.000,55.792160 -3.242900,,
DUP000501,json,uk_air_sos,171,2677,Auchencorth Moss,280,25,Auchencorth Moss-Particulate matter less than 2.5 micro m (aerosol),pm25,,,0.000,55.792160 -3.242900,,
DUP000501,json,uk_air_sos,7535,7106,Auchencorth Moss,299,1908,Auchencorth Moss-Particulate matter less than 2.5 micro m (aerosol),pm25,9.057,2026-02-19 19:00:00+00,0.000,55.792160 -3.242900,,
DUP000501,json,uk_air_sos,165,785188,Auchencorth Moss-Non,,,Auchencorth Moss-Non-volatile PM2.5,pm25,,,0.000,55.792160 -3.242900,,
DUP000502,aurn,aurn_register,,UKA00454,Edinburgh St Leonards,,,,pm25,,,0,55.945589 -3.182186,UKA00454,Automatic Urban and Rural Monitoring Network (AURN); PAH Digitel (solid phase)
DUP000502,json,uk_air_sos,822,785213,Edinburgh St Leonards,,,Edinburgh St Leonards-Volatile PM2.5,pm25,,,0.000,55.945589 -3.182186,,
DUP000502,json,uk_air_sos,7559,7529,Edinburgh St Leonards,328,2056,Edinburgh St Leonards-Particulate matter less than 2.5 micro m (aerosol),pm25,10.943,2026-02-19 19:00:00+00,0.000,55.945589 -3.182186,,
DUP000502,json,uk_air_sos,818,884,Edinburgh St Leonards,392,196,Edinburgh St Leonards-Particulate matter less than 2.5 micro m (aerosol),pm25,,,0.000,55.945589 -3.182186,,
DUP000502,json,uk_air_sos,815,785212,Edinburgh St Leonards-Non,,,Edinburgh St Leonards-Non-volatile PM2.5,pm25,,,0.000,55.945589 -3.182186,,
DUP000503,aurn,aurn_register,,UKA00462,Reading New Town,,,,pm25,,,0,51.453090 -0.944067,UKA00462,Automatic Urban and Rural Monitoring Network (AURN)
DUP000503,json,uk_air_sos,1960,785207,Reading New Town,,,Reading New Town-Volatile PM2.5,pm25,,,0.000,51.453090 -0.944067,,
DUP000503,json,uk_air_sos,7481,10548,Reading New Town,214,2287,Reading New Town-Particulate matter less than 2.5 micro m (aerosol),pm25,12.547,2026-02-19 19:00:00+00,0.000,51.453090 -0.944067,,
DUP000503,json,uk_air_sos,1958,1107,Reading New Town,267,430,Reading New Town-Particulate matter less than 2.5 micro m (aerosol),pm25,,,0.000,51.453090 -0.944067,,
DUP000503,json,uk_air_sos,1955,785206,Reading New Town-Non,,,Reading New Town-Non-volatile PM2.5,pm25,,,0.000,51.453090 -0.944067,,
DUP000504,aurn,aurn_register,,UKA00472,London Harlington,,,,pm25,,,0,51.488790 -0.441614,UKA00472,Automatic Urban and Rural Monitoring Network (AURN)
DUP000504,json,uk_air_sos,1487,785271,London Harlington,,,London Harlington-Volatile PM2.5,pm25,,,0.000,51.488790 -0.441614,,
DUP000504,json,uk_air_sos,7530,7039,London Harlington,293,2122,London Harlington-Particulate matter less than 2.5 micro m (aerosol),pm25,8.243,2026-02-19 19:00:00+00,0.000,51.488790 -0.441614,,
DUP000504,json,uk_air_sos,1480,785270,London Harlington-Non,,,London Harlington-Non-volatile PM2.5,pm25,,,0.000,51.488790 -0.441614,,
DUP000505,aurn,aurn_register,,UKA00482,Wigan Centre,,,,pm25,,,0,53.549140 -2.638139,UKA00482,Automatic Urban and Rural Monitoring Network (AURN)
DUP000505,json,uk_air_sos,2387,785265,Wigan Centre,,,Wigan Centre-Volatile PM2.5,pm25,,,0.000,53.549140 -2.638139,,
DUP000505,json,uk_air_sos,2386,1179,Wigan Centre,276,518,Wigan Centre-Particulate matter less than 2.5 micro m (aerosol),pm25,,,0.000,53.549140 -2.638139,,
DUP000505,json,uk_air_sos,7571,7574,Wigan Centre,341,2374,Wigan Centre-Particulate matter less than 2.5 micro m (aerosol),pm25,15.377,2026-02-19 18:00:00+00,0.000,53.549140 -2.638139,,
DUP000505,json,uk_air_sos,2383,785264,Wigan Centre-Non,,,Wigan Centre-Non-volatile PM2.5,pm25,,,0.000,53.549140 -2.638139,,
DUP000506,aurn,aurn_register,,UKA00483,Brighton Preston Park,,,,pm25,,,0,50.840836 -0.147572,UKA00483,Automatic Urban and Rural Monitoring Network (AURN)
DUP000506,json,uk_air_sos,7482,10621,Brighton Preston Park,217,4812,Brighton Preston Park-Particulate matter less than 2.5 micro m (aerosol),pm25,6.698,2026-02-19 19:00:00+00,0.000,50.840836 -0.147572,,
DUP000507,aurn,aurn_register,,UKA00484,Sunderland Silksworth,,,,pm25,,,0,54.883610 -1.406878,UKA00484,Automatic Urban and Rural Monitoring Network (AURN)
DUP000507,json,uk_air_sos,2281,785247,Sunderland Silksworth,,,Sunderland Silksworth-Volatile PM2.5,pm25,,,0.000,54.883610 -1.406878,,
DUP000507,json,uk_air_sos,2279,1152,Sunderland Silksworth,272,482,Sunderland Silksworth-Particulate matter less than 2.5 micro m (aerosol),pm25,,,0.000,54.883610 -1.406878,,
DUP000507,json,uk_air_sos,7570,7568,Sunderland Silksworth,340,2338,Sunderland Silksworth-Particulate matter less than 2.5 micro m (aerosol),pm25,12.925,2026-02-19 19:00:00+00,0.000,54.883610 -1.406878,,
DUP000507,json,uk_air_sos,2276,785246,Sunderland Silksworth-Non,,,Sunderland Silksworth-Non-volatile PM2.5,pm25,,,0.000,54.883610 -1.406878,,
DUP000508,aurn,aurn_register,,UKA00488,Blackpool Marton,,,,pm25,,,0,53.804890 -3.007175,UKA00488,Automatic Urban and Rural Monitoring Network (AURN)
DUP000508,json,uk_air_sos,380,785277,Blackpool Marton,,,Blackpool Marton-Volatile PM2.5,pm25,,,0.000,53.804890 -3.007175,,
DUP000508,json,uk_air_sos,7556,7512,Blackpool Marton,323,1957,Blackpool Marton-Particulate matter less than 2.5 micro m (aerosol),pm25,16.793,2026-02-19 19:00:00+00,0.000,53.804890 -3.007175,,
DUP000508,json,uk_air_sos,379,785,Blackpool Marton,357,88,Blackpool Marton-Particulate matter less than 2.5 micro m (aerosol),pm25,,,0.000,53.804890 -3.007175,,
DUP000508,json,uk_air_sos,376,785276,Blackpool Marton-Non,,,Blackpool Marton-Non-volatile PM2.5,pm25,,,0.000,53.804890 -3.007175,,
DUP000509,aurn,aurn_register,,UKA00494,Bristol St Paul's,,,,pm25,,,0,51.462839 -2.584482,UKA00494,Automatic Urban and Rural Monitoring Network (AURN); PAH Digitel (solid phase)
DUP000509,json,uk_air_sos,444,785203,Bristol St Paul's,,,Bristol St Paul's-Volatile PM2.5,pm25,,,0.000,51.462839 -2.584482,,
DUP000509,json,uk_air_sos,7557,7515,Bristol St Paul's,324,1970,Bristol St Paul's-Particulate matter less than 2.5 micro m (aerosol),pm25,12,2026-02-19 19:00:00+00,0.000,51.462839 -2.584482,,
DUP000509,json,uk_air_sos,441,798,Bristol St Paul's,359,102,Bristol St Paul's-Particulate matter less than 2.5 micro m (aerosol),pm25,,,0.000,51.462839 -2.584482,,
DUP000509,json,uk_air_sos,438,785202,Bristol St Paul's-Non,,,Bristol St Paul's-Non-volatile PM2.5,pm25,,,0.000,51.462839 -2.584482,,
DUP000510,aurn,aurn_register,,UKA00497,Swansea Roadside,,,,pm25,,,0,51.632696 -3.947374,UKA00497,Automatic Urban and Rural Monitoring Network (AURN)
DUP000510,json,uk_air_sos,2312,1156,Swansea Roadside,273,487,Swansea Roadside-Particulate matter less than 2.5 micro m (aerosol),pm25,10,2026-02-19 19:00:00+00,0.000,51.632696 -3.947374,,
DUP000511,aurn,aurn_register,,UKA00501,Port Talbot Margam,,,,pm25,,,0,51.583950 -3.770822,UKA00501,Automatic Urban and Rural Monitoring Network (AURN); Heavy Metals; Non-Automatic Hydrocarbon Network; PAH Digitel (solid phase)
DUP000511,json,uk_air_sos,1935,1101,Port Talbot Margam,254,424,Port Talbot Margam-Particulate matter less than 2.5 micro m (aerosol),pm25,,,0.000,51.583950 -3.770822,,
DUP000511,json,uk_air_sos,7588,8136,Port Talbot Margam,365,2281,Port Talbot Margam-Particulate matter less than 2.5 micro m (aerosol),pm25,5,2026-02-19 19:00:00+00,0.000,51.583950 -3.770822,,
DUP000512,aurn,aurn_register,,UKA00511,Horley,,,,pm25,,,0,51.165865 -0.167734,UKA00511,Automatic Urban and Rural Monitoring Network (AURN); Particle Concentrations and Numbers Network
DUP000512,json,uk_air_sos,7490,10643,Horley,225,5209,Horley-Particulate matter less than 2.5 micro m (aerosol),pm25,8.491,2026-02-19 19:00:00+00,0.000,51.165865 -0.167734,,
DUP000513,aurn,aurn_register,,UKA00515,Chepstow A48,,,,pm25,,,0,51.638094 -2.678731,UKA00515,Automatic Urban and Rural Monitoring Network (AURN)
DUP000513,json,uk_air_sos,576,785359,Chepstow A48,,,Chepstow A48-Volatile PM2.5,pm25,,,0.000,51.638094 -2.678731,,
DUP000513,json,uk_air_sos,7539,7124,Chepstow A48,303,2008,Chepstow A48-Particulate matter less than 2.5 micro m (aerosol),pm25,15,2026-02-19 19:00:00+00,0.000,51.638094 -2.678731,,
DUP000513,json,uk_air_sos,574,830,Chepstow A48,368,141,Chepstow A48-Particulate matter less than 2.5 micro m (aerosol),pm25,,,0.000,51.638094 -2.678731,,
DUP000513,json,uk_air_sos,572,785358,Chepstow A48-Non,,,Chepstow A48-Non-volatile PM2.5,pm25,,,0.000,51.638094 -2.678731,,
DUP000514,aurn,aurn_register,,UKA00518,Oxford St Ebbes,,,,pm25,,,0,51.744806 -1.260278,UKA00518,Automatic Urban and Rural Monitoring Network (AURN); Non-Automatic Hydrocarbon Network
DUP000514,json,uk_air_sos,1874,785253,Oxford St Ebbes,,,Oxford St Ebbes-Volatile PM2.5,pm25,,,0.000,51.744806 -1.260278,,
DUP000514,json,uk_air_sos,1872,1077,Oxford St Ebbes,248,396,Oxford St Ebbes-Particulate matter less than 2.5 micro m (aerosol),pm25,,,0.000,51.744806 -1.260278,,
DUP000514,json,uk_air_sos,7564,7550,Oxford St Ebbes,334,2253,Oxford St Ebbes-Particulate matter less than 2.5 micro m (aerosol),pm25,10.755,2026-02-19 18:00:00+00,0.000,51.744806 -1.260278,,
DUP000514,json,uk_air_sos,1869,785252,Oxford St Ebbes-Non,,,Oxford St Ebbes-Non-volatile PM2.5,pm25,,,0.000,51.744806 -1.260278,,
DUP000515,aurn,aurn_register,,UKA00523,York Bootham,,,,pm25,,,0,53.967513 -1.086514,UKA00523,Automatic Urban and Rural Monitoring Network (AURN); Non-Automatic Hydrocarbon Network
DUP000515,json,uk_air_sos,2442,785235,York Bootham,,,York Bootham-Volatile PM2.5,pm25,,,0.000,53.967513 -1.086514,,
DUP000515,json,uk_air_sos,2440,1186,York Bootham,277,523,York Bootham-Particulate matter less than 2.5 micro m (aerosol),pm25,,,0.000,53.967513 -1.086514,,
DUP000515,json,uk_air_sos,7580,7609,York Bootham,351,2379,York Bootham-Particulate matter less than 2.5 micro m (aerosol),pm25,15,2026-02-19 18:00:00+00,0.000,53.967513 -1.086514,,
DUP000515,json,uk_air_sos,2437,785234,York Bootham-Non,,,York Bootham-Non-volatile PM2.5,pm25,,,0.000,53.967513 -1.086514,,
DUP000516,aurn,aurn_register,,UKA00524,York Fishergate,,,,pm25,,,0,53.951889 -1.075861,UKA00524,Automatic Urban and Rural Monitoring Network (AURN); Non-Automatic Hydrocarbon Network
DUP000516,json,uk_air_sos,2448,1190,York Fishergate,278,527,York Fishergate-Particulate matter less than 2.5 micro m (aerosol),pm25,,,0.000,53.951889 -1.075861,,
DUP000516,json,uk_air_sos,7541,7132,York Fishergate,305,2383,York Fishergate-Particulate matter less than 2.5 micro m (aerosol),pm25,13,2026-02-19 19:00:00+00,0.000,53.951889 -1.075861,,
DUP000517,aurn,aurn_register,,UKA00525,Stanford-le-Hope Roadside,,,,pm25,,,0,51.518167 0.439548,UKA00525,Automatic Urban and Rural Monitoring Network (AURN); UK Urban NO2 Network
DUP000517,json,uk_air_sos,7552,7501,Stanford-le-Hope Roadside,319,2112,Stanford-le-Hope Roadside-Particulate matter less than 2.5 micro m (aerosol),pm25,-99,2026-02-19 19:00:00+00,0.000,51.518167 0.439548,,
DUP000517,json,uk_air_sos,2202,928,Stanford-le-Hope Roadside,398,252,Stanford-le-Hope Roadside-Particulate matter less than 2.5 micro m (aerosol),pm25,,,0.000,51.518167 0.439548,,
DUP000518,aurn,aurn_register,,UKA00527,Leeds Headingley Kerbside,,,,pm25,,,0,53.819972 -1.576361,UKA00527,Automatic Urban and Rural Monitoring Network (AURN); UK Urban NO2 Network
DUP000518,json,uk_air_sos,7575,7591,Leeds Headingley Kerbside,345,2157,Leeds Headingley Kerbside-Particulate matter less than 2.5 micro m (aerosol),pm25,18,2026-02-19 19:00:00+00,0.000,53.819972 -1.576361,,
DUP000518,json,uk_air_sos,1280,976,Leeds Headingley Kerbside,403,300,Leeds Headingley Kerbside-Particulate matter less than 2.5 micro m (aerosol),pm25,,,0.000,53.819972 -1.576361,,
DUP000519,aurn,aurn_register,,UKA00528,Newcastle Cradlewell Roadside,,,,pm25,,,0,54.986405 -1.595362,UKA00528,Automatic Urban and Rural Monitoring Network (AURN); UK Urban NO2 Network
DUP000519,json,uk_air_sos,7503,10709,Newcastle Cradlewell Roadside,240,5382,Newcastle Cradlewell Roadside-Particulate matter less than 2.5 micro m (aerosol),pm25,11.698,2026-02-19 19:00:00+00,0.000,54.986405 -1.595362,,
DUP000520,aurn,aurn_register,,UKA00529,Chesterfield Roadside,,,,pm25,,,0,53.231751 -1.456928,UKA00529,Automatic Urban and Rural Monitoring Network (AURN); Non-Automatic Hydrocarbon Network; UK Urban NO2 Network
DUP000520,json,uk_air_sos,600,785347,Chesterfield Roadside,,,Chesterfield Roadside-Volatile PM2.5,pm25,,,3.396,53.231722 -1.456944,,
DUP000520,json,uk_air_sos,598,838,Chesterfield Roadside,326,2012,Chesterfield Roadside-Particulate matter less than 2.5 micro m (aerosol),pm25,17.736,2026-02-19 19:00:00+00,0.000,53.231751 -1.456928,,
DUP000520,json,uk_air_sos,596,785346,Chesterfield Roadside-Non,,,Chesterfield Roadside-Non-volatile PM2.5,pm25,,,3.396,53.231722 -1.456944,,
DUP000521,aurn,aurn_register,,UKA00535,Stockton-on-Tees Eaglescliffe,,,,pm25,,,0,54.516667 -1.358547,UKA00535,Automatic Urban and Rural Monitoring Network (AURN); Non-Automatic Hydrocarbon Network
DUP000521,json,uk_air_sos,2219,866,Stockton-on-Tees Eaglescliffe,371,182,Stockton-on-Tees Eaglescliffe-Particulate matter less than 2.5 micro m (aerosol),pm25,-99,2026-02-19 19:00:00+00,0.000,54.516667 -1.358547,,
DUP000522,aurn,aurn_register,,UKA00537,Charlton Mackrell,,,,pm25,,,0,51.056250 -2.683450,UKA00537,Automatic Urban and Rural Monitoring Network (AURN)
DUP000522,json,uk_air_sos,7601,8775,Charlton Mackrell,384,4955,Charlton Mackrell-Particulate matter less than 2.5 micro m (aerosol),pm25,10.094,2026-02-19 19:00:00+00,0.000,51.056250 -2.683450,,
DUP000523,aurn,aurn_register,,UKA00538,Warrington,,,,pm25,,,0,53.389225 -2.615593,UKA00538,Automatic Urban and Rural Monitoring Network (AURN)
DUP000523,json,uk_air_sos,2362,785263,Warrington,,,Warrington-Volatile PM2.5,pm25,,,16.741,53.389280 -2.615358,,
DUP000523,json,uk_air_sos,2360,1175,Warrington,275,509,Warrington-Particulate matter less than 2.5 micro m (aerosol),pm25,,,0.000,53.389225 -2.615593,,
DUP000523,json,uk_air_sos,2358,785262,Warrington-Non,,,Warrington-Non-volatile PM2.5,pm25,,,16.741,53.389280 -2.615358,,
DUP000524,aurn,aurn_register,,UKA00546,Eastbourne,,,,pm25,,,0,50.805778 0.271611,UKA00546,Automatic Urban and Rural Monitoring Network (AURN)
DUP000524,json,uk_air_sos,785,785363,Eastbourne,,,Eastbourne-Volatile PM2.5,pm25,,,0.000,50.805778 0.271611,,
DUP000524,json,uk_air_sos,7549,7493,Eastbourne,316,2046,Eastbourne-Particulate matter less than 2.5 micro m (aerosol),pm25,4.434,2026-02-19 19:00:00+00,0.000,50.805778 0.271611,,
DUP000524,json,uk_air_sos,783,869,Eastbourne,372,186,Eastbourne-Particulate matter less than 2.5 micro m (aerosol),pm25,,,0.000,50.805778 0.271611,,
DUP000524,json,uk_air_sos,780,785362,Eastbourne-Non,,,Eastbourne-Non-volatile PM2.5,pm25,,,0.000,50.805778 0.271611,,
DUP000525,aurn,aurn_register,,UKA00549,Norwich Lakenfields,,,,pm25,,,0,52.614823 1.302686,UKA00549,Automatic Urban and Rural Monitoring Network (AURN); Non-Automatic Hydrocarbon Network
DUP000525,json,uk_air_sos,1826,1050,Norwich Lakenfields,209,374,Norwich Lakenfields-Particulate matter less than 2.5 micro m (aerosol),pm25,,,0.000,52.614823 1.302686,,
DUP000526,aurn,aurn_register,,UKA00553,Chatham Roadside,,,,pm25,,,0,51.374264 0.547970,UKA00553,Automatic Urban and Rural Monitoring Network (AURN); Non-Automatic Hydrocarbon Network; UK Urban NO2 Network
DUP000526,json,uk_air_sos,7531,7054,Chatham Roadside,294,2004,Chatham Roadside-Particulate matter less than 2.5 micro m (aerosol),pm25,6,2026-02-19 19:00:00+00,0.000,51.374264 0.547970,,
DUP000527,aurn,aurn_register,,UKA00564,Leamington Spa Rugby Road,,,,pm25,,,0,52.294884 -1.542911,UKA00564,Automatic Urban and Rural Monitoring Network (AURN); UK Urban NO2 Network
DUP000527,json,uk_air_sos,1263,4031,Leamington Spa Rugby Road,,,Leamington Spa Rugby Road-Volatile PM2.5,pm25,,,0.000,52.294884 -1.542911,,
DUP000527,json,uk_air_sos,7562,7540,Leamington Spa Rugby Road,331,2149,Leamington Spa Rugby Road-Particulate matter less than 2.5 micro m (aerosol),pm25,11.038,2026-02-19 18:00:00+00,0.000,52.294884 -1.542911,,
DUP000527,json,uk_air_sos,1261,971,Leamington Spa Rugby Road,402,292,Leamington Spa Rugby Road-Particulate matter less than 2.5 micro m (aerosol),pm25,,,0.000,52.294884 -1.542911,,
DUP000527,json,uk_air_sos,1259,4028,Leamington Spa Rugby Road-Non,,,Leamington Spa Rugby Road-Non-volatile PM2.5,pm25,,,0.000,52.294884 -1.542911,,
DUP000528,aurn,aurn_register,,UKA00566,Honiton,,,,pm25,,,0,50.792287 -3.196702,UKA00566,Automatic Urban and Rural Monitoring Network (AURN)
DUP000528,json,uk_air_sos,7595,8763,Honiton,378,4908,Honiton-Particulate matter less than 2.5 micro m (aerosol),pm25,-99,2026-02-19 19:00:00+00,0.000,50.792287 -3.196702,,
DUP000529,aurn,aurn_register,,UKA00569,Saltash Callington Road,,,,pm25,,,0,50.411463 -4.227678,UKA00569,Automatic Urban and Rural Monitoring Network (AURN)
DUP000529,json,uk_air_sos,2043,4051,Saltash Callington Road,,,Saltash Callington Road-Volatile PM2.5,pm25,,,0.000,50.411463 -4.227678,,
DUP000529,json,uk_air_sos,2041,1272,Saltash Callington Road,279,438,Saltash Callington Road-Particulate matter less than 2.5 micro m (aerosol),pm25,,,0.000,50.411463 -4.227678,,
DUP000529,json,uk_air_sos,7540,7128,Saltash Callington Road,304,2295,Saltash Callington Road-Particulate matter less than 2.5 micro m (aerosol),pm25,2,2026-02-19 19:00:00+00,0.000,50.411463 -4.227678,,
DUP000529,json,uk_air_sos,2039,4049,Saltash Callington Road-Non,,,Saltash Callington Road-Non-volatile PM2.5,pm25,,,0.000,50.411463 -4.227678,,
DUP000530,aurn,aurn_register,,UKA00572,London Teddington Bushy Park,,,,pm25,,,0,51.425286 -0.345606,UKA00572,Automatic Urban and Rural Monitoring Network (AURN); Black Carbon
DUP000530,json,uk_air_sos,1586,4036,London Teddington Bushy Park,,,London Teddington Bushy Park-Volatile PM2.5,pm25,,,0.000,51.425286 -0.345606,,
DUP000530,json,uk_air_sos,1585,3917,London Teddington Bushy Park,286,491,London Teddington Bushy Park-Particulate matter less than 2.5 micro m (aerosol),pm25,,,0.000,51.425286 -0.345606,,
DUP000530,json,uk_air_sos,7583,7988,London Teddington Bushy Park,358,2347,London Teddington Bushy Park-Particulate matter less than 2.5 micro m (aerosol),pm25,8.962,2026-02-19 19:00:00+00,0.000,51.425286 -0.345606,,
DUP000530,json,uk_air_sos,1583,4037,London Teddington Bushy Park-Non,,,London Teddington Bushy Park-Non-volatile PM2.5,pm25,,,0.000,51.425286 -0.345606,,
DUP000531,aurn,aurn_register,,UKA00573,Leicester University,,,,pm25,,,0,52.619904 -1.127182,UKA00573,Automatic Urban and Rural Monitoring Network (AURN)
DUP000531,json,uk_air_sos,1323,3901,Leicester University,282,296,Leicester University-Particulate matter less than 2.5 micro m (aerosol),pm25,,,0.000,52.619904 -1.127182,,
DUP000531,json,uk_air_sos,7576,7592,Leicester University,346,2153,Leicester University-Particulate matter less than 2.5 micro m (aerosol),pm25,11.793,2026-02-19 19:00:00+00,0.000,52.619904 -1.127182,,
DUP000532,aurn,aurn_register,,UKA00574,Barnstaple A39,,,,pm25,,,0,51.074793 -4.041924,UKA00574,Automatic Urban and Rural Monitoring Network (AURN)
DUP000532,json,uk_air_sos,250,3993,Barnstaple A39,,,Barnstaple A39-Volatile PM2.5,pm25,,,0.000,51.074793 -4.041924,,
DUP000532,json,uk_air_sos,7479,10539,Barnstaple A39,212,1965,Barnstaple A39-Particulate matter less than 2.5 micro m (aerosol),pm25,9.906,2026-02-19 18:00:00+00,0.000,51.074793 -4.041924,,
DUP000532,json,uk_air_sos,248,3916,Barnstaple A39,285,97,Barnstaple A39-Particulate matter less than 2.5 micro m (aerosol),pm25,,,0.000,51.074793 -4.041924,,
DUP000532,json,uk_air_sos,246,3992,Barnstaple A39-Non,,,Barnstaple A39-Non-volatile PM2.5,pm25,,,0.000,51.074793 -4.041924,,
DUP000533,aurn,aurn_register,,UKA00575,Sheffield Devonshire Green,,,,pm25,,,0,53.378622 -1.478096,UKA00575,Automatic Urban and Rural Monitoring Network (AURN); Heavy Metals; Non-Automatic Hydrocarbon Network
DUP000533,json,uk_air_sos,2131,4052,Sheffield Devonshire Green,,,Sheffield Devonshire Green-Volatile PM2.5,pm25,,,0.000,53.378622 -1.478096,,
DUP000533,json,uk_air_sos,2129,3907,Sheffield Devonshire Green,283,455,Sheffield Devonshire Green-Particulate matter less than 2.5 micro m (aerosol),pm25,,,0.000,53.378622 -1.478096,,
DUP000533,json,uk_air_sos,7567,7562,Sheffield Devonshire Green,337,2312,Sheffield Devonshire Green-Particulate matter less than 2.5 micro m (aerosol),pm25,16.51,2026-02-19 19:00:00+00,0.000,53.378622 -1.478096,,
DUP000533,json,uk_air_sos,2126,4054,Sheffield Devonshire Green-Non,,,Sheffield Devonshire Green-Non-volatile PM2.5,pm25,,,0.000,53.378622 -1.478096,,
DUP000534,aurn,aurn_register,,UKA00576,Glasgow Townhead,,,,pm25,,,0,55.865782 -4.243631,UKA00576,Automatic Urban and Rural Monitoring Network (AURN); Black Carbon; PAH Digitel (solid phase)
DUP000534,json,uk_air_sos,896,3913,Glasgow Townhead,284,219,Glasgow Townhead-Particulate matter less than 2.5 micro m (aerosol),pm25,,,0.000,55.865782 -4.243631,,
DUP000534,json,uk_air_sos,7538,7116,Glasgow Townhead,302,2079,Glasgow Townhead-Particulate matter less than 2.5 micro m (aerosol),pm25,9.906,2026-02-19 19:00:00+00,0.000,55.865782 -4.243631,,
DUP000535,aurn,aurn_register,,UKA00592,Coventry Allesley,,,,pm25,,,0,52.411628 -1.560189,UKA00592,Automatic Urban and Rural Monitoring Network (AURN)
DUP000535,json,uk_air_sos,662,4005,Coventry Allesley,,,Coventry Allesley-Volatile PM2.5,pm25,,,7.697,52.411563 -1.560228,,
DUP000535,json,uk_air_sos,661,780428,Coventry Allesley,287,157,Coventry Allesley-Particulate matter less than 2.5 micro m (aerosol),pm25,,,0.000,52.411628 -1.560189,,
DUP000535,json,uk_air_sos,658,4006,Coventry Allesley-Non,,,Coventry Allesley-Non-volatile PM2.5,pm25,,,7.697,52.411563 -1.560228,,
DUP000536,aurn,aurn_register,,UKA00595,Oldbury Birmingham Road,,,,pm25,,,0,52.502436 -2.003497,UKA00595,Automatic Urban and Rural Monitoring Network (AURN); UK Urban NO2 Network
DUP000536,json,uk_air_sos,7523,11071,Oldbury Birmingham Road,265,5532,Oldbury Birmingham Road-Particulate matter less than 2.5 micro m (aerosol),pm25,17.264,2026-02-19 19:00:00+00,0.000,52.502436 -2.003497,,
DUP000537,aurn,aurn_register,,UKA00599,Stockton-on-Tees A1305 Roadside,,,,pm25,,,0,54.565819 -1.315900,UKA00599,Automatic Urban and Rural Monitoring Network (AURN)
DUP000537,json,uk_air_sos,2213,4065,Stockton-on-Tees A1305 Roadside,,,Stockton-on-Tees A1305 Roadside-Volatile PM2.5,pm25,,,0.000,54.565819 -1.315900,,
DUP000537,json,uk_air_sos,7542,7138,Stockton-on-Tees A1305 Roadside,306,3543,Stockton-on-Tees A1305 Roadside-Particulate matter less than 2.5 micro m (aerosol),pm25,-99,2026-02-19 19:00:00+00,0.000,54.565819 -1.315900,,
DUP000537,json,uk_air_sos,2211,4063,Stockton-on-Tees A1305 Roadside-Non,,,Stockton-on-Tees A1305 Roadside-Non-volatile PM2.5,pm25,,,0.000,54.565819 -1.315900,,
DUP000538,aurn,aurn_register,,UKA00600,Hull Holderness Road,,,,pm25,,,0,53.759013 -0.305678,UKA00600,Automatic Urban and Rural Monitoring Network (AURN)
DUP000538,json,uk_air_sos,1172,788175,Hull Holderness Road,235,5352,Hull Holderness Road-Particulate matter less than 2.5 micro m (aerosol),pm25,17.076,2026-02-19 19:00:00+00,0.000,53.759013 -0.305678,,
DUP000539,aurn,aurn_register,,UKA00601,Sunderland Wessington Way,,,,pm25,,,0,54.918390 -1.408391,UKA00601,Automatic Urban and Rural Monitoring Network (AURN); UK Urban NO2 Network
DUP000539,json,uk_air_sos,7510,10722,Sunderland Wessington Way,247,5306,Sunderland Wessington Way-Particulate matter less than 2.5 micro m (aerosol),pm25,12.83,2026-02-19 18:00:00+00,0.000,54.918390 -1.408391,,
DUP000540,aurn,aurn_register,,UKA00602,Glasgow High Street,,,,pm25,,,0,55.860936 -4.238214,UKA00602,Automatic Urban and Rural Monitoring Network (AURN); Black Carbon; UK Urban NO2 Network
DUP000540,json,uk_air_sos,862,4021,Glasgow High Street,,,Glasgow High Street-Volatile PM2.5,pm25,,,0.000,55.860936 -4.238214,,
DUP000540,json,uk_air_sos,7548,7393,Glasgow High Street,313,1270,Glasgow High Street-Particulate matter less than 2.5 micro m (aerosol),pm25,11.887,2026-02-19 19:00:00+00,0.000,55.860936 -4.238214,,
DUP000540,json,uk_air_sos,858,4019,Glasgow High Street-Non,,,Glasgow High Street-Non-volatile PM2.5,pm25,,,0.000,55.860936 -4.238214,,
DUP000541,aurn,aurn_register,,UKA00604,Chesterfield Loundsley Green,,,,pm25,,,0,53.244131 -1.454946,UKA00604,Automatic Urban and Rural Monitoring Network (AURN); Heavy Metals
DUP000541,json,uk_air_sos,586,4004,Chesterfield Loundsley Green,,,Chesterfield Loundsley Green-Volatile PM2.5,pm25,,,0.000,53.244131 -1.454946,,
DUP000541,json,uk_air_sos,7558,7520,Chesterfield Loundsley Green,325,1307,Chesterfield Loundsley Green-Particulate matter less than 2.5 micro m (aerosol),pm25,11.226,2026-02-19 19:00:00+00,0.000,53.244131 -1.454946,,
DUP000541,json,uk_air_sos,581,4002,Chesterfield Loundsley Green-Non,,,Chesterfield Loundsley Green-Non-volatile PM2.5,pm25,,,0.000,53.244131 -1.454946,,
DUP000542,aurn,aurn_register,,UKA00605,Luton A505 Roadside,,,,pm25,,,0,51.892293 -0.462110,UKA00605,Automatic Urban and Rural Monitoring Network (AURN)
DUP000542,json,uk_air_sos,7500,10705,Luton A505 Roadside,237,5331,Luton A505 Roadside-Particulate matter less than 2.5 micro m (aerosol),pm25,9.623,2026-02-19 19:00:00+00,0.000,51.892293 -0.462110,,
DUP000543,aurn,aurn_register,,UKA00609,Leicester A594 Roadside,,,,pm25,,,0,52.638742 -1.124267,UKA00609,Automatic Urban and Rural Monitoring Network (AURN); UK Urban NO2 Network
DUP000543,json,uk_air_sos,1308,788176,Leicester A594 Roadside,236,5371,Leicester A594 Roadside-Particulate matter less than 2.5 micro m (aerosol),pm25,9.906,2026-02-19 18:00:00+00,0.000,52.638742 -1.124267,,
DUP000544,aurn,aurn_register,,UKA00610,Stoke-on-Trent A50 Roadside,,,,pm25,,,0,52.980436 -2.111898,UKA00610,Automatic Urban and Rural Monitoring Network (AURN); UK Urban NO2 Network
DUP000544,json,uk_air_sos,7509,10720,Stoke-on-Trent A50 Roadside,246,5351,Stoke-on-Trent A50 Roadside-Particulate matter less than 2.5 micro m (aerosol),pm25,18.302,2026-02-19 19:00:00+00,0.000,52.980436 -2.111898,,
DUP000545,aurn,aurn_register,,UKA00612,Doncaster A630 Cleveland Street,,,,pm25,,,0,53.518383 -1.138060,UKA00612,Automatic Urban and Rural Monitoring Network (AURN); UK Urban NO2 Network
DUP000545,json,uk_air_sos,7499,10700,Doncaster A630 Cleveland Street,234,5360,Doncaster A630 Cleveland Street-Particulate matter less than 2.5 micro m (aerosol),pm25,12.359,2026-02-19 19:00:00+00,0.000,53.518383 -1.138060,,
DUP000546,aurn,aurn_register,,UKA00613,Southampton A33,,,,pm25,,,0,50.920265 -1.463484,UKA00613,Automatic Urban and Rural Monitoring Network (AURN); UK Urban NO2 Network
DUP000546,json,uk_air_sos,7508,10718,Southampton A33,245,5394,Southampton A33-Particulate matter less than 2.5 micro m (aerosol),pm25,6.132,2026-02-19 19:00:00+00,0.000,50.920265 -1.463484,,
DUP000547,aurn,aurn_register,,UKA00614,Chilbolton Observatory,,,,pm25,,,0,51.149617 -1.438228,UKA00614,Automatic Hydrocarbon Network; Automatic Urban and Rural Monitoring Network (AURN); Black Carbon; Heavy Metals; PAH Deposition; PAH Digitel (solid phase); Particle Concentrations and Numbers Network; Rural Automatic Mercury network; UKEAP: Acid Gases & Aerosol Network; UKEAP: MARGA Network; UKEAP: National Ammonia Monitoring Network; UKEAP: Precip-Net; UKEAP: Precip-Net; UKEAP: Rural NO2
DUP000547,json,uk_air_sos,640,785634,Chilbolton Observatory,,,Chilbolton Observatory-Volatile PM2.5,pm25,,,0.000,51.149617 -1.438228,,
DUP000547,json,uk_air_sos,7547,7164,Chilbolton Observatory,312,3480,Chilbolton Observatory-Particulate matter less than 2.5 micro m (aerosol),pm25,9.434,2026-02-19 19:00:00+00,0.000,51.149617 -1.438228,,
DUP000547,json,uk_air_sos,627,785639,Chilbolton Observatory-Non,,,Chilbolton Observatory-Non-volatile PM2.5,pm25,,,0.000,51.149617 -1.438228,,
DUP000548,aurn,aurn_register,,UKA00617,Manchester Sharston,,,,pm25,,,0,53.371722 -2.238917,UKA00617,Automatic Urban and Rural Monitoring Network (AURN)
DUP000548,json,uk_air_sos,7484,10625,Manchester Sharston,219,5207,Manchester Sharston-Particulate matter less than 2.5 micro m (aerosol),pm25,15.566,2026-02-19 18:00:00+00,0.000,53.371722 -2.238917,,
DUP000549,aurn,aurn_register,,UKA00618,Nottingham Western Boulevard,,,,pm25,,,0,52.969377 -1.188851,UKA00618,Automatic Urban and Rural Monitoring Network (AURN); UK Urban NO2 Network
DUP000549,json,uk_air_sos,7504,10711,Nottingham Western Boulevard,241,5344,Nottingham Western Boulevard-Particulate matter less than 2.5 micro m (aerosol),pm25,13.491,2026-02-19 19:00:00+00,0.000,52.969377 -1.188851,,
DUP000550,aurn,aurn_register,,UKA00619,Derry Rosemount,,,,pm25,,,0,55.002818 -7.331179,UKA00619,Automatic Urban and Rural Monitoring Network (AURN)
DUP000550,json,uk_air_sos,741,4015,Derry Rosemount,,,Derry Rosemount-Volatile PM2.5,pm25,,,0.000,55.002818 -7.331179,,
DUP000550,json,uk_air_sos,7573,7586,Derry Rosemount,343,3558,Derry Rosemount-Particulate matter less than 2.5 micro m (aerosol),pm25,11,2026-02-19 18:00:00+00,0.000,55.002818 -7.331179,,
DUP000550,json,uk_air_sos,735,4008,Derry Rosemount-Non,,,Derry Rosemount-Non-volatile PM2.5,pm25,,,0.000,55.002818 -7.331179,,
DUP000551,aurn,aurn_register,,UKA00621,Greenock A8 Roadside,,,,pm25,,,0,55.944079 -4.734421,UKA00621,Automatic Urban and Rural Monitoring Network (AURN)
DUP000551,json,uk_air_sos,7525,6818,Greenock A8 Roadside,288,4498,Greenock A8 Roadside-Particulate matter less than 2.5 micro m (aerosol),pm25,22.453,2026-02-19 19:00:00+00,0.000,55.944079 -4.734421,,
DUP000552,aurn,aurn_register,,UKA00622,Sheffield Barnsley Road,,,,pm25,,,0,53.404950 -1.455815,UKA00622,Automatic Urban and Rural Monitoring Network (AURN); UK Urban NO2 Network
DUP000552,json,uk_air_sos,7529,6886,Sheffield Barnsley Road,292,4613,Sheffield Barnsley Road-Particulate matter less than 2.5 micro m (aerosol),pm25,-99,2026-02-19 19:00:00+00,0.000,53.404950 -1.455815,,
DUP000553,aurn,aurn_register,,UKA00623,Cannock A5190 Roadside,,,,pm25,,,0,52.687298 -1.980821,UKA00623,Automatic Urban and Rural Monitoring Network (AURN)
DUP000553,json,uk_air_sos,7496,10696,Cannock A5190 Roadside,231,5333,Cannock A5190 Roadside-Particulate matter less than 2.5 micro m (aerosol),pm25,15.943,2026-02-19 19:00:00+00,0.000,52.687298 -1.980821,,
DUP000554,aurn,aurn_register,,UKA00624,Christchurch Barrack Road,,,,pm25,,,0,50.735454 -1.780888,UKA00624,Automatic Urban and Rural Monitoring Network (AURN); UK Urban NO2 Network
DUP000554,json,uk_air_sos,7528,6879,Christchurch Barrack Road,291,4597,Christchurch Barrack Road-Particulate matter less than 2.5 micro m (aerosol),pm25,8,2026-02-19 18:00:00+00,0.000,50.735454 -1.780888,,
DUP000555,aurn,aurn_register,,UKA00625,Birkenhead Borough Road,,,,pm25,,,0,53.388624 -3.024942,UKA00625,Automatic Urban and Rural Monitoring Network (AURN); UK Urban NO2 Network
DUP000555,json,uk_air_sos,7493,10692,Birkenhead Borough Road,228,5370,Birkenhead Borough Road-Particulate matter less than 2.5 micro m (aerosol),pm25,16.132,2026-02-19 19:00:00+00,0.000,53.388624 -3.024942,,
DUP000556,aurn,aurn_register,,UKA00626,Birmingham A4540 Roadside,,,,pm25,,,0,52.476145 -1.874978,UKA00626,Automatic Urban and Rural Monitoring Network (AURN); Black Carbon; Non-Automatic Hydrocarbon Network; UK Urban NO2 Network
DUP000556,json,uk_air_sos,7554,7506,Birmingham A4540 Roadside,321,4167,Birmingham A4540 Roadside-Particulate matter less than 2.5 micro m (aerosol),pm25,18.208,2026-02-19 19:00:00+00,0.000,52.476145 -1.874978,,
DUP000557,aurn,aurn_register,,UKA00628,Worthing A27 Roadside,,,,pm25,,,0,50.832947 -0.379916,UKA00628,Automatic Urban and Rural Monitoring Network (AURN)
DUP000557,json,uk_air_sos,7534,7102,Worthing A27 Roadside,297,4691,Worthing A27 Roadside-Particulate matter less than 2.5 micro m (aerosol),pm25,12,2026-02-19 19:00:00+00,0.000,50.832947 -0.379916,,
DUP000558,aurn,aurn_register,,UKA00630,Derby St Alkmund's Way,,,,pm25,,,0,52.922983 -1.469507,UKA00630,Automatic Urban and Rural Monitoring Network (AURN); UK Urban NO2 Network
DUP000558,json,uk_air_sos,7498,10699,Derby St Alkmund's Way,233,5330,Derby St Alkmund's Way-Particulate matter less than 2.5 micro m (aerosol),pm25,13.019,2026-02-19 19:00:00+00,0.000,52.922983 -1.469507,,
DUP000559,aurn,aurn_register,,UKA00631,Bristol Temple Way,,,,pm25,,,0,51.457968 -2.583975,UKA00631,Automatic Urban and Rural Monitoring Network (AURN); UK Urban NO2 Network
DUP000559,json,uk_air_sos,7483,10623,Bristol Temple Way,218,5271,Bristol Temple Way-Particulate matter less than 2.5 micro m (aerosol),pm25,12.547,2026-02-19 19:00:00+00,0.000,51.457968 -2.583975,,
DUP000560,aurn,aurn_register,,UKA00632,Northampton Spring Park,,,,pm25,,,0,52.272257 -0.916605,UKA00632,Automatic Urban and Rural Monitoring Network (AURN)
DUP000560,json,uk_air_sos,7526,6823,Northampton Spring Park,289,4514,Northampton Spring Park-Particulate matter less than 2.5 micro m (aerosol),pm25,13,2026-02-19 19:00:00+00,0.000,52.272257 -0.916605,,
DUP000561,aurn,aurn_register,,UKA00634,Coventry Binley Road,,,,pm25,,,0,52.407708 -1.490082,UKA00634,Automatic Urban and Rural Monitoring Network (AURN); UK Urban NO2 Network
DUP000561,json,uk_air_sos,7497,10697,Coventry Binley Road,232,5281,Coventry Binley Road-Particulate matter less than 2.5 micro m (aerosol),pm25,11.604,2026-02-19 19:00:00+00,0.000,52.407708 -1.490082,,
DUP000562,aurn,aurn_register,,UKA00644,Borehamwood Meadow Park,,,,pm25,,,0,51.661229 -0.270550,UKA00644,Automatic Urban and Rural Monitoring Network (AURN)
DUP000562,json,uk_air_sos,7607,8894,Borehamwood Meadow Park,393,4892,Borehamwood Meadow Park-Particulate matter less than 2.5 micro m (aerosol),pm25,6.509,2026-02-19 19:00:00+00,0.000,51.661229 -0.270550,,
DUP000563,aurn,aurn_register,,UKA00645,Hartlepool St Abbs Walk,,,,pm25,,,0,54.683242 -1.203838,UKA00645,Automatic Urban and Rural Monitoring Network (AURN)
DUP000563,json,uk_air_sos,7594,8761,Hartlepool St Abbs Walk,377,4929,Hartlepool St Abbs Walk-Particulate matter less than 2.5 micro m (aerosol),pm25,26.604,2026-02-19 19:00:00+00,0.000,54.683242 -1.203838,,
DUP000564,aurn,aurn_register,,UKA00647,Immingham Woodlands Avenue,,,,pm25,,,0,53.619241 -0.213324,UKA00647,Automatic Urban and Rural Monitoring Network (AURN)
DUP000564,json,uk_air_sos,7596,8765,Immingham Woodlands Avenue,379,4931,Immingham Woodlands Avenue-Particulate matter less than 2.5 micro m (aerosol),pm25,15.943,2026-02-19 19:00:00+00,0.000,53.619241 -0.213324,,
DUP000565,aurn,aurn_register,,UKA00648,Telford Hollinswood,,,,pm25,,,0,52.673471 -2.436692,UKA00648,Automatic Urban and Rural Monitoring Network (AURN)
DUP000565,json,uk_air_sos,7600,8773,Telford Hollinswood,383,5000,Telford Hollinswood-Particulate matter less than 2.5 micro m (aerosol),pm25,10.66,2026-02-19 19:00:00+00,0.000,52.673471 -2.436692,,
DUP000566,aurn,aurn_register,,UKA00650,Swindon Walcot,,,,pm25,,,0,51.558061 -1.765678,UKA00650,Automatic Urban and Rural Monitoring Network (AURN)
DUP000566,json,uk_air_sos,7599,8771,Swindon Walcot,382,4959,Swindon Walcot-Particulate matter less than 2.5 micro m (aerosol),pm25,16.132,2026-02-19 19:00:00+00,0.000,51.558061 -1.765678,,
DUP000567,aurn,aurn_register,,UKA00651,Portsmouth Anglesea Road,,,,pm25,,,0,50.798339 -1.095558,UKA00651,Automatic Urban and Rural Monitoring Network (AURN); UK Urban NO2 Network
DUP000567,json,uk_air_sos,7505,10713,Portsmouth Anglesea Road,242,5316,Portsmouth Anglesea Road-Particulate matter less than 2.5 micro m (aerosol),pm25,7.453,2026-02-19 19:00:00+00,0.000,50.798339 -1.095558,,
DUP000568,aurn,aurn_register,,UKA00652,Burton-on-Trent Horninglow,,,,pm25,,,0,52.821050 -1.635718,UKA00652,Automatic Urban and Rural Monitoring Network (AURN)
DUP000568,json,uk_air_sos,7590,8753,Burton-on-Trent Horninglow,373,4969,Burton-on-Trent Horninglow-Particulate matter less than 2.5 micro m (aerosol),pm25,15.566,2026-02-19 19:00:00+00,0.000,52.821050 -1.635718,,
DUP000569,aurn,aurn_register,,UKA00654,Dewsbury Ashworth Grange,,,,pm25,,,0,53.693104 -1.637111,UKA00654,Automatic Urban and Rural Monitoring Network (AURN)
DUP000569,json,uk_air_sos,7593,8759,Dewsbury Ashworth Grange,376,4970,Dewsbury Ashworth Grange-Particulate matter less than 2.5 micro m (aerosol),pm25,16.887,2026-02-19 19:00:00+00,0.000,53.693104 -1.637111,,
DUP000570,aurn,aurn_register,,UKA00655,Birmingham Ladywood,,,,pm25,,,0,52.481346 -1.918235,UKA00655,Automatic Urban and Rural Monitoring Network (AURN); Black Carbon; Non-Automatic Hydrocarbon Network; PAH Digitel (solid phase)
DUP000570,json,uk_air_sos,7555,7510,Birmingham Ladywood,322,4733,Birmingham Ladywood-Particulate matter less than 2.5 micro m (aerosol),pm25,16.604,2026-02-19 19:00:00+00,0.000,52.481346 -1.918235,,
DUP000571,aurn,aurn_register,,UKA00656,London Honor Oak Park,,,,pm25,,,0,51.449674 -0.037418,UKA00656,Automatic Hydrocarbon Network; Automatic Urban and Rural Monitoring Network (AURN); Black Carbon; Particle Size Composition
DUP000571,json,uk_air_sos,7550,7496,London Honor Oak Park,317,4744,London Honor Oak Park-Particulate matter less than 2.5 micro m (aerosol),pm25,-99,2026-02-19 19:00:00+00,0.000,51.449674 -0.037418,,
DUP000572,aurn,aurn_register,,UKA00659,Crewe Coppenhall,,,,pm25,,,0,53.115941 -2.453492,UKA00659,Automatic Urban and Rural Monitoring Network (AURN)
DUP000572,json,uk_air_sos,7592,8757,Crewe Coppenhall,375,4999,Crewe Coppenhall-Particulate matter less than 2.5 micro m (aerosol),pm25,11.698,2026-02-19 19:00:00+00,0.000,53.115941 -2.453492,,
DUP000573,aurn,aurn_register,,UKA00932,Carlisle Morton A595,,,,pm25,,,0,54.885823 -2.964955,UKA00932,Automatic Urban and Rural Monitoring Network (AURN); Non-Automatic Hydrocarbon Network
DUP000573,json,uk_air_sos,7586,8132,Carlisle Morton A595,363,4871,Carlisle Morton A595-Particulate matter less than 2.5 micro m (aerosol),pm25,14,2026-02-19 19:00:00+00,0.000,54.885823 -2.964955,,
DUP000574,aurn,aurn_register,,UKA00933,Aberdeen Erroll Park,,,,pm25,,,0,57.157400 -2.094770,UKA00933,Automatic Urban and Rural Monitoring Network (AURN)
DUP000574,json,uk_air_sos,7585,8127,Aberdeen Erroll Park,362,4889,Aberdeen Erroll Park-Particulate matter less than 2.5 micro m (aerosol),pm25,13.113,2026-02-19 19:00:00+00,0.000,57.157400 -2.094770,,
DUP000575,aurn,aurn_register,,UKA00963,Milton Keynes Civic Centre,,,,pm25,,,0,52.044076 -0.761013,UKA00963,Automatic Urban and Rural Monitoring Network (AURN)
DUP000575,json,uk_air_sos,7611,9902,Milton Keynes Civic Centre,406,5063,Milton Keynes Civic Centre-Particulate matter less than 2.5 micro m (aerosol),pm25,10.566,2026-02-19 19:00:00+00,0.000,52.044076 -0.761013,,
DUP000576,aurn,aurn_register,,UKA01025,Blackburn Audley Park,,,,pm25,,,0,53.746730 -2.467873,UKA01025,Automatic Urban and Rural Monitoring Network (AURN); Black Carbon
DUP000576,json,uk_air_sos,7613,9908,Blackburn Audley Park,408,5099,Blackburn Audley Park-Particulate matter less than 2.5 micro m (aerosol),pm25,12.736,2026-02-19 19:00:00+00,0.000,53.746730 -2.467873,,
DUP000577,aurn,aurn_register,,UKA01026,Toft Newton,,,,pm25,,,0,53.374133 -0.449788,UKA01026,Automatic Urban and Rural Monitoring Network (AURN)
DUP000577,json,uk_air_sos,7477,10526,Toft Newton,210,5130,Toft Newton-Particulate matter less than 2.5 micro m (aerosol),pm25,9.34,2026-02-19 19:00:00+00,0.000,53.374133 -0.449788,,
DUP000578,aurn,aurn_register,,UKA01027,Derby Stockbrook Park,,,,pm25,,,0,52.916059 -1.492166,UKA01027,Automatic Urban and Rural Monitoring Network (AURN); Black Carbon
DUP000578,json,uk_air_sos,7612,9905,Derby Stockbrook Park,407,5141,Derby Stockbrook Park-Particulate matter less than 2.5 micro m (aerosol),pm25,13.491,2026-02-19 19:00:00+00,0.000,52.916059 -1.492166,,
DUP000579,aurn,aurn_register,,UKA01038,Tallington,,,,pm25,,,0,52.656308 -0.381000,UKA01038,Automatic Urban and Rural Monitoring Network (AURN)
DUP000579,json,uk_air_sos,7491,10647,Tallington,226,5159,Tallington-Particulate matter less than 2.5 micro m (aerosol),pm25,7.264,2026-02-19 19:00:00+00,0.000,52.656308 -0.381000,,
DUP000580,aurn,aurn_register,,UKA01048,Nottingham Kenmore Gardens,,,,pm25,,,0,52.959441 -1.138650,UKA01048,Automatic Urban and Rural Monitoring Network (AURN); Non-Automatic Hydrocarbon Network; PAH Digitel (solid phase)
DUP000580,json,uk_air_sos,7480,10545,Nottingham Kenmore Gardens,213,5179,Nottingham Kenmore Gardens-Particulate matter less than 2.5 micro m (aerosol),pm25,13.868,2026-02-19 19:00:00+00,0.000,52.959441 -1.138650,,
DUP000581,aurn,aurn_register,,UKA01049,Blackpool Whitegate Drive,,,,pm25,,,0,53.810975 -3.033232,UKA01049,Automatic Urban and Rural Monitoring Network (AURN)
DUP000581,json,uk_air_sos,7494,10693,Blackpool Whitegate Drive,229,5295,Blackpool Whitegate Drive-Particulate matter less than 2.5 micro m (aerosol),pm25,16.132,2026-02-19 19:00:00+00,0.000,53.810975 -3.033232,,
DUP000582,aurn,aurn_register,,UKA01050,Mansfield Ladybrook,,,,pm25,,,0,53.145302 -1.208302,UKA01050,Automatic Urban and Rural Monitoring Network (AURN)
DUP000582,json,uk_air_sos,7487,10633,Mansfield Ladybrook,222,5235,Mansfield Ladybrook-Particulate matter less than 2.5 micro m (aerosol),pm25,18.302,2026-02-19 18:00:00+00,0.067,53.145302 -1.208301,,
DUP000583,aurn,aurn_register,,UKA01051,Middlewich St Michael's Way,,,,pm25,,,0,53.194019 -2.447951,UKA01051,Automatic Urban and Rural Monitoring Network (AURN)
DUP000583,json,uk_air_sos,7502,10708,Middlewich St Michael's Way,239,5332,Middlewich St Michael's Way-Particulate matter less than 2.5 micro m (aerosol),pm25,14.245,2026-02-19 19:00:00+00,0.000,53.194019 -2.447951,,
DUP000584,aurn,aurn_register,,UKA01052,Peterborough Garton End,,,,pm25,,,0,52.594012 -0.248945,UKA01052,Automatic Urban and Rural Monitoring Network (AURN)
DUP000584,json,uk_air_sos,7488,10635,Peterborough Garton End,223,5252,Peterborough Garton End-Particulate matter less than 2.5 micro m (aerosol),pm25,8.491,2026-02-19 19:00:00+00,0.000,52.594012 -0.248945,,
DUP000585,aurn,aurn_register,,UKA01053,Reading Rose Kiln Lane,,,,pm25,,,0,51.445900 -0.976081,UKA01053,Automatic Urban and Rural Monitoring Network (AURN)
DUP000585,json,uk_air_sos,7506,10715,Reading Rose Kiln Lane,243,5296,Reading Rose Kiln Lane-Particulate matter less than 2.5 micro m (aerosol),pm25,11.887,2026-02-19 19:00:00+00,0.000,51.445900 -0.976081,,
DUP000586,aurn,aurn_register,,UKA01054,Rotherham East Dene,,,,pm25,,,0,53.436248 -1.323872,UKA01054,Automatic Urban and Rural Monitoring Network (AURN)
DUP000586,json,uk_air_sos,7486,10631,Rotherham East Dene,221,5237,Rotherham East Dene-Particulate matter less than 2.5 micro m (aerosol),pm25,21.132,2026-02-19 19:00:00+00,0.066,53.436248 -1.323871,,
DUP000587,aurn,aurn_register,,UKA01055,Shrewsbury Underdale,,,,pm25,,,0,52.715083 -2.726833,UKA01055,Automatic Urban and Rural Monitoring Network (AURN); Black Carbon
DUP000587,json,uk_air_sos,7507,10717,Shrewsbury Underdale,244,5268,Shrewsbury Underdale-Particulate matter less than 2.5 micro m (aerosol),pm25,16.604,2026-02-19 19:00:00+00,0.000,52.715083 -2.726833,,
DUP000588,aurn,aurn_register,,UKA01061,Worthing East Ten Acres,,,,pm25,,,0,50.817286 -0.353272,UKA01061,Automatic Urban and Rural Monitoring Network (AURN)
DUP000588,json,uk_air_sos,7485,10629,Worthing East Ten Acres,220,5210,Worthing East Ten Acres-Particulate matter less than 2.5 micro m (aerosol),pm25,6.132,2026-02-19 18:00:00+00,0.000,50.817286 -0.353272,,
DUP000589,aurn,aurn_register,,UKA01062,Birmingham Hall Green,,,,pm25,,,0,52.437553 -1.830956,UKA01062,Automatic Urban and Rural Monitoring Network (AURN)
DUP000589,json,uk_air_sos,7489,10640,Birmingham Hall Green,224,5233,Birmingham Hall Green-Particulate matter less than 2.5 micro m (aerosol),pm25,15,2026-02-19 19:00:00+00,0.000,52.437553 -1.830956,,
DUP000590,aurn,aurn_register,,UKA01064,Maidstone Upper Stone Street,,,,pm25,,,0,51.268519 0.526348,UKA01064,Automatic Urban and Rural Monitoring Network (AURN)
DUP000590,json,uk_air_sos,7501,10707,Maidstone Upper Stone Street,238,5381,Maidstone Upper Stone Street-Particulate matter less than 2.5 micro m (aerosol),pm25,9.434,2026-02-19 19:00:00+00,0.000,51.268519 0.526348,,
DUP000591,aurn,aurn_register,,UKA01085,Kielder Water,,,,pm25,,,0,55.181580 -2.453170,UKA01085,Automatic Urban and Rural Monitoring Network (AURN)
DUP000591,json,uk_air_sos,7492,10691,Kielder Water,227,5396,Kielder Water-Particulate matter less than 2.5 micro m (aerosol),pm25,10.472,2026-02-19 19:00:00+00,0.000,55.181580 -2.453170,,
DUP000592,aurn,aurn_register,,UKA01090,Bradford Shipley Airedale Road,,,,pm25,,,0,53.795169 -1.743742,UKA01090,Automatic Urban and Rural Monitoring Network (AURN); Black Carbon
DUP000592,json,uk_air_sos,7495,10695,Bradford Shipley Airedale Road,230,5425,Bradford Shipley Airedale Road-Particulate matter less than 2.5 micro m (aerosol),pm25,13.679,2026-02-19 19:00:00+00,0.000,53.795169 -1.743742,,
DUP000593,aurn,aurn_register,,UKA01096,Southend Shoeburyness,,,,pm25,,,0,51.537836 0.792578,UKA01096,Automatic Urban and Rural Monitoring Network (AURN)
DUP000593,json,uk_air_sos,7519,11064,Southend Shoeburyness,261,5488,Southend Shoeburyness-Particulate matter less than 2.5 micro m (aerosol),pm25,7.925,2026-02-19 19:00:00+00,0.000,51.537836 0.792578,,
DUP000594,aurn,aurn_register,,UKA01097,Farnborough Cherrywood,,,,pm25,,,0,51.307583 -0.764982,UKA01097,Automatic Urban and Rural Monitoring Network (AURN)
DUP000594,json,uk_air_sos,7515,11056,Farnborough Cherrywood,257,5484,Farnborough Cherrywood-Particulate matter less than 2.5 micro m (aerosol),pm25,12.076,2026-02-19 19:00:00+00,0.000,51.307583 -0.764982,,
DUP000595,aurn,aurn_register,,UKA01098,Worcester Tolladine,,,,pm25,,,0,52.209364 -2.180563,UKA01098,Automatic Urban and Rural Monitoring Network (AURN)
DUP000595,json,uk_air_sos,7522,11069,Worcester Tolladine,264,5486,Worcester Tolladine-Particulate matter less than 2.5 micro m (aerosol),pm25,16.132,2026-02-19 18:00:00+00,0.000,52.209364 -2.180563,,
DUP000596,aurn,aurn_register,,UKA01099,Tameside A635 Manchester Road,,,,pm25,,,0,53.482437 -2.113912,UKA01099,Automatic Urban and Rural Monitoring Network (AURN)
DUP000596,json,uk_air_sos,7520,11065,Tameside A635 Manchester Road,262,5491,Tameside A635 Manchester Road-Particulate matter less than 2.5 micro m (aerosol),pm25,-99,2026-02-19 19:00:00+00,0.000,53.482437 -2.113912,,
DUP000597,aurn,aurn_register,,UKA01100,London Norbury Manor School,,,,pm25,,,0,51.410040 -0.127480,UKA01100,Automatic Urban and Rural Monitoring Network (AURN)
DUP000597,json,openaq,16787,225824,LAQN Croydon - Norbury Manor,2693,1304814,Croydon - Norbury Manor,pm25,,,2.984,51.410039 -0.127523,,
DUP000597,json,uk_air_sos,7517,11060,London Norbury Manor School,259,5490,London Norbury Manor School-Particulate matter less than 2.5 micro m (aerosol),pm25,5.66,2026-02-19 19:00:00+00,0.000,51.410040 -0.127480,,
DUP000598,aurn,aurn_register,,UKA01101,Cheltenham A40 Gloucester Road,,,,pm25,,,0,51.896592 -2.113747,UKA01101,Automatic Urban and Rural Monitoring Network (AURN)
DUP000598,json,uk_air_sos,7514,11054,Cheltenham A40 Gloucester Road,256,5467,Cheltenham A40 Gloucester Road-Particulate matter less than 2.5 micro m (aerosol),pm25,7.8,2026-02-19 19:00:00+00,0.000,51.896592 -2.113747,,
DUP000599,aurn,aurn_register,,UKA01102,Gloucester Tredworth,,,,pm25,,,0,51.849673 -2.234996,UKA01102,Automatic Urban and Rural Monitoring Network (AURN)
DUP000599,json,uk_air_sos,7516,11058,Gloucester Tredworth,258,5482,Gloucester Tredworth-Particulate matter less than 2.5 micro m (aerosol),pm25,20.66,2026-02-19 19:00:00+00,0.000,51.849673 -2.234996,,
DUP000600,aurn,aurn_register,,UKA01103,Loughborough Thorpe Acre,,,,pm25,,,0,52.780359 -1.227659,UKA01103,Automatic Urban and Rural Monitoring Network (AURN)
DUP000600,json,uk_air_sos,7518,11062,Loughborough Thorpe Acre,260,5520,Loughborough Thorpe Acre-Particulate matter less than 2.5 micro m (aerosol),pm25,9.717,2026-02-19 19:00:00+00,0.000,52.780359 -1.227659,,
DUP000601,aurn,aurn_register,,UKA01104,London Farringdon Street,,,,pm25,,,0,51.514741 -0.104522,UKA01104,Automatic Urban and Rural Monitoring Network (AURN); Non-Automatic Hydrocarbon Network
DUP000601,json,openaq,16722,225743,LAQN City of London - Farringdon Street,2530,1304584,City of London - Farringdon Street,pm25,,,24.022,51.514525 -0.104516,,
DUP000602,aurn,aurn_register,,UKA01107,Wakefield Alverthorpe,,,,pm25,,,0,53.687360 -1.522209,UKA01107,Automatic Urban and Rural Monitoring Network (AURN)
DUP000602,json,uk_air_sos,7521,11067,Wakefield Alverthorpe,263,5554,Wakefield Alverthorpe-Particulate matter less than 2.5 micro m (aerosol),pm25,20.377,2026-02-19 19:00:00+00,0.000,53.687360 -1.522209,,
DUP000603,aurn,aurn_register,,UKA01109,Aylesbury A4157,,,,pm25,,,0,51.822161 -0.793884,UKA01109,Automatic Urban and Rural Monitoring Network (AURN)
DUP000603,json,uk_air_sos,7513,11053,Aylesbury A4157,255,5579,Aylesbury A4157-Particulate matter less than 2.5 micro m (aerosol),pm25,11.132,2026-02-19 19:00:00+00,0.000,51.822161 -0.793884,,
DUP000604,json,uk_air_sos,1463,1000,London Eltham,203,323,London Eltham-Particulate matter less than 2.5 micro m (aerosol),pm25,,,0,51.452580 0.070766,,
DUP000604,json,uk_air_sos,7589,8139,London Eltham,366,2180,London Eltham-Particulate matter less than 2.5 micro m (aerosol),pm25,,,0.000,51.452580 0.070766,,
DUP000605,json,uk_air_sos,1840,785239,Nottingham Centre,,,Nottingham Centre-Volatile PM2.5,pm25,,,0,52.954730 -1.146447,,
DUP000605,json,uk_air_sos,1837,1057,Nottingham Centre,215,379,Nottingham Centre-Particulate matter less than 2.5 micro m (aerosol),pm25,,,0.000,52.954730 -1.146447,,
DUP000605,json,uk_air_sos,7563,7547,Nottingham Centre,333,2236,Nottingham Centre-Particulate matter less than 2.5 micro m (aerosol),pm25,,,0.000,52.954730 -1.146447,,
DUP000605,json,uk_air_sos,1834,785238,Nottingham Centre-Non,,,Nottingham Centre-Non-volatile PM2.5,pm25,,,0.000,52.954730 -1.146447,,
DUP000606,json,uk_air_sos,2047,1115,Sandy Roadside,268,446,Sandy Roadside-Particulate matter less than 2.5 micro m (aerosol),pm25,,,0,52.132417 -0.300306,,
DUP000606,json,uk_air_sos,7551,7498,Sandy Roadside,318,2303,Sandy Roadside-Particulate matter less than 2.5 micro m (aerosol),pm25,,,0.000,52.132417 -0.300306,,
DUP000607,json,openaq,16831,1582067,"AirGradient Oldham Street, Manchester",2817,6971135,"Oldham Street, Manchester",pm25,,,0,53.481618 -2.237010,,
DUP000607,json,openaq,16832,1585676,"AirGradient Oldham Street, Manchester",2819,6977044,"Oldham Street, Manchester",pm25,,,0.000,53.481618 -2.237010,,
DUP000607,json,openaq,16833,1585684,"AirGradient Oldham Street, Manchester",2821,6977036,"Oldham Street, Manchester",pm25,,,0.000,53.481618 -2.237010,,
DUP000607,json,openaq,16835,1745855,"AirGradient Oldham Street, Manchester",2831,7267678,"Oldham Street, Manchester",pm25,,,29.431,53.481851 -2.236799,,
DUP000608,json,openaq,16937,3056381,Clarity Harlesden LP1,3255,10563647,Harlesden LP1,pm25,,,0,51.535540 -0.241060,,
DUP000608,json,openaq,16944,3057948,Clarity Harlesden LP1,3262,10574316,Harlesden LP1,pm25,9.9975,2026-02-19 17:53:54+00,20.766,51.535360 -0.241140,,
DUP000609,json,openaq,16939,3056383,Clarity Harlesden LP2,3257,10563649,Harlesden LP2,pm25,,,0,51.534790 -0.237470,,
DUP000609,json,openaq,16941,3057945,Clarity Harlesden LP2,3259,10574317,Harlesden LP2,pm25,13.045,2026-02-19 17:58:05+00,12.420,51.534690 -0.237550,,
DUP000610,json,breathelondon,7752,CLDP0029,Honor Oak Park - Solar (reference co-location),47833,CLDP0029:IPM25,Honor Oak Park - Solar (reference co-location),pm25,13.143375,2026-02-19 17:00:00+00,0,51.452065 -0.046846,,
DUP000610,json,breathelondon,7753,CLDP0030,Honor Oak Park Mains(reference co-location),47835,CLDP0030:IPM25,Honor Oak Park Mains(reference co-location),pm25,13.60668,2026-02-19 18:00:00+00,0.000,51.452065 -0.046846,,
DUP000611,json,breathelondon,8257,CLDP0549,ICWCE,48051,CLDP0549:IPM25,ICWCE,pm25,17.3651455,2026-02-19 17:00:00+00,0,51.515251 -0.224747,,
DUP000611,json,breathelondon,8253,CLDP0545,ICWCN,48043,CLDP0545:IPM25,ICWCN,pm25,16.7550865714286,2026-02-19 17:00:00+00,0.000,51.515251 -0.224747,,
DUP000611,json,breathelondon,8255,CLDP0547,ICWCS,48047,CLDP0547:IPM25,ICWCS,pm25,18.989996,2026-02-19 18:00:00+00,0.000,51.515251 -0.224747,,
DUP000611,json,breathelondon,8254,CLDP0546,ICWCW,48045,CLDP0546:IPM25,ICWCW,pm25,12.095361,2026-02-19 18:00:00+00,0.000,51.515251 -0.224747,,
DUP000612,json,sensorcommunity,26076,66395,Newbury - Sunley Close,7772,66395:pm2.5,Sensor.Community 66395,pm25,0,2026-02-19 20:06:19+00,0,51.378000 -1.342000,,
DUP000612,json,sensorcommunity,26204,61592,Newbury - Sunley Close,8070,61592:pm2.5,Sensor.Community 61592,pm25,32,2026-02-19 20:05:19+00,0.000,51.378000 -1.342000,,
DUP000613,json,sensorcommunity,26075,66396,Newbury - Sunley Close,7769,66396:pressure,Sensor.Community 66396,pressure,99868.04,2026-02-19 20:06:20+00,0,51.378000 -1.342000,,
DUP000613,json,sensorcommunity,26203,63339,Newbury - Sunley Close,8067,63339:pressure,Sensor.Community 63339,pressure,99725.67,2026-02-19 20:05:20+00,0.000,51.378000 -1.342000,,
DUP000614,json,sensorcommunity,86597,24666,Worsbrough - Manor End,154491,24666:temperature,Sensor.Community 24666,temperature,5.16,2026-02-19 15:27:56+00,0,53.532000 -1.478000,,
DUP000614,json,sensorcommunity,26188,23147,Worsbrough - Manor End,8033,23147:temperature,Sensor.Community 23147,temperature,5.6,2026-02-19 20:04:33+00,0.000,53.532000 -1.478000,,
DUP000615,json,sensorcommunity,26004,44775,Bromley - Ringer's Road,7612,44775:temperature,Sensor.Community 44775,temperature,21.1,2026-02-19 20:06:03+00,0,51.402000 0.016000,,
DUP000615,json,sensorcommunity,26068,24902,Bromley - Ringer's Road,7757,24902:temperature,Sensor.Community 24902,temperature,7.8,2026-02-18 13:32:14+00,0.000,51.402000 0.016000,,
DUP000616,json,sensorcommunity,26017,79226,Portsmouth - Salisbury Road,7640,79226:temperature,Sensor.Community 79226,temperature,10.63,2026-02-19 20:05:59+00,0,50.843061 -1.062211,,
DUP000616,json,sensorcommunity,26137,65685,Portsmouth - Salisbury Road,7914,65685:temperature,Sensor.Community 65685,temperature,8.56,2026-02-19 20:05:59+00,0.000,50.843061 -1.062211,,
DUP000617,json,sensorcommunity,26069,44735,Birmingham - Monkton Road,7759,44735:temperature,Sensor.Community 44735,temperature,2.375,2026-02-19 20:06:15+00,0,52.444000 -1.966000,,
DUP000617,json,sensorcommunity,26091,60642,Birmingham - Monkton Road,7805,60642:temperature,Sensor.Community 60642,temperature,4.75,2026-02-19 20:06:09+00,0.000,52.444000 -1.966000,,
DUP000618,json,sensorcommunity,26087,90836,Troon - Maberry Place,7796,90836:temperature,Sensor.Community 90836,temperature,13.14,2026-02-19 20:03:48+00,0,55.558000 -4.644000,,
DUP000618,json,sensorcommunity,26107,64853,Troon - Maberry Place,7844,64853:temperature,Sensor.Community 64853,temperature,7.47,2026-02-19 20:04:59+00,0.000,55.558000 -4.644000,,
DUP000619,json,sensorcommunity,26229,26911,Abernyte - PH14 9PZ,8126,26911:temperature,Sensor.Community 26911,temperature,3.24,2026-02-19 20:06:56+00,0,56.466675 -3.206366,,
DUP000619,json,sensorcommunity,26231,26627,Abernyte - PH14 9PZ,8131,26627:temperature,Sensor.Community 26627,temperature,3.52,2026-02-19 20:06:56+00,27.770,56.466651 -3.205916,,
DUP000619,json,sensorcommunity,26232,61809,Abernyte - PH14 9PZ,8134,61809:temperature,Sensor.Community 61809,temperature,3.62,2026-02-19 20:06:57+00,23.860,56.466651 -3.205980,,
DUP000620,json,sensorcommunity,26238,53246,Salisbury - Poplar Way,8147,53246:temperature,Sensor.Community 53246,temperature,6.14,2026-02-19 20:04:56+00,0,51.090000 -1.786000,,
DUP000620,json,sensorcommunity,26267,53262,Salisbury - Poplar Way,8215,53262:temperature,Sensor.Community 53262,temperature,10.22,2026-02-19 20:05:36+00,0.000,51.090000 -1.786000,,
